Transaction_ID,Date,Customer_ID,Product,Quantity,Price,Total_Spent,Discount,Payment_Method
6119,2023-08-02 06:00:00,2950,Headphones,1,,738.0899999999999,85.18,PayPal
9932,2024-01-08 03:00:00,2272,Headphones,3,1652.05,4925.71,30.44,Credit Card
9516,2023-12-21 19:00:00,2007,Tablet,1,660.58,643.71,16.87,Cash
8283,2023-10-31 10:00:00,2787,Keyboard,3,1008.84,2957.98,68.54,PayPal
8624,2023-11-14 15:00:00,2281,Mouse,2,1091.05,2154.41,27.69,Debit Card
7030,2023-09-09 05:00:00,2270,Monitor,2,360.71,632.8499999999999,88.57,nan
4330,2023-05-19 17:00:00,2475,Laptop,2,1471.93,2844.67,99.19,Cash
9935,2024-01-08 06:00:00,2556,Monitor,3,1010.23,3012.63,18.06,PayPal
4880,2023-06-11 15:00:00,2682,Mouse,1,937.75,924.3,13.45,Credit Card
4782,2023-06-07 13:00:00,2910,Monitor,3,1845.52,5439.889999999999,96.67,Debit Card
2670,2023-03-11 13:00:00,2728,Keyboard,1,997.39,992.52,4.87,PayPal
3109,2023-03-29 20:00:00,2176,Laptop,1,799.92,723.89,76.03,Credit Card
4038,2023-05-07 13:00:00,2504,Headphones,1,606.01,508.34,97.67,Cash
10626,2024-02-06 01:00:00,2905,Keyboard,3,454.83,1349.19,15.3,PayPal
4541,2023-05-28 12:00:00,2428,Tablet,4,1116.97,4436.46,31.42,Credit Card
9963,2024-01-09 10:00:00,2348,Monitor,4,86.16,341.46999999999997,3.17,PayPal
6390,2023-08-13 13:00:00,2988,Laptop,2,1385.36,2770.41,0.31,Cash
10297,2024-01-23 08:00:00,2346,Mouse,2,1145.56,2287.98,3.14,Cash
2278,2023-02-23 05:00:00,2054,Tablet,4,142.3,552.19,17.01,Cash
4530,2023-05-28 01:00:00,2040,Tablet,1,604.75,556.66,48.09,Credit Card
2881,2023-03-20 08:00:00,2807,Tablet,1,,921.12,85.24,PayPal
10570,2024-02-03 17:00:00,2105,Headphones,1,1279.64,1262.7800000000002,16.86,PayPal
4060,2023-05-08 11:00:00,2894,Keyboard,4,1863.31,7439.74,13.5,Cash
2958,2023-03-23 13:00:00,2160,Tablet,4,1019.81,4022.3999999999996,56.84,Debit Card
2195,2023-02-19 18:00:00,2903,Monitor,4,321.46,1198.96,86.88,Debit Card
5640,2023-07-13 07:00:00,2408,Mouse,4,901.35,3571.77,33.63,Credit Card
7876,2023-10-14 11:00:00,2451,Mouse,4,,797.52,63.56,Debit Card
8236,2023-10-29 11:00:00,2265,Tablet,4,540.73,2084.39,78.53,Credit Card
4185,2023-05-13 16:00:00,2179,Monitor,1,1711.32,1632.58,78.74,Debit Card
4786,2023-06-07 17:00:00,2935,Mouse,2,168.26,287.52,49.0,PayPal
10955,2024-02-19 18:00:00,2339,Headphones,4,21.79,40.279999999999994,46.88,PayPal
3927,2023-05-02 22:00:00,2758,Headphones,2,438.73,818.63,58.83,PayPal
7081,2023-09-11 08:00:00,2878,Tablet,1,1913.66,1879.74,33.92,Debit Card
2524,2023-03-05 11:00:00,2077,Monitor,1,1576.73,,24.23,Cash
7430,2023-09-25 21:00:00,2456,Monitor,1,1410.67,1321.5800000000002,89.09,Debit Card
5000,2023-06-16 15:00:00,2264,Keyboard,1,1683.32,1654.25,29.07,Credit Card
8977,2023-11-29 08:00:00,2334,Monitor,2,877.12,1704.08,50.16,Cash
2069,2023-02-14 12:00:00,2653,Tablet,4,1751.79,6937.29,69.87,Cash
6467,2023-08-16 18:00:00,2528,Laptop,4,625.59,2425.1600000000003,77.2,Credit Card
2579,2023-03-07 18:00:00,2621,Headphones,4,186.2,684.14,60.66,PayPal
5903,2023-07-24 06:00:00,2691,Keyboard,2,1574.0,3061.94,86.06,PayPal
10988,2024-02-21 03:00:00,2497,Tablet,2,1449.16,2865.6000000000004,32.72,nan
9171,2023-12-07 10:00:00,2966,Monitor,1,1599.32,1546.51,52.81,Debit Card
3630,2023-04-20 13:00:00,2311,Keyboard,4,925.52,3634.15,67.93,Cash
6318,2023-08-10 13:00:00,2573,Keyboard,1,1642.39,1618.66,23.73,PayPal
2079,2023-02-14 22:00:00,2456,Monitor,3,808.8,2406.68,19.72,Debit Card
6118,2023-08-02 05:00:00,2334,Keyboard,2,444.33,789.77,98.89,Debit Card
1711,2023-01-30 14:00:00,2115,Laptop,1,845.6,820.0,25.6,Debit Card
5140,2023-06-22 11:00:00,2965,Monitor,4,425.27,1660.73,40.35,Cash
3110,2023-03-29 21:00:00,2829,Laptop,4,1051.58,4194.5,11.82,Debit Card
10925,2024-02-18 12:00:00,2254,Headphones,4,1329.94,5223.900000000001,95.86,PayPal
1544,2023-01-23 15:00:00,2108,Headphones,3,678.88,1940.58,96.06,PayPal
1036,2023-01-02 11:00:00,2357,Monitor,4,741.8,2964.21,2.99,Credit Card
9920,2024-01-07 15:00:00,2744,Monitor,2,597.72,1111.3400000000001,84.1,Debit Card
10199,2024-01-19 06:00:00,2366,Keyboard,2,1883.32,3742.56,24.08,Credit Card
7640,2023-10-04 15:00:00,2964,Mouse,3,1441.47,4259.23,65.18,Debit Card
9077,2023-12-03 12:00:00,2408,Mouse,2,84.59,123.14000000000001,46.04,Debit Card
3458,2023-04-13 09:00:00,2074,Laptop,3,1481.69,4421.9,23.17,Debit Card
2374,2023-02-27 05:00:00,2132,Tablet,4,1473.31,5867.49,25.75,Cash
1034,2023-01-02 09:00:00,2354,Tablet,2,1838.87,3645.91,31.83,Debit Card
1319,2023-01-14 06:00:00,2759,Monitor,1,32.58,-58.46000000000001,91.04,Credit Card
6004,2023-07-28 11:00:00,2699,Monitor,4,1403.14,5600.06,12.5,Cash
5920,2023-07-24 23:00:00,2266,Headphones,4,482.64,1888.6599999999999,41.9,Credit Card
8727,2023-11-18 22:00:00,2828,Mouse,2,377.28,676.2299999999999,78.33,PayPal
3681,2023-04-22 16:00:00,2760,Keyboard,1,886.61,825.08,61.53,Cash
5922,2023-07-25 01:00:00,2168,Laptop,3,1950.16,5838.01,12.47,PayPal
3068,2023-03-28 03:00:00,2412,Keyboard,2,29.52,-27.990000000000002,87.03,Credit Card
4101,2023-05-10 04:00:00,2021,Laptop,4,664.26,2652.97,4.07,PayPal
4835,2023-06-09 18:00:00,2737,Mouse,1,1619.96,1576.5,43.46,Credit Card
6787,2023-08-30 02:00:00,2047,Monitor,3,1870.05,5529.87,80.28,PayPal
8919,2023-11-26 22:00:00,2637,Headphones,1,717.48,712.5,4.98,Cash
10346,2024-01-25 09:00:00,2051,Laptop,1,127.4,33.64,93.76,Credit Card
10894,2024-02-17 05:00:00,2427,Keyboard,1,1895.0,1827.38,67.62,Debit Card
6639,2023-08-23 22:00:00,2718,Tablet,2,792.64,1566.12,19.16,PayPal
6994,2023-09-07 17:00:00,2901,Tablet,3,1576.58,4705.139999999999,24.6,PayPal
1425,2023-01-18 16:00:00,2083,Monitor,1,400.76,345.63,55.13,PayPal
9741,2023-12-31 04:00:00,2120,Keyboard,2,1228.12,2369.93,86.31,Cash
3593,2023-04-19 00:00:00,2353,Tablet,2,1611.23,3130.48,91.98,Credit Card
6959,2023-09-06 06:00:00,2281,Keyboard,2,1842.12,3589.6099999999997,94.63,Debit Card
7330,2023-09-21 17:00:00,2007,Keyboard,4,85.62,272.6,69.88,PayPal
9656,2023-12-27 15:00:00,2394,Monitor,1,1462.33,1396.4099999999999,65.92,Debit Card
4795,2023-06-08 02:00:00,2928,Mouse,4,1557.97,6176.71,55.17,Cash
5930,2023-07-25 09:00:00,2450,Headphones,3,1758.46,5194.01,81.37,Cash
7396,2023-09-24 11:00:00,2225,Mouse,4,626.52,2431.19,74.89,Cash
2684,2023-03-12 03:00:00,2969,Headphones,1,492.84,427.04999999999995,65.79,Credit Card
3877,2023-04-30 20:00:00,2537,Laptop,2,177.48,308.0,46.96,Credit Card
9919,2024-01-07 14:00:00,2120,Mouse,3,440.93,1243.54,79.25,Credit Card
6573,2023-08-21 04:00:00,2400,Keyboard,2,189.78,334.12,45.44,Cash
1347,2023-01-15 10:00:00,2669,Mouse,4,126.74,461.63,45.33,Debit Card
4449,2023-05-24 16:00:00,2497,Keyboard,1,1232.2,1188.3700000000001,43.83,PayPal
6012,2023-07-28 19:00:00,2191,Laptop,1,911.73,893.25,18.48,Credit Card
10013,2024-01-11 12:00:00,2800,Monitor,4,728.88,2873.11,42.41,Credit Card
6225,2023-08-06 16:00:00,2013,Tablet,4,207.62,827.49,2.99,Cash
4913,2023-06-13 00:00:00,2807,Mouse,2,1461.11,,65.25,PayPal
9710,2023-12-29 21:00:00,2466,Headphones,1,,600.3000000000001,62.29,PayPal
5632,2023-07-12 23:00:00,2221,Monitor,3,252.79,694.6,63.77,Debit Card
9275,2023-12-11 18:00:00,2759,Laptop,1,983.94,939.22,44.72,Debit Card
2651,2023-03-10 18:00:00,2825,Monitor,4,1952.49,7723.42,86.54,Credit Card
10119,2024-01-15 22:00:00,2438,Tablet,4,1097.59,4375.79,14.57,Cash
5697,2023-07-15 16:00:00,2197,Keyboard,4,1458.23,5803.82,29.1,Cash
1470,2023-01-20 13:00:00,2467,Mouse,3,1935.15,5733.43,72.02,Credit Card
10879,2024-02-16 14:00:00,2044,Keyboard,3,714.19,2069.59,72.98,Debit Card
9234,2023-12-10 01:00:00,2788,Laptop,1,38.09,31.800000000000004,6.29,Credit Card
1968,2023-02-10 07:00:00,2691,Keyboard,1,1637.37,1547.8899999999999,89.48,Credit Card
7197,2023-09-16 04:00:00,2417,Keyboard,4,892.32,3499.42,69.86,Credit Card
2331,2023-02-25 10:00:00,2771,Monitor,3,557.74,1610.29,62.93,nan
1451,2023-01-19 18:00:00,2676,Laptop,4,1322.18,5203.93,84.79,Cash
9941,2024-01-08 12:00:00,2410,Laptop,3,1192.0,3572.07,3.93,Credit Card
9676,2023-12-28 11:00:00,2563,Headphones,4,354.85,1398.5600000000002,20.84,Debit Card
5793,2023-07-19 16:00:00,2820,Tablet,2,963.58,1862.5800000000002,64.58,Debit Card
9759,2023-12-31 22:00:00,2453,Laptop,3,771.1,2238.96,74.34,Debit Card
5748,2023-07-17 19:00:00,2164,Laptop,3,1799.85,5348.5199999999995,51.03,Cash
1563,2023-01-24 10:00:00,2206,Laptop,2,1526.7,2959.12,94.28,Cash
4669,2023-06-02 20:00:00,2126,Keyboard,2,1228.88,2412.8700000000003,44.89,PayPal
1136,2023-01-06 15:00:00,2746,Laptop,3,,2617.0699999999997,52.57,Credit Card
4686,2023-06-03 13:00:00,2741,Laptop,4,1780.18,7088.26,32.46,Credit Card
3190,2023-04-02 05:00:00,2906,Laptop,3,,4244.28,21.39,Credit Card
6280,2023-08-08 23:00:00,2322,Monitor,1,846.99,803.21,43.78,Debit Card
1971,2023-02-10 10:00:00,2443,Monitor,4,831.64,3239.22,87.34,Credit Card
9820,2024-01-03 11:00:00,2448,Headphones,4,551.61,2139.79,66.65,Debit Card
4708,2023-06-04 11:00:00,2893,Mouse,2,958.91,1902.3799999999999,15.44,Cash
3956,2023-05-04 03:00:00,2069,Monitor,4,1494.86,5883.0599999999995,96.38,Credit Card
5000,2023-06-16 15:00:00,2264,Keyboard,1,1683.32,1654.25,29.07,Credit Card
4313,2023-05-19 00:00:00,2127,Mouse,4,388.54,1455.65,98.51,PayPal
5846,2023-07-21 21:00:00,2302,Monitor,4,1242.52,4882.37,87.71,Debit Card
7428,2023-09-25 19:00:00,2044,Headphones,1,182.04,122.28,59.76,Credit Card
1040,2023-01-02 15:00:00,2073,Laptop,3,1407.22,4194.29,27.37,Debit Card
3590,2023-04-18 21:00:00,2376,Mouse,1,258.87,249.3,9.57,Debit Card
3184,2023-04-01 23:00:00,2346,Headphones,3,1936.36,5715.37,93.71,Credit Card
5451,2023-07-05 10:00:00,2165,Keyboard,1,95.38,40.559999999999995,54.82,PayPal
3819,2023-04-28 10:00:00,2338,Keyboard,2,681.91,1359.8899999999999,3.93,Debit Card
1714,2023-01-30 17:00:00,2912,Monitor,4,836.49,3294.68,51.28,Credit Card
9378,2023-12-16 01:00:00,2140,Headphones,1,1615.3,1586.97,28.33,Cash
8501,2023-11-09 12:00:00,2289,Mouse,3,339.89,939.74,79.93,Debit Card
3471,2023-04-13 22:00:00,2884,Headphones,4,1355.23,5378.47,42.45,Credit Card
9073,2023-12-03 08:00:00,2681,Keyboard,3,1558.36,4596.79,78.29,PayPal
5195,2023-06-24 18:00:00,2550,Laptop,4,971.16,3865.7799999999997,18.86,PayPal
6799,2023-08-30 14:00:00,2831,Tablet,3,575.06,1708.4199999999998,16.76,Credit Card
9911,2024-01-07 06:00:00,2198,Tablet,4,1840.32,7312.3,48.98,Debit Card
10555,2024-02-03 02:00:00,2683,Mouse,3,1264.26,3709.7099999999996,83.07,Credit Card
8969,2023-11-29 00:00:00,2679,Keyboard,3,949.67,2805.16,43.85,PayPal
4777,2023-06-07 08:00:00,2822,Keyboard,3,211.85,588.68,46.87,Credit Card
7262,2023-09-18 21:00:00,2149,Keyboard,4,1755.6,6990.2699999999995,32.13,Cash
8404,2023-11-05 11:00:00,2020,Laptop,2,1842.07,3620.7,63.44,Cash
6770,2023-08-29 09:00:00,2750,Mouse,1,1943.32,1892.5,50.82,Debit Card
8939,2023-11-27 18:00:00,2719,Laptop,3,560.3,1594.4899999999998,86.41,Credit Card
6517,2023-08-18 20:00:00,2067,Tablet,1,1263.61,1194.04,69.57,Debit Card
7548,2023-09-30 19:00:00,2473,Mouse,1,1909.28,1888.5,20.78,PayPal
1566,2023-01-24 13:00:00,2596,Monitor,4,195.12,,85.2,PayPal
2871,2023-03-19 22:00:00,2430,Tablet,1,890.28,815.46,74.82,Cash
7898,2023-10-15 09:00:00,2744,Monitor,4,1404.84,5582.929999999999,36.43,Cash
5814,2023-07-20 13:00:00,2852,Keyboard,3,1434.35,4224.349999999999,78.7,Credit Card
6958,2023-09-06 05:00:00,2335,Tablet,2,905.08,,85.53,Debit Card
6732,2023-08-27 19:00:00,2340,Keyboard,1,1997.67,1906.96,90.71,PayPal
8786,2023-11-21 09:00:00,2629,Monitor,2,1675.51,3327.02,24.0,Debit Card
1304,2023-01-13 15:00:00,2418,Tablet,2,1707.75,3405.9,9.6,Cash
3961,2023-05-04 08:00:00,2869,Keyboard,4,,2932.5099999999998,64.01,PayPal
4910,2023-06-12 21:00:00,2176,Headphones,1,533.76,516.84,16.92,Debit Card
4465,2023-05-25 08:00:00,2304,Monitor,2,1222.17,2398.2200000000003,46.12,PayPal
1312,2023-01-13 23:00:00,2844,Mouse,4,1362.27,5438.63,10.45,Credit Card
9576,2023-12-24 07:00:00,2612,Mouse,3,1568.18,4692.84,11.7,PayPal
4678,2023-06-03 05:00:00,2472,Laptop,2,1116.72,2198.79,34.65,PayPal
7662,2023-10-05 13:00:00,2329,Headphones,4,1171.83,4607.23,80.09,Debit Card
5221,2023-06-25 20:00:00,2852,Keyboard,3,771.28,2280.1800000000003,33.66,Debit Card
6454,2023-08-16 05:00:00,2226,Tablet,4,1203.23,4796.0,16.92,Credit Card
2731,2023-03-14 02:00:00,2959,Mouse,1,1492.58,1469.73,22.85,Credit Card
3128,2023-03-30 15:00:00,2131,Headphones,1,222.05,209.62,12.43,Credit Card
3393,2023-04-10 16:00:00,2657,Monitor,4,1901.56,7601.32,4.92,Debit Card
3376,2023-04-09 23:00:00,2468,Keyboard,4,801.22,3129.6400000000003,75.24,Debit Card
9833,2024-01-04 00:00:00,2661,Headphones,2,1098.87,2161.99,35.75,Debit Card
7320,2023-09-21 07:00:00,2401,Mouse,4,954.35,3758.76,58.64,PayPal
8743,2023-11-19 14:00:00,2689,Keyboard,3,1315.58,3860.6499999999996,86.09,PayPal
6816,2023-08-31 07:00:00,2400,Keyboard,2,235.44,435.64,35.24,Credit Card
5383,2023-07-02 14:00:00,2623,Keyboard,2,829.14,1589.36,68.92,Debit Card
6199,2023-08-05 14:00:00,2567,Tablet,4,589.53,2318.79,39.33,Cash
6134,2023-08-02 21:00:00,2339,Monitor,2,525.14,1012.25,38.03,Cash
3871,2023-04-30 14:00:00,2198,Laptop,1,120.49,101.92999999999999,18.56,Cash
6932,2023-09-05 03:00:00,2621,Laptop,3,756.17,2198.8399999999997,69.67,Cash
9835,2024-01-04 02:00:00,2196,Mouse,2,1930.92,3854.7000000000003,7.14,Credit Card
9655,2023-12-27 14:00:00,2100,Keyboard,1,1343.64,1312.7800000000002,30.86,Cash
5897,2023-07-24 00:00:00,2436,Keyboard,3,946.92,2790.1499999999996,50.61,PayPal
6492,2023-08-17 19:00:00,2571,Laptop,3,480.49,1437.15,4.32,Credit Card
1004,2023-01-01 03:00:00,2272,Mouse,1,1416.4,1343.94,72.46,Cash
10267,2024-01-22 02:00:00,2326,Headphones,2,781.19,1479.5900000000001,82.79,Cash
3459,2023-04-13 10:00:00,2625,Keyboard,3,1702.95,5046.280000000001,62.57,Debit Card
2286,2023-02-23 13:00:00,2045,Headphones,3,1649.51,4902.83,45.7,Debit Card
9099,2023-12-04 10:00:00,2589,Mouse,3,1378.39,4122.97,12.2,PayPal
10138,2024-01-16 17:00:00,2785,Tablet,1,1153.08,1151.4299999999998,1.65,Credit Card
7267,2023-09-19 02:00:00,2326,Keyboard,1,442.56,413.65,28.91,Credit Card
6468,2023-08-16 19:00:00,2873,Monitor,3,1877.66,5574.02,58.96,Cash
2685,2023-03-12 04:00:00,2955,Mouse,4,1950.64,7775.06,27.5,Credit Card
8411,2023-11-05 18:00:00,2425,Monitor,4,1222.61,,79.3,Credit Card
6206,2023-08-05 21:00:00,2245,Keyboard,3,1555.56,4585.450000000001,81.23,Credit Card
3983,2023-05-05 06:00:00,2632,Tablet,1,1777.35,1686.6699999999998,90.68,Credit Card
4413,2023-05-23 04:00:00,2163,Laptop,3,1117.49,,33.97,Cash
2085,2023-02-15 04:00:00,2935,Mouse,3,1634.48,4891.990000000001,11.45,Debit Card
8689,2023-11-17 08:00:00,2790,Tablet,2,243.16,482.75,3.57,Cash
4149,2023-05-12 04:00:00,2481,Mouse,2,329.03,562.04,96.02,nan
1938,2023-02-09 01:00:00,2606,Laptop,1,955.15,903.54,51.61,PayPal
2040,2023-02-13 07:00:00,2116,Mouse,4,1343.71,5316.3,58.54,Credit Card
4596,2023-05-30 19:00:00,2859,Tablet,2,1648.38,3262.78,33.98,PayPal
2892,2023-03-20 19:00:00,2872,Laptop,2,287.97,492.15000000000003,83.79,Credit Card
9508,2023-12-21 11:00:00,2275,Tablet,1,295.93,272.59000000000003,23.34,Cash
9181,2023-12-07 20:00:00,2795,Headphones,4,192.22,699.48,69.4,Debit Card
3168,2023-04-01 07:00:00,2067,Keyboard,4,829.37,3243.56,73.92,Debit Card
9167,2023-12-07 06:00:00,2102,Monitor,3,576.45,1657.18,72.17,Debit Card
10347,2024-01-25 10:00:00,2630,Laptop,4,907.23,3566.34,62.58,Debit Card
6850,2023-09-01 17:00:00,2903,Tablet,1,1733.36,1636.83,96.53,Cash
7174,2023-09-15 05:00:00,2118,Tablet,1,1600.97,1534.66,66.31,Cash
10197,2024-01-19 04:00:00,2251,Laptop,4,,3077.0,45.28,Credit Card
1440,2023-01-19 07:00:00,2727,Mouse,1,1556.6,1460.06,96.54,Cash
9672,2023-12-28 07:00:00,2864,Monitor,3,1560.47,4637.5199999999995,43.89,Credit Card
9383,2023-12-16 06:00:00,2781,Headphones,3,1679.35,4979.709999999999,58.34,Credit Card
8356,2023-11-03 11:00:00,2477,Mouse,2,1561.33,3121.39,1.27,Cash
2473,2023-03-03 08:00:00,2368,Monitor,4,1093.42,4367.54,6.14,Debit Card
9878,2024-01-05 21:00:00,2796,Monitor,1,642.91,624.4699999999999,18.44,Debit Card
4871,2023-06-11 06:00:00,2081,Laptop,4,,2398.7799999999997,80.9,Credit Card
7426,2023-09-25 17:00:00,2785,Keyboard,2,1896.03,3766.66,25.4,Debit Card
8481,2023-11-08 16:00:00,2979,Laptop,1,1400.58,1383.82,16.76,Debit Card
3233,2023-04-04 00:00:00,2682,Laptop,1,55.5,-15.0,70.5,Cash
1252,2023-01-11 11:00:00,2280,Headphones,1,1635.17,1557.3500000000001,77.82,PayPal
7131,2023-09-13 10:00:00,2881,Mouse,1,1720.69,1715.91,4.78,Credit Card
10142,2024-01-16 21:00:00,2199,Tablet,1,1852.2,1830.47,21.73,Cash
2514,2023-03-05 01:00:00,2108,Mouse,1,1399.94,1347.18,52.76,Debit Card
4210,2023-05-14 17:00:00,2357,Keyboard,1,744.62,653.8,90.82,Debit Card
8261,2023-10-30 12:00:00,2370,Laptop,4,1746.13,6968.43,16.09,Debit Card
3349,2023-04-08 20:00:00,2561,Mouse,2,184.04,352.28,15.8,Cash
7432,2023-09-25 23:00:00,2875,Monitor,1,118.73,27.799999999999997,90.93,Credit Card
7350,2023-09-22 13:00:00,2260,Laptop,3,1744.12,5226.11,6.25,Cash
6051,2023-07-30 10:00:00,2210,Monitor,3,233.64,657.43,43.49,Debit Card
5852,2023-07-22 03:00:00,2763,Monitor,2,1523.45,3009.4900000000002,37.41,Cash
7591,2023-10-02 14:00:00,2453,Keyboard,1,1069.58,1017.65,51.93,Cash
2298,2023-02-24 01:00:00,2419,Tablet,3,270.69,727.9599999999999,84.11,PayPal
9981,2024-01-10 04:00:00,2967,Headphones,4,426.97,1704.96,2.92,Cash
6699,2023-08-26 10:00:00,2675,Laptop,3,1336.68,3928.92,81.12,Cash
6736,2023-08-27 23:00:00,2430,Laptop,1,1402.8,1312.35,90.45,Cash
2113,2023-02-16 08:00:00,2222,Laptop,2,1028.37,2016.5999999999997,40.14,Credit Card
10937,2024-02-19 00:00:00,2870,Headphones,4,1308.13,5168.42,64.1,Debit Card
3013,2023-03-25 20:00:00,2944,Mouse,3,309.09,911.25,16.02,PayPal
8873,2023-11-25 00:00:00,2649,Monitor,3,585.62,1690.6200000000001,66.24,PayPal
8362,2023-11-03 17:00:00,2532,Headphones,4,1060.48,4230.36,11.56,Cash
2796,2023-03-16 19:00:00,2622,Mouse,4,781.86,3070.7000000000003,56.74,Cash
4956,2023-06-14 19:00:00,2901,Monitor,3,1851.2,5491.85,61.75,Credit Card
2146,2023-02-17 17:00:00,2754,Laptop,1,1564.95,1485.27,79.68,Credit Card
3336,2023-04-08 07:00:00,2703,Headphones,4,847.22,3299.62,89.26,PayPal
7153,2023-09-14 08:00:00,2712,Laptop,2,305.9,559.8199999999999,51.98,Debit Card
9352,2023-12-14 23:00:00,2324,Monitor,4,1561.84,6153.5,93.86,Debit Card
4446,2023-05-24 13:00:00,2588,Monitor,3,1268.03,3777.8,26.29,Credit Card
1677,2023-01-29 04:00:00,2448,Monitor,3,1312.02,3896.94,39.12,Debit Card
6172,2023-08-04 11:00:00,2830,Mouse,4,1118.25,4424.69,48.31,PayPal
1800,2023-02-03 07:00:00,2807,Mouse,2,1645.54,3243.18,47.9,Debit Card
7583,2023-10-02 06:00:00,2949,Laptop,2,1260.81,2460.2,61.42,Cash
4351,2023-05-20 14:00:00,2731,Tablet,2,463.13,909.99,16.27,Debit Card
5476,2023-07-06 11:00:00,2454,Headphones,4,1477.2,5872.02,36.78,PayPal
6222,2023-08-06 13:00:00,2168,Laptop,3,1215.06,3597.79,47.39,Debit Card
5506,2023-07-07 17:00:00,2716,Tablet,3,1576.38,4630.150000000001,98.99,Cash
10374,2024-01-26 13:00:00,2267,Tablet,3,1465.72,4312.599999999999,84.56,Credit Card
8282,2023-10-31 09:00:00,2053,Mouse,3,1521.11,4493.98,69.35,Debit Card
10007,2024-01-11 06:00:00,2331,Mouse,3,1894.47,5609.67,73.74,Debit Card
5727,2023-07-16 22:00:00,2530,Headphones,4,1067.77,4261.96,9.12,Credit Card
6235,2023-08-07 02:00:00,2773,Headphones,2,367.53,726.06,9.0,PayPal
1669,2023-01-28 20:00:00,2905,Tablet,4,1440.12,5715.58,44.9,Debit Card
9241,2023-12-10 08:00:00,2097,Laptop,4,184.91,692.0699999999999,47.57,Credit Card
4474,2023-05-25 17:00:00,2835,Tablet,4,75.44,291.18,10.58,PayPal
6703,2023-08-26 14:00:00,2085,Tablet,4,742.81,2906.9199999999996,64.32,PayPal
10775,2024-02-12 06:00:00,2905,Tablet,3,1683.78,5041.89,9.45,PayPal
5123,2023-06-21 18:00:00,2390,Mouse,2,1770.01,3464.86,75.16,PayPal
5478,2023-07-06 13:00:00,2189,Headphones,4,1342.67,5339.37,31.31,Cash
1097,2023-01-05 00:00:00,2563,Keyboard,2,829.47,1610.45,48.49,Debit Card
10307,2024-01-23 18:00:00,2430,Headphones,1,596.17,537.14,59.03,Cash
4033,2023-05-07 08:00:00,2757,Tablet,2,213.21,422.91,3.51,PayPal
2786,2023-03-16 09:00:00,2578,Headphones,4,1288.23,,29.82,Debit Card
8820,2023-11-22 19:00:00,2444,Laptop,2,1496.01,2989.91,2.11,Cash
7356,2023-09-22 19:00:00,2045,Laptop,2,435.41,815.98,54.84,Cash
1593,2023-01-25 16:00:00,2052,Laptop,3,,3381.9500000000003,21.94,Debit Card
2209,2023-02-20 08:00:00,2562,Headphones,1,47.56,14.969999999999999,32.59,Cash
1120,2023-01-05 23:00:00,2238,Tablet,2,45.14,27.660000000000004,62.62,Cash
7097,2023-09-12 00:00:00,2537,Laptop,1,1392.98,1386.05,6.93,Credit Card
5902,2023-07-24 05:00:00,2805,Monitor,4,499.8,1962.6200000000001,36.58,Debit Card
9789,2024-01-02 04:00:00,2944,Tablet,3,714.7,2076.5600000000004,67.54,PayPal
4289,2023-05-18 00:00:00,2002,Keyboard,2,1198.6,2322.56,74.64,Cash
6341,2023-08-11 12:00:00,2440,Laptop,1,1393.68,1386.53,7.15,Cash
4911,2023-06-12 22:00:00,2190,Keyboard,1,155.42,96.29999999999998,59.12,Credit Card
7495,2023-09-28 14:00:00,2861,Tablet,2,708.97,1362.99,54.95,PayPal
4025,2023-05-07 00:00:00,2816,Mouse,4,689.27,2669.65,87.43,nan
8717,2023-11-18 12:00:00,2982,Tablet,4,1542.26,6161.63,7.41,Credit Card
2394,2023-02-28 01:00:00,2144,Tablet,2,544.93,1056.84,33.02,Cash
8999,2023-11-30 06:00:00,2903,Monitor,4,1551.54,6186.13,20.03,Credit Card
1959,2023-02-09 22:00:00,2010,Tablet,4,1716.47,6808.93,56.95,Credit Card
8743,2023-11-19 14:00:00,2689,Keyboard,3,1315.58,3860.6499999999996,86.09,PayPal
6945,2023-09-05 16:00:00,2551,Headphones,3,,2020.84,23.06,Credit Card
7798,2023-10-11 05:00:00,2848,Laptop,2,192.53,378.25,6.81,PayPal
5253,2023-06-27 04:00:00,2561,Keyboard,3,1320.21,3888.38,72.25,Credit Card
10560,2024-02-03 07:00:00,2278,Keyboard,1,444.85,380.19000000000005,64.66,Cash
3516,2023-04-15 19:00:00,2400,Mouse,3,25.06,39.699999999999996,35.48,PayPal
8154,2023-10-26 01:00:00,2299,Headphones,3,265.66,764.1,32.88,PayPal
4860,2023-06-10 19:00:00,2706,Headphones,3,993.35,2963.7200000000003,16.33,Cash
10884,2024-02-16 19:00:00,2459,Laptop,1,317.42,226.66000000000003,90.76,PayPal
8803,2023-11-22 02:00:00,2606,Mouse,3,649.59,1944.98,3.79,Debit Card
6427,2023-08-15 02:00:00,2298,Headphones,2,1017.53,1972.05,63.01,Cash
10508,2024-02-01 03:00:00,2472,Monitor,4,1299.98,5188.96,10.96,PayPal
9687,2023-12-28 22:00:00,2147,Tablet,4,1688.23,6697.8,55.12,Debit Card
8133,2023-10-25 04:00:00,2901,Tablet,1,1380.88,1339.3000000000002,41.58,Debit Card
10315,2024-01-24 02:00:00,2109,Headphones,2,1537.13,2992.96,81.3,PayPal
10031,2024-01-12 06:00:00,2650,Headphones,2,1127.39,2172.26,82.52,Debit Card
1569,2023-01-24 16:00:00,2158,Laptop,2,1250.18,2440.5,59.86,Credit Card
2161,2023-02-18 08:00:00,2266,Laptop,4,35.69,121.17999999999999,21.58,PayPal
7559,2023-10-01 06:00:00,2758,Laptop,4,937.78,3652.66,98.46,Debit Card
8350,2023-11-03 05:00:00,2320,Keyboard,3,1113.53,3311.1200000000003,29.47,Credit Card
8304,2023-11-01 07:00:00,2614,Mouse,1,1736.37,1728.77,7.6,Credit Card
1519,2023-01-22 14:00:00,2358,Keyboard,4,631.34,2506.75,18.61,PayPal
8508,2023-11-09 19:00:00,2781,Mouse,2,,1548.44,32.08,PayPal
3997,2023-05-05 20:00:00,2139,Headphones,3,439.51,1310.8799999999999,7.65,Debit Card
10052,2024-01-13 03:00:00,2043,Monitor,4,1400.7,5575.34,27.46,Cash
10653,2024-02-07 04:00:00,2639,Laptop,3,1298.27,3861.7999999999997,33.01,Credit Card
6273,2023-08-08 16:00:00,2445,Mouse,2,381.78,742.26,21.3,Cash
5282,2023-06-28 09:00:00,2966,Tablet,2,608.65,1201.47,15.83,Credit Card
7023,2023-09-08 22:00:00,2013,Headphones,3,434.16,1261.08,41.4,Credit Card
8489,2023-11-09 00:00:00,2396,Laptop,3,1401.66,4173.530000000001,31.45,PayPal
2499,2023-03-04 10:00:00,2523,Mouse,2,944.01,1805.36,82.66,Credit Card
10001,2024-01-11 00:00:00,2954,Tablet,1,846.05,777.9599999999999,68.09,Cash
9701,2023-12-29 12:00:00,2280,Headphones,1,1407.83,1316.75,91.08,Debit Card
4001,2023-05-06 00:00:00,2133,Headphones,3,1120.55,3347.8599999999997,13.79,PayPal
7759,2023-10-09 14:00:00,2945,Tablet,1,76.12,-10.030000000000001,86.15,Debit Card
7744,2023-10-08 23:00:00,2962,Mouse,1,1812.22,1727.88,84.34,Cash
6665,2023-08-25 00:00:00,2519,Laptop,3,255.02,721.35,43.71,Credit Card
9112,2023-12-04 23:00:00,2981,Keyboard,2,1747.65,3476.1000000000004,19.2,Credit Card
1484,2023-01-21 03:00:00,2286,Headphones,3,1141.85,3351.95,73.6,Debit Card
3615,2023-04-19 22:00:00,2054,Monitor,4,455.37,1795.78,25.7,Debit Card
7146,2023-09-14 01:00:00,2477,Laptop,1,887.7,848.3900000000001,39.31,Credit Card
6728,2023-08-27 15:00:00,2189,Tablet,4,1491.63,5954.9800000000005,11.54,Debit Card
6748,2023-08-28 11:00:00,2449,Headphones,2,1335.92,2652.25,19.59,PayPal
2122,2023-02-16 17:00:00,2495,Tablet,1,1943.48,1847.89,95.59,Debit Card
5626,2023-07-12 17:00:00,2068,Keyboard,4,1413.74,5559.6,95.36,Cash
8162,2023-10-26 09:00:00,2929,Headphones,1,1997.02,,10.37,PayPal
6260,2023-08-08 03:00:00,2795,Headphones,1,831.66,738.89,92.77,Debit Card
9389,2023-12-16 12:00:00,2435,Mouse,1,1366.97,1308.15,58.82,nan
6854,2023-09-01 21:00:00,2013,Keyboard,2,1362.91,2709.04,16.78,Credit Card
9093,2023-12-04 04:00:00,2011,Headphones,2,,3651.02,63.4,PayPal
9577,2023-12-24 08:00:00,2573,Laptop,3,1099.67,3205.11,93.9,Debit Card
10229,2024-01-20 12:00:00,2037,Monitor,4,143.18,572.6800000000001,0.04,Credit Card
9910,2024-01-07 05:00:00,2377,Tablet,1,130.33,100.20000000000002,30.13,PayPal
2808,2023-03-17 07:00:00,2595,Headphones,4,1082.46,4281.21,48.63,nan
7524,2023-09-29 19:00:00,2927,Mouse,3,557.29,1587.25,84.62,Cash
8662,2023-11-16 05:00:00,2624,Tablet,4,367.14,1451.27,17.29,Debit Card
1108,2023-01-05 11:00:00,2669,Monitor,3,880.08,2583.5000000000005,56.74,Credit Card
1674,2023-01-29 01:00:00,2231,Tablet,2,1210.44,2350.82,70.06,PayPal
2748,2023-03-14 19:00:00,2755,Keyboard,4,1141.27,4563.85,1.23,Debit Card
9424,2023-12-17 23:00:00,2751,Laptop,4,892.11,,59.38,PayPal
1501,2023-01-21 20:00:00,2902,Tablet,1,904.55,841.2199999999999,63.33,Debit Card
9250,2023-12-10 17:00:00,2047,Laptop,2,688.31,1368.1399999999999,8.48,Cash
1795,2023-02-03 02:00:00,2501,Keyboard,1,967.02,881.49,85.53,PayPal
1796,2023-02-03 03:00:00,2338,Mouse,3,145.07,418.29999999999995,16.91,Credit Card
4111,2023-05-10 14:00:00,2033,Laptop,4,208.49,754.12,79.84,PayPal
7370,2023-09-23 09:00:00,2436,Headphones,4,354.56,1385.21,33.03,PayPal
6604,2023-08-22 11:00:00,2297,Mouse,1,129.62,46.05000000000001,83.57,Debit Card
1884,2023-02-06 19:00:00,2253,Tablet,1,1074.64,1018.5400000000001,56.1,PayPal
8597,2023-11-13 12:00:00,2714,Headphones,1,1722.28,1705.84,16.44,PayPal
4296,2023-05-18 07:00:00,2262,Keyboard,2,286.02,537.04,35.0,Debit Card
9960,2024-01-09 07:00:00,2914,Tablet,1,1873.96,1863.08,10.88,Cash
5005,2023-06-16 20:00:00,2787,Tablet,3,736.27,2175.64,33.17,Cash
1762,2023-02-01 17:00:00,2111,Keyboard,3,1854.57,5530.54,33.17,Cash
4016,2023-05-06 15:00:00,2796,Mouse,2,1703.09,3385.46,20.72,Credit Card
4211,2023-05-14 18:00:00,2528,Keyboard,3,1994.6,5929.079999999999,54.72,Credit Card
4571,2023-05-29 18:00:00,2103,Laptop,3,729.99,2116.9700000000003,73.0,Cash
3485,2023-04-14 12:00:00,2442,Headphones,3,1383.6,4150.579999999999,0.22,PayPal
9418,2023-12-17 17:00:00,2980,Tablet,2,588.74,1138.23,39.25,Cash
6943,2023-09-05 14:00:00,2987,Mouse,4,540.26,2072.4,88.64,Cash
3679,2023-04-22 14:00:00,2370,Monitor,4,1776.81,7066.71,40.53,Credit Card
4439,2023-05-24 06:00:00,2005,Monitor,1,1891.66,1854.22,37.44,Credit Card
2852,2023-03-19 03:00:00,2161,Mouse,1,1643.37,1575.61,67.76,Credit Card
4616,2023-05-31 15:00:00,2465,Laptop,2,1017.34,2011.39,23.29,PayPal
1534,2023-01-23 05:00:00,2240,Laptop,2,1440.83,2877.98,3.68,PayPal
6139,2023-08-03 02:00:00,2760,Headphones,3,647.37,1913.92,28.19,Credit Card
2454,2023-03-02 13:00:00,2245,Headphones,4,1562.82,6228.17,23.11,PayPal
2414,2023-02-28 21:00:00,2828,Mouse,3,1617.46,4806.400000000001,45.98,PayPal
8309,2023-11-01 12:00:00,2245,Laptop,2,152.69,212.35,93.03,Cash
6668,2023-08-25 03:00:00,2941,Tablet,2,41.67,70.94,12.4,Cash
4913,2023-06-13 00:00:00,2807,Mouse,2,1461.11,,65.25,PayPal
6980,2023-09-07 03:00:00,2808,Laptop,2,1793.16,3509.59,76.73,Cash
2083,2023-02-15 02:00:00,2511,Laptop,4,,7576.33,8.71,Cash
7809,2023-10-11 16:00:00,2152,Keyboard,3,1061.88,3167.9800000000005,17.66,PayPal
7516,2023-09-29 11:00:00,2523,Tablet,1,460.21,453.37,6.84,Credit Card
2719,2023-03-13 14:00:00,2821,Laptop,1,1433.12,1384.06,49.06,PayPal
2966,2023-03-23 21:00:00,2309,Headphones,1,1805.18,1789.3300000000002,15.85,PayPal
10515,2024-02-01 10:00:00,2261,Tablet,3,395.99,1149.3500000000001,38.62,Credit Card
3649,2023-04-21 08:00:00,2630,Tablet,2,,610.41,80.59,Debit Card
8586,2023-11-13 01:00:00,2743,Laptop,3,1528.34,4494.0199999999995,91.0,PayPal
5881,2023-07-23 08:00:00,2552,Laptop,4,1003.12,3967.12,45.36,PayPal
1305,2023-01-13 16:00:00,2101,Keyboard,3,1493.89,4408.2,73.47,Credit Card
6136,2023-08-02 23:00:00,2181,Tablet,3,134.84,,47.64,PayPal
4027,2023-05-07 02:00:00,2199,Monitor,1,,1315.95,40.59,Credit Card
6350,2023-08-11 21:00:00,2564,Tablet,4,1147.78,4516.39,74.73,PayPal
6796,2023-08-30 11:00:00,2243,Monitor,3,1902.26,5682.7,24.08,PayPal
5925,2023-07-25 04:00:00,2555,Keyboard,1,79.4,39.13,40.27,Debit Card
1674,2023-01-29 01:00:00,2231,Tablet,2,1210.44,2350.82,70.06,PayPal
9144,2023-12-06 07:00:00,2240,Tablet,1,1696.42,1637.67,58.75,Debit Card
6507,2023-08-18 10:00:00,2800,Keyboard,1,878.94,878.5500000000001,0.39,Debit Card
7121,2023-09-13 00:00:00,2285,Keyboard,1,1294.64,1197.67,96.97,Credit Card
5036,2023-06-18 03:00:00,2387,Keyboard,1,757.77,678.05,79.72,Cash
7812,2023-10-11 19:00:00,2240,Keyboard,4,489.29,1884.29,72.87,Credit Card
5050,2023-06-18 17:00:00,2998,Tablet,4,1934.95,7709.97,29.83,PayPal
10285,2024-01-22 20:00:00,2246,Mouse,3,1433.52,4279.209999999999,21.35,Debit Card
3389,2023-04-10 12:00:00,2351,Keyboard,1,,574.78,22.61,PayPal
2769,2023-03-15 16:00:00,2662,Monitor,1,102.02,42.51,59.51,Cash
7217,2023-09-17 00:00:00,2869,Monitor,2,1190.8,2289.35,92.25,PayPal
7400,2023-09-24 15:00:00,2280,Keyboard,1,669.11,604.95,64.16,Credit Card
5487,2023-07-06 22:00:00,2440,Tablet,4,1242.42,4874.5,95.18,Cash
9448,2023-12-18 23:00:00,2320,Monitor,3,808.14,2341.9300000000003,82.49,Cash
1488,2023-01-21 07:00:00,2605,Headphones,3,737.61,2149.66,63.17,Debit Card
2689,2023-03-12 08:00:00,2027,Keyboard,2,142.78,203.66,81.9,Debit Card
4040,2023-05-07 15:00:00,2816,Mouse,3,1451.69,4308.8099999999995,46.26,PayPal
8202,2023-10-28 01:00:00,2094,Keyboard,4,,7611.01,41.03,Debit Card
10676,2024-02-08 03:00:00,2761,Keyboard,3,646.3,1910.4899999999998,28.41,Debit Card
8758,2023-11-20 05:00:00,2086,Mouse,3,1146.06,3375.3199999999997,62.86,Cash
5342,2023-06-30 21:00:00,2034,Tablet,3,1137.87,3389.5899999999997,24.02,PayPal
4870,2023-06-11 05:00:00,2521,Laptop,4,819.98,3256.1800000000003,23.74,Credit Card
8214,2023-10-28 13:00:00,2780,Monitor,4,112.22,353.15,95.73,PayPal
2480,2023-03-03 15:00:00,2174,Tablet,4,187.54,708.24,41.92,PayPal
10523,2024-02-01 18:00:00,2515,Laptop,3,366.52,1079.04,20.52,Credit Card
8523,2023-11-10 10:00:00,2153,Headphones,2,,1971.52,35.26,PayPal
4615,2023-05-31 14:00:00,2567,Monitor,3,318.11,953.9000000000001,0.43,Credit Card
1734,2023-01-31 13:00:00,2110,Tablet,1,447.76,394.76,53.0,Cash
10583,2024-02-04 06:00:00,2372,Monitor,2,1006.92,2008.52,5.32,Cash
5327,2023-06-30 06:00:00,2885,Mouse,3,1802.29,5394.38,12.49,PayPal
4356,2023-05-20 19:00:00,2726,Headphones,3,1301.18,3901.22,2.32,Debit Card
3292,2023-04-06 11:00:00,2030,Mouse,2,1938.02,3855.09,20.95,nan
3738,2023-04-25 01:00:00,2715,Headphones,1,1602.9,1571.39,31.51,PayPal
2704,2023-03-12 23:00:00,2387,Headphones,3,568.93,1651.12,55.67,Cash
4621,2023-05-31 20:00:00,2945,Mouse,3,1424.36,4242.37,30.71,Credit Card
3021,2023-03-26 04:00:00,2025,Keyboard,2,514.05,1010.54,17.56,PayPal
10572,2024-02-03 19:00:00,2951,Tablet,2,1664.75,3301.66,27.84,Debit Card
6767,2023-08-29 06:00:00,2041,Mouse,3,240.05,642.9100000000001,77.24,Credit Card
6647,2023-08-24 06:00:00,2818,Tablet,3,1881.08,5551.46,91.78,PayPal
2057,2023-02-14 00:00:00,2773,Headphones,4,856.06,3348.2999999999997,75.94,Cash
3019,2023-03-26 02:00:00,2598,Headphones,2,958.38,1837.43,79.33,Credit Card
8107,2023-10-24 02:00:00,2148,Keyboard,4,117.76,391.17,79.87,Credit Card
5166,2023-06-23 13:00:00,2811,Laptop,2,759.88,1507.66,12.1,PayPal
6708,2023-08-26 19:00:00,2375,Keyboard,3,1701.32,,92.46,Cash
7366,2023-09-23 05:00:00,2276,Laptop,1,1645.11,1635.6999999999998,9.41,Cash
2759,2023-03-15 06:00:00,2325,Mouse,1,1506.08,1453.9399999999998,52.14,PayPal
7106,2023-09-12 09:00:00,2743,Monitor,3,1640.58,4846.679999999999,75.06,Debit Card
4861,2023-06-10 20:00:00,2973,Monitor,3,986.48,2936.68,22.76,PayPal
1322,2023-01-14 09:00:00,2229,Keyboard,4,1910.89,7585.42,58.14,PayPal
3068,2023-03-28 03:00:00,2412,Keyboard,2,29.52,-27.990000000000002,87.03,Credit Card
6029,2023-07-29 12:00:00,2440,Monitor,3,1296.78,3827.98,62.36,Cash
8725,2023-11-18 20:00:00,2716,Monitor,4,1190.04,4752.8,7.36,Cash
8592,2023-11-13 07:00:00,2555,Keyboard,2,1735.83,3470.67,0.99,PayPal
9573,2023-12-24 04:00:00,2254,Monitor,3,338.29,916.9100000000001,97.96,Cash
1915,2023-02-08 02:00:00,2984,Laptop,1,1989.95,1930.5,59.45,PayPal
8163,2023-10-26 10:00:00,2498,Keyboard,2,1847.11,3616.5099999999998,77.71,Cash
8808,2023-11-22 07:00:00,2187,Keyboard,2,1967.52,3909.64,25.4,Credit Card
5631,2023-07-12 22:00:00,2937,Mouse,2,1189.81,2356.4,23.22,Debit Card
10485,2024-01-31 04:00:00,2257,Laptop,3,1158.83,3415.7,60.79,Cash
7329,2023-09-21 16:00:00,2486,Monitor,3,492.99,1387.31,91.66,Cash
3992,2023-05-05 15:00:00,2285,Laptop,2,436.88,848.39,25.37,PayPal
1081,2023-01-04 08:00:00,2880,Laptop,2,850.26,1678.25,22.27,PayPal
4834,2023-06-09 17:00:00,2299,Monitor,2,,3796.64,38.28,Credit Card
8394,2023-11-05 01:00:00,2605,Laptop,2,106.78,195.56,18.0,Debit Card
5958,2023-07-26 13:00:00,2307,Keyboard,1,1718.86,1653.29,65.57,Cash
4291,2023-05-18 02:00:00,2042,Mouse,4,1307.95,5141.05,90.75,Debit Card
7379,2023-09-23 18:00:00,2773,Monitor,2,1769.33,3471.67,66.99,Debit Card
1108,2023-01-05 11:00:00,2669,Monitor,3,880.08,2583.5000000000005,56.74,Credit Card
1336,2023-01-14 23:00:00,2180,Keyboard,2,,34.11,14.43,Cash
1132,2023-01-06 11:00:00,2358,Tablet,4,1689.02,6660.45,95.63,Debit Card
8518,2023-11-10 05:00:00,2756,Monitor,2,690.62,1373.85,7.39,Cash
2489,2023-03-04 00:00:00,2437,Monitor,2,824.14,1589.12,59.16,PayPal
2181,2023-02-19 04:00:00,2365,Laptop,2,483.75,,36.54,Debit Card
7832,2023-10-12 15:00:00,2876,Tablet,4,1705.88,6774.370000000001,49.15,Debit Card
1867,2023-02-06 02:00:00,2570,Monitor,4,274.85,,52.51,Cash
8310,2023-11-01 13:00:00,2591,Mouse,2,1604.21,3181.61,26.81,Credit Card
1368,2023-01-16 07:00:00,2496,Tablet,1,1354.06,1296.78,57.28,Cash
7228,2023-09-17 11:00:00,2040,Keyboard,1,645.0,552.79,92.21,PayPal
7663,2023-10-05 14:00:00,2470,Laptop,2,972.27,1873.35,71.19,Cash
6577,2023-08-21 08:00:00,2958,Headphones,4,125.74,461.15999999999997,41.8,Credit Card
4711,2023-06-04 14:00:00,2467,Headphones,1,206.71,206.42000000000002,0.29,PayPal
3803,2023-04-27 18:00:00,2856,Mouse,3,578.6,1725.5100000000002,10.29,Cash
10932,2024-02-18 19:00:00,2285,Headphones,4,1924.15,7690.35,6.25,Cash
1331,2023-01-14 18:00:00,2015,Monitor,4,713.12,2774.39,78.09,Credit Card
10512,2024-02-01 07:00:00,2510,Laptop,4,1966.12,7776.37,88.11,Cash
9836,2024-01-04 03:00:00,2409,Laptop,4,961.05,3835.23,8.97,Cash
4078,2023-05-09 05:00:00,2873,Tablet,2,518.43,1023.2799999999999,13.58,Credit Card
2741,2023-03-14 12:00:00,2942,Keyboard,3,1567.94,4692.32,11.5,PayPal
9329,2023-12-14 00:00:00,2800,Headphones,2,639.17,1259.74,18.6,PayPal
5217,2023-06-25 16:00:00,2180,Tablet,1,1778.56,1735.35,43.21,Cash
9480,2023-12-20 07:00:00,2869,Keyboard,2,599.22,1182.8700000000001,15.57,PayPal
3587,2023-04-18 18:00:00,2488,Mouse,2,805.0,1538.72,71.28,Debit Card
8848,2023-11-23 23:00:00,2605,Headphones,1,1628.24,1546.97,81.27,Cash
3169,2023-04-01 08:00:00,2710,Laptop,3,1830.89,,53.61,Credit Card
4035,2023-05-07 10:00:00,2881,Monitor,1,1197.94,1132.1200000000001,65.82,PayPal
9863,2024-01-05 06:00:00,2252,Tablet,2,1742.06,3470.88,13.24,Debit Card
9627,2023-12-26 10:00:00,2836,Mouse,2,1014.31,1997.28,31.34,Debit Card
2531,2023-03-05 18:00:00,2372,Mouse,2,759.49,1451.77,67.21,Credit Card
1260,2023-01-11 19:00:00,2611,Headphones,2,1825.09,3605.5099999999998,44.67,Cash
6956,2023-09-06 03:00:00,2721,Mouse,2,1952.06,3901.98,2.14,PayPal
10612,2024-02-05 11:00:00,2864,Headphones,3,576.27,1688.59,40.22,Cash
1458,2023-01-20 01:00:00,2767,Monitor,1,428.09,399.32,28.77,Cash
1622,2023-01-26 21:00:00,2757,Laptop,4,521.84,2042.73,44.63,Credit Card
3151,2023-03-31 14:00:00,2192,Tablet,1,83.37,-10.030000000000001,93.4,Debit Card
5668,2023-07-14 11:00:00,2457,Laptop,3,1456.26,4365.73,3.05,Cash
10120,2024-01-15 23:00:00,2766,Tablet,3,1881.17,5559.08,84.43,PayPal
7724,2023-10-08 03:00:00,2669,Mouse,1,693.14,598.3,94.84,Debit Card
6021,2023-07-29 04:00:00,2773,Monitor,4,1098.34,4392.299999999999,1.06,Debit Card
7886,2023-10-14 21:00:00,2295,Tablet,2,1471.93,2890.59,53.27,Credit Card
10032,2024-01-12 07:00:00,2506,Headphones,4,1184.72,4649.6900000000005,89.19,Credit Card
1032,2023-01-02 07:00:00,2192,Tablet,3,1133.69,3334.21,66.86,Cash
9362,2023-12-15 09:00:00,2286,Monitor,3,1504.14,4456.9800000000005,55.44,Debit Card
7450,2023-09-26 17:00:00,2815,Tablet,3,929.71,2752.42,36.71,Cash
3814,2023-04-28 05:00:00,2542,Monitor,4,1427.43,5706.8,2.92,Credit Card
9992,2024-01-10 15:00:00,2364,Mouse,3,1499.99,4409.51,90.46,PayPal
1775,2023-02-02 06:00:00,2712,Laptop,4,1614.66,6368.58,90.06,Debit Card
3341,2023-04-08 12:00:00,2854,Keyboard,1,1544.82,1475.08,69.74,Debit Card
9315,2023-12-13 10:00:00,2375,Monitor,4,879.58,3495.63,22.69,Cash
2834,2023-03-18 09:00:00,2921,Keyboard,1,1280.69,1270.75,9.94,Debit Card
6423,2023-08-14 22:00:00,2914,Headphones,4,849.82,3363.34,35.94,Cash
8368,2023-11-03 23:00:00,2112,Keyboard,4,245.74,968.7900000000001,14.17,Debit Card
3944,2023-05-03 15:00:00,2172,Laptop,3,341.74,1012.7900000000001,12.43,Cash
6251,2023-08-07 18:00:00,2473,Mouse,4,417.03,1658.79,9.33,Credit Card
3200,2023-04-02 15:00:00,2140,Tablet,2,1330.4,2648.01,12.79,Credit Card
10712,2024-02-09 15:00:00,2461,Monitor,1,677.79,671.41,6.38,PayPal
4132,2023-05-11 11:00:00,2579,Mouse,1,1950.19,1858.3500000000001,91.84,Credit Card
4273,2023-05-17 08:00:00,2839,Mouse,3,815.16,2393.28,52.2,Debit Card
1374,2023-01-16 13:00:00,2669,Keyboard,2,326.86,585.9100000000001,67.81,Cash
9215,2023-12-09 06:00:00,2722,Monitor,2,1074.93,2119.61,30.25,Cash
2924,2023-03-22 03:00:00,2892,Mouse,3,192.83,558.13,20.36,Credit Card
6196,2023-08-05 11:00:00,2669,Monitor,2,1046.75,2028.19,65.31,Cash
7742,2023-10-08 21:00:00,2250,Mouse,3,1093.94,3214.19,67.63,Credit Card
10271,2024-01-22 06:00:00,2503,Headphones,4,30.65,50.80999999999999,71.79,Credit Card
3120,2023-03-30 07:00:00,2911,Keyboard,2,417.19,779.42,54.96,PayPal
1170,2023-01-08 01:00:00,2488,Mouse,1,499.27,400.90999999999997,98.36,Cash
3089,2023-03-29 00:00:00,2089,Mouse,2,1730.14,3405.34,54.94,PayPal
2617,2023-03-09 08:00:00,2556,Mouse,3,1607.78,4771.400000000001,51.94,Cash
6283,2023-08-09 02:00:00,2634,Tablet,2,1902.01,3760.28,43.74,Debit Card
10212,2024-01-19 19:00:00,2361,Laptop,2,1504.63,,58.97,Debit Card
8088,2023-10-23 07:00:00,2502,Laptop,4,1063.27,4226.26,26.82,Credit Card
7204,2023-09-16 11:00:00,2762,Tablet,1,915.01,887.3199999999999,27.69,Credit Card
9236,2023-12-10 03:00:00,2233,Tablet,2,1899.51,3780.11,18.91,Credit Card
5013,2023-06-17 04:00:00,2389,Laptop,2,1728.87,3415.27,42.47,Credit Card
2148,2023-02-17 19:00:00,2928,Laptop,2,526.9,1032.06,21.74,Debit Card
7126,2023-09-13 05:00:00,2678,Monitor,1,407.31,397.36,9.95,PayPal
5824,2023-07-20 23:00:00,2112,Headphones,2,28.76,-36.57999999999999,94.1,nan
4026,2023-05-07 01:00:00,2590,Laptop,4,662.09,2640.1800000000003,8.18,Debit Card
1316,2023-01-14 03:00:00,2154,Laptop,2,1911.56,3808.27,14.85,Cash
2776,2023-03-15 23:00:00,2851,Keyboard,2,1186.02,2319.2799999999997,52.76,Credit Card
10382,2024-01-26 21:00:00,2542,Keyboard,1,494.49,481.68,12.81,Debit Card
6506,2023-08-18 09:00:00,2880,Mouse,1,1100.91,1025.5,75.41,PayPal
9539,2023-12-22 18:00:00,2982,Laptop,2,1632.92,3245.1600000000003,20.68,Credit Card
3305,2023-04-07 00:00:00,2746,Headphones,2,1798.62,3562.52,34.72,PayPal
8888,2023-11-25 15:00:00,2878,Mouse,2,1080.66,,78.98,Cash
4838,2023-06-09 21:00:00,2090,Mouse,4,92.55,313.21,56.99,Debit Card
5962,2023-07-26 17:00:00,2255,Monitor,4,,1803.98,59.86,Debit Card
9373,2023-12-15 20:00:00,2718,Mouse,4,659.22,2572.11,64.77,PayPal
7378,2023-09-23 17:00:00,2456,Laptop,2,977.77,1881.6399999999999,73.9,Cash
1048,2023-01-02 23:00:00,2476,Headphones,1,1762.14,1738.25,23.89,Credit Card
7850,2023-10-13 09:00:00,2380,Tablet,4,1997.51,7923.59,66.45,Credit Card
5044,2023-06-18 11:00:00,2725,Monitor,4,1276.35,5053.0599999999995,52.34,PayPal
7725,2023-10-08 04:00:00,2415,Headphones,3,505.65,1470.4199999999998,46.53,Debit Card
10670,2024-02-07 21:00:00,2916,Monitor,1,1805.57,1799.78,5.79,PayPal
4096,2023-05-09 23:00:00,2046,Headphones,1,626.94,587.6400000000001,39.3,PayPal
4947,2023-06-14 10:00:00,2500,Monitor,3,1110.33,3312.6099999999997,18.38,Cash
8887,2023-11-25 14:00:00,2224,Monitor,4,1793.0,7075.19,96.81,PayPal
5602,2023-07-11 17:00:00,2128,Monitor,3,1402.02,4129.0599999999995,77.0,nan
5296,2023-06-28 23:00:00,2033,Headphones,3,93.42,202.16,78.1,Credit Card
4579,2023-05-30 02:00:00,2792,Tablet,3,58.17,,75.01,Cash
5599,2023-07-11 14:00:00,2048,Tablet,4,1788.18,,88.52,PayPal
3532,2023-04-16 11:00:00,2721,Mouse,1,672.08,585.5,86.58,Credit Card
4899,2023-06-12 10:00:00,2647,Laptop,3,1190.04,3483.96,86.16,Credit Card
5542,2023-07-09 05:00:00,2497,Headphones,3,1754.71,5232.92,31.21,Cash
6020,2023-07-29 03:00:00,2919,Laptop,4,1950.05,7762.82,37.38,PayPal
3524,2023-04-16 03:00:00,2437,Laptop,4,138.15,455.41,97.19,Debit Card
2733,2023-03-14 04:00:00,2559,Monitor,2,537.65,1015.3499999999999,59.95,PayPal
3920,2023-05-02 15:00:00,2788,Headphones,4,458.59,1823.1699999999998,11.19,Cash
8108,2023-10-24 03:00:00,2264,Tablet,1,1383.39,,4.48,PayPal
4896,2023-06-12 07:00:00,2078,Tablet,4,1200.16,4727.01,73.63,Cash
6322,2023-08-10 17:00:00,2458,Headphones,3,1960.92,5865.76,17.0,Credit Card
8383,2023-11-04 14:00:00,2452,Mouse,4,1978.15,7906.910000000001,5.69,Cash
2672,2023-03-11 15:00:00,2976,Headphones,1,987.53,952.51,35.02,Credit Card
4283,2023-05-17 18:00:00,2086,Monitor,2,1394.72,2724.1,65.34,Credit Card
9031,2023-12-01 14:00:00,2100,Laptop,3,1976.24,5868.42,60.3,Debit Card
9698,2023-12-29 09:00:00,2807,Headphones,3,1653.84,4872.339999999999,89.18,Cash
10427,2024-01-28 18:00:00,2310,Keyboard,1,1887.25,1853.22,34.03,Cash
5581,2023-07-10 20:00:00,2541,Mouse,2,1643.79,3287.14,0.44,Cash
4781,2023-06-07 12:00:00,2307,Laptop,4,152.31,539.34,69.9,Credit Card
5823,2023-07-20 22:00:00,2315,Keyboard,2,1454.97,2830.85,79.09,Credit Card
1533,2023-01-23 04:00:00,2467,Tablet,2,691.06,1349.52,32.6,Cash
4661,2023-06-02 12:00:00,2396,Headphones,2,,1112.44,3.26,Credit Card
4874,2023-06-11 09:00:00,2126,Mouse,4,1442.29,5725.21,43.95,Debit Card
6425,2023-08-15 00:00:00,2276,Keyboard,1,892.59,861.75,30.84,Cash
4018,2023-05-06 17:00:00,2330,Keyboard,3,1944.88,5753.3,81.34,Debit Card
5011,2023-06-17 02:00:00,2511,Tablet,4,1355.49,5380.92,41.04,Debit Card
6475,2023-08-17 02:00:00,2381,Mouse,2,1422.04,2777.5299999999997,66.55,Credit Card
5772,2023-07-18 19:00:00,2507,Laptop,2,891.55,1715.11,67.99,Debit Card
6522,2023-08-19 01:00:00,2864,Monitor,3,,297.98,37.69,Cash
3408,2023-04-11 07:00:00,2706,Headphones,1,1819.85,1733.6999999999998,86.15,Credit Card
10747,2024-02-11 02:00:00,2647,Keyboard,1,1924.37,1846.4299999999998,77.94,PayPal
5150,2023-06-22 21:00:00,2941,Headphones,2,65.37,63.22000000000001,67.52,Cash
4551,2023-05-28 22:00:00,2925,Mouse,1,667.47,579.88,87.59,Credit Card
6403,2023-08-14 02:00:00,2731,Laptop,4,234.94,869.61,70.15,Debit Card
8742,2023-11-19 13:00:00,2674,Tablet,4,1283.31,5064.74,68.5,PayPal
8635,2023-11-15 02:00:00,2968,Keyboard,2,1742.74,3480.84,4.64,PayPal
8437,2023-11-06 20:00:00,2050,Headphones,1,127.64,51.480000000000004,76.16,Credit Card
2955,2023-03-23 10:00:00,2899,Headphones,4,1578.52,6301.64,12.44,Cash
6034,2023-07-29 17:00:00,2234,Headphones,1,1014.83,1014.01,0.82,PayPal
7821,2023-10-12 04:00:00,2297,Mouse,3,344.62,978.5400000000001,55.32,Debit Card
10635,2024-02-06 10:00:00,2122,Keyboard,1,462.67,402.07,60.6,Cash
7429,2023-09-25 20:00:00,2665,Laptop,4,,2739.12,25.4,Cash
2248,2023-02-21 23:00:00,2225,Laptop,4,1771.6,7081.219999999999,5.18,Cash
1543,2023-01-23 14:00:00,2599,Headphones,1,588.04,566.26,21.78,Credit Card
5218,2023-06-25 17:00:00,2132,Monitor,3,238.13,674.38,40.01,PayPal
7461,2023-09-27 04:00:00,2446,Headphones,3,678.38,1939.1399999999999,96.0,PayPal
9754,2023-12-31 17:00:00,2364,Laptop,1,714.76,640.8299999999999,73.93,Debit Card
8461,2023-11-07 20:00:00,2437,Laptop,2,118.11,235.31,0.91,Credit Card
8696,2023-11-17 15:00:00,2533,Mouse,3,1172.07,3443.5,72.71,PayPal
7395,2023-09-24 10:00:00,2682,Mouse,4,739.45,2865.11,92.69,Credit Card
5421,2023-07-04 04:00:00,2075,Monitor,4,863.91,3444.31,11.33,Debit Card
5522,2023-07-08 09:00:00,2328,Monitor,1,1720.03,1648.15,71.88,Debit Card
5210,2023-06-25 09:00:00,2320,Keyboard,3,666.07,1966.3600000000001,31.85,Credit Card
10707,2024-02-09 10:00:00,2889,Laptop,3,745.6,2223.53,13.27,Debit Card
8048,2023-10-21 15:00:00,2190,Keyboard,4,1692.17,6691.64,77.04,PayPal
7621,2023-10-03 20:00:00,2891,Laptop,2,210.61,386.5,34.72,Cash
10279,2024-01-22 14:00:00,2795,Keyboard,1,882.53,828.9399999999999,53.59,PayPal
5186,2023-06-24 09:00:00,2065,Mouse,2,,,80.22,PayPal
5405,2023-07-03 12:00:00,2847,Monitor,3,1044.19,3130.3900000000003,2.18,Credit Card
7791,2023-10-10 22:00:00,2962,Keyboard,1,87.87,66.85000000000001,21.02,Debit Card
5285,2023-06-28 12:00:00,2868,Headphones,2,1120.7,2220.37,21.03,Cash
2150,2023-02-17 21:00:00,2826,Laptop,4,434.73,1712.6100000000001,26.31,PayPal
7546,2023-09-30 17:00:00,2107,Headphones,1,604.69,529.9100000000001,74.78,Cash
10025,2024-01-12 00:00:00,2242,Mouse,1,,1020.4,2.76,Cash
4112,2023-05-10 15:00:00,2236,Mouse,1,920.06,823.6899999999999,96.37,Credit Card
4054,2023-05-08 05:00:00,2119,Keyboard,3,1148.18,3368.66,75.88,Credit Card
7598,2023-10-02 21:00:00,2989,Mouse,3,1920.27,5700.03,60.78,Cash
3237,2023-04-04 04:00:00,2579,Laptop,3,1418.79,4233.43,22.94,Cash
10636,2024-02-06 11:00:00,2523,Keyboard,2,887.43,1755.03,19.83,Cash
1296,2023-01-13 07:00:00,2227,Mouse,4,1691.69,6702.33,64.43,Credit Card
2942,2023-03-22 21:00:00,2435,Headphones,3,906.58,2718.7000000000003,1.04,Credit Card
4161,2023-05-12 16:00:00,2424,Mouse,1,1764.04,1718.77,45.27,PayPal
4545,2023-05-28 16:00:00,2844,Tablet,4,234.16,,61.86,Credit Card
5395,2023-07-03 02:00:00,2732,Headphones,3,309.22,837.0000000000001,90.66,PayPal
5830,2023-07-21 05:00:00,2378,Monitor,2,1458.17,2895.1800000000003,21.16,Debit Card
1287,2023-01-12 22:00:00,2320,Monitor,1,290.13,263.01,27.12,Debit Card
7401,2023-09-24 16:00:00,2973,Tablet,3,1330.39,3930.23,60.94,Debit Card
2023,2023-02-12 14:00:00,2014,Mouse,2,632.64,1199.0,66.28,nan
10608,2024-02-05 07:00:00,2149,Mouse,3,1718.92,5128.14,28.62,Cash
7927,2023-10-16 14:00:00,2222,Mouse,3,1529.08,4568.96,18.28,Debit Card
7930,2023-10-16 17:00:00,2956,Keyboard,2,635.71,1186.8400000000001,84.58,Debit Card
1334,2023-01-14 21:00:00,2340,Mouse,4,1663.87,6561.99,93.49,PayPal
4858,2023-06-10 17:00:00,2879,Tablet,1,1170.95,1167.39,3.56,PayPal
5369,2023-07-02 00:00:00,2343,Tablet,1,935.85,846.94,88.91,PayPal
8524,2023-11-10 11:00:00,2044,Laptop,4,1339.31,5285.889999999999,71.35,PayPal
5819,2023-07-20 18:00:00,2734,Laptop,1,90.81,51.29,39.52,Cash
8094,2023-10-23 13:00:00,2513,Mouse,4,1265.19,4972.37,88.39,PayPal
1928,2023-02-08 15:00:00,2743,Monitor,3,1395.43,4140.29,46.0,Cash
5027,2023-06-17 18:00:00,2169,Headphones,1,1576.23,1542.19,34.04,Debit Card
8016,2023-10-20 07:00:00,2424,Monitor,3,1126.86,3339.62,40.96,Debit Card
5788,2023-07-19 11:00:00,2772,Tablet,4,1906.04,7539.12,85.04,Credit Card
4843,2023-06-10 02:00:00,2332,Keyboard,1,1957.06,1935.52,21.54,PayPal
3860,2023-04-30 03:00:00,2811,Keyboard,1,1538.8,1493.93,44.87,Credit Card
5970,2023-07-27 01:00:00,2364,Tablet,3,840.58,2496.0200000000004,25.72,Cash
7563,2023-10-01 10:00:00,2464,Tablet,4,1821.74,7275.85,11.11,PayPal
10897,2024-02-17 08:00:00,2254,Monitor,1,1730.62,1714.86,15.76,Credit Card
10286,2024-01-22 21:00:00,2088,Monitor,4,1967.02,7798.03,70.05,PayPal
9778,2024-01-01 17:00:00,2374,Monitor,2,325.46,594.75,56.17,Cash
3192,2023-04-02 07:00:00,2335,Tablet,1,1621.97,1621.81,0.16,Debit Card
8987,2023-11-29 18:00:00,2698,Keyboard,4,583.9,2280.0299999999997,55.57,Debit Card
8757,2023-11-20 04:00:00,2397,Headphones,2,1774.98,3516.26,33.7,Cash
3665,2023-04-22 00:00:00,2567,Keyboard,2,1113.97,2130.23,97.71,Debit Card
1409,2023-01-18 00:00:00,2915,Headphones,1,543.94,510.77000000000004,33.17,Credit Card
2114,2023-02-16 09:00:00,2376,Keyboard,4,524.66,2044.58,54.06,Cash
1953,2023-02-09 16:00:00,2745,Monitor,4,1551.34,6182.12,23.24,Debit Card
1312,2023-01-13 23:00:00,2844,Mouse,4,1362.27,5438.63,10.45,Credit Card
9025,2023-12-01 08:00:00,2278,Headphones,3,1845.61,5528.41,8.42,nan
10632,2024-02-06 07:00:00,2327,Mouse,1,1309.92,1271.53,38.39,Cash
5270,2023-06-27 21:00:00,2591,Mouse,1,1505.83,1473.81,32.02,PayPal
9881,2024-01-06 00:00:00,2308,Monitor,2,1943.71,3887.32,0.1,PayPal
1901,2023-02-07 12:00:00,2961,Mouse,2,681.97,1356.06,7.88,Cash
8210,2023-10-28 09:00:00,2233,Tablet,2,421.34,770.8599999999999,71.82,Credit Card
5526,2023-07-08 13:00:00,2301,Keyboard,4,1662.97,6621.08,30.8,PayPal
4593,2023-05-30 16:00:00,2345,Tablet,3,196.43,562.2199999999999,27.07,Debit Card
5512,2023-07-07 23:00:00,2128,Headphones,4,947.96,3737.73,54.11,Debit Card
4266,2023-05-17 01:00:00,2043,Laptop,1,345.81,318.79,27.02,Credit Card
5520,2023-07-08 07:00:00,2969,Keyboard,1,153.8,90.07000000000002,63.73,Credit Card
5920,2023-07-24 23:00:00,2266,Headphones,4,482.64,1888.6599999999999,41.9,Credit Card
1211,2023-01-09 18:00:00,2734,Laptop,3,549.52,1590.04,58.52,Cash
3329,2023-04-08 00:00:00,2625,Mouse,2,1921.65,3744.1800000000003,99.12,PayPal
4017,2023-05-06 16:00:00,2732,Tablet,1,986.19,936.24,49.95,Cash
8290,2023-10-31 17:00:00,2787,Keyboard,1,508.64,492.68,15.96,PayPal
2352,2023-02-26 07:00:00,2739,Headphones,3,265.11,774.0400000000001,21.29,Debit Card
4527,2023-05-27 22:00:00,2294,Monitor,2,1327.83,2556.97,98.69,Credit Card
8213,2023-10-28 12:00:00,2163,Headphones,4,1400.81,5543.92,59.32,Debit Card
9193,2023-12-08 08:00:00,2543,Tablet,4,870.17,3438.0499999999997,42.63,Credit Card
10135,2024-01-16 14:00:00,2818,Tablet,3,640.77,,59.57,Debit Card
5868,2023-07-22 19:00:00,2319,Keyboard,4,1374.24,5418.52,78.44,PayPal
6966,2023-09-06 13:00:00,2689,Mouse,2,1824.56,3623.25,25.87,Credit Card
8713,2023-11-18 08:00:00,2594,Keyboard,1,284.15,191.85999999999996,92.29,Credit Card
1260,2023-01-11 19:00:00,2611,Headphones,2,1825.09,3605.5099999999998,44.67,Cash
7019,2023-09-08 18:00:00,2417,Keyboard,4,1641.13,,77.42,PayPal
4003,2023-05-06 02:00:00,2983,Monitor,4,269.1,1054.0900000000001,22.31,PayPal
9238,2023-12-10 05:00:00,2060,Laptop,4,1880.69,7487.26,35.5,Cash
4882,2023-06-11 17:00:00,2139,Keyboard,3,1223.62,3624.6499999999996,46.21,PayPal
2512,2023-03-04 23:00:00,2834,Laptop,2,835.47,1668.04,2.9,Credit Card
8741,2023-11-19 12:00:00,2703,Monitor,3,1275.01,3803.5099999999998,21.52,Debit Card
8263,2023-10-30 14:00:00,2717,Keyboard,4,173.8,,56.26,Debit Card
7120,2023-09-12 23:00:00,2984,Mouse,3,253.37,719.1700000000001,40.94,Debit Card
2112,2023-02-16 07:00:00,2990,Tablet,2,609.36,1188.26,30.46,Cash
1107,2023-01-05 10:00:00,2742,Monitor,4,1889.92,7525.35,34.33,Cash
7038,2023-09-09 13:00:00,2739,Tablet,1,64.47,33.61,30.86,Cash
6275,2023-08-08 18:00:00,2184,Laptop,1,1885.24,1882.06,3.18,PayPal
1591,2023-01-25 14:00:00,2807,Mouse,4,141.27,530.48,34.6,nan
6957,2023-09-06 04:00:00,2409,Laptop,3,1630.09,4846.45,43.82,Debit Card
2124,2023-02-16 19:00:00,2942,Monitor,4,1135.09,4536.73,3.63,Cash
2887,2023-03-20 14:00:00,2886,Laptop,2,,3561.08,2.26,PayPal
10329,2024-01-24 16:00:00,2252,Tablet,1,53.64,8.009999999999998,45.63,Debit Card
5510,2023-07-07 21:00:00,2051,Tablet,4,1454.16,5732.7300000000005,83.91,Credit Card
2361,2023-02-26 16:00:00,2147,Keyboard,3,1832.54,5467.63,29.99,Cash
9702,2023-12-29 13:00:00,2477,Laptop,2,883.5,1698.59,68.41,Debit Card
2495,2023-03-04 06:00:00,2410,Keyboard,1,1189.63,1161.13,28.5,PayPal
7843,2023-10-13 02:00:00,2504,Keyboard,4,1277.58,5082.94,27.38,Debit Card
10141,2024-01-16 20:00:00,2621,Laptop,4,1570.29,6228.78,52.38,Debit Card
10420,2024-01-28 11:00:00,2067,Monitor,3,207.18,552.89,68.65,Credit Card
3930,2023-05-03 01:00:00,2688,Mouse,1,1178.37,1154.04,24.33,Cash
8620,2023-11-14 11:00:00,2217,Keyboard,4,540.09,2084.85,75.51,PayPal
7214,2023-09-16 21:00:00,2434,Keyboard,1,1706.65,1619.52,87.13,Cash
1322,2023-01-14 09:00:00,2229,Keyboard,4,1910.89,7585.42,58.14,PayPal
3955,2023-05-04 02:00:00,2315,Tablet,3,1558.48,4577.72,97.72,Cash
7828,2023-10-12 11:00:00,2527,Laptop,4,646.49,2566.85,19.11,Debit Card
6266,2023-08-08 09:00:00,2639,Mouse,2,454.16,812.99,95.33,Credit Card
3358,2023-04-09 05:00:00,2026,Tablet,1,660.82,632.47,28.35,PayPal
9559,2023-12-23 14:00:00,2925,Laptop,4,1915.23,7627.45,33.47,Debit Card
10910,2024-02-17 21:00:00,2803,Monitor,1,946.85,913.7,33.15,PayPal
4685,2023-06-03 12:00:00,2619,Keyboard,2,1396.6,2696.2799999999997,96.92,Debit Card
6804,2023-08-30 19:00:00,2394,Laptop,3,1674.03,5006.99,15.1,Debit Card
6663,2023-08-24 22:00:00,2477,Keyboard,1,,1612.43,0.6,PayPal
1030,2023-01-02 05:00:00,2787,Monitor,4,1898.17,7534.320000000001,58.36,Cash
10780,2024-02-12 11:00:00,2141,Laptop,2,406.07,778.14,34.0,Credit Card
10121,2024-01-16 00:00:00,2979,Laptop,1,150.55,63.81000000000002,86.74,Credit Card
3448,2023-04-12 23:00:00,2768,Tablet,2,1692.74,3337.18,48.3,Debit Card
9694,2023-12-29 05:00:00,2269,Keyboard,1,1073.44,1006.3700000000001,67.07,Credit Card
1961,2023-02-10 00:00:00,2725,Monitor,3,1176.81,3457.71,72.72,Cash
3969,2023-05-04 16:00:00,2945,Laptop,3,1066.66,3157.4500000000003,42.53,Cash
8914,2023-11-26 17:00:00,2560,Monitor,3,810.13,2376.99,53.4,PayPal
6658,2023-08-24 17:00:00,2279,Keyboard,1,1073.55,1049.49,24.06,Cash
3240,2023-04-04 07:00:00,2141,Monitor,4,825.83,3285.63,17.69,Credit Card
3875,2023-04-30 18:00:00,2961,Tablet,2,960.15,1869.6299999999999,50.67,PayPal
4008,2023-05-06 07:00:00,2911,Headphones,3,1122.93,3344.39,24.4,Credit Card
4622,2023-05-31 21:00:00,2113,Laptop,3,1717.29,5062.68,89.19,PayPal
4895,2023-06-12 06:00:00,2528,Keyboard,1,822.2,750.0500000000001,72.15,PayPal
8975,2023-11-29 06:00:00,2627,Tablet,3,691.32,2016.46,57.5,Cash
1109,2023-01-05 12:00:00,2405,Monitor,1,1017.2,975.5200000000001,41.68,Credit Card
8553,2023-11-11 16:00:00,2460,Mouse,4,284.2,1125.75,11.05,Cash
7976,2023-10-18 15:00:00,2953,Laptop,3,,5048.179999999999,46.12,Credit Card
5951,2023-07-26 06:00:00,2219,Monitor,1,910.53,853.13,57.4,Debit Card
2985,2023-03-24 16:00:00,2039,Headphones,2,1024.49,1982.48,66.5,Credit Card
9744,2023-12-31 07:00:00,2212,Mouse,4,1289.09,5128.58,27.78,Debit Card
6400,2023-08-13 23:00:00,2095,Laptop,1,1823.39,1785.1200000000001,38.27,Debit Card
7878,2023-10-14 13:00:00,2778,Mouse,1,1595.51,1549.86,45.65,PayPal
4820,2023-06-09 03:00:00,2888,Monitor,2,1397.42,2722.69,72.15,Debit Card
10566,2024-02-03 13:00:00,2451,Keyboard,2,1635.6,3267.95,3.25,Debit Card
4126,2023-05-11 05:00:00,2750,Monitor,3,,537.19,77.24,Cash
8067,2023-10-22 10:00:00,2013,Mouse,4,963.5,3841.14,12.86,PayPal
6265,2023-08-08 08:00:00,2266,Tablet,3,531.86,1581.54,14.04,Credit Card
9486,2023-12-20 13:00:00,2458,Monitor,4,1754.83,6988.19,31.13,Credit Card
7946,2023-10-17 09:00:00,2694,Headphones,1,97.65,83.38000000000001,14.27,nan
7216,2023-09-16 23:00:00,2612,Monitor,3,1078.95,3186.4100000000003,50.44,Cash
7786,2023-10-10 17:00:00,2918,Headphones,3,1635.04,4861.23,43.89,PayPal
9514,2023-12-21 17:00:00,2756,Tablet,3,847.92,2472.45,71.31,Cash
4012,2023-05-06 11:00:00,2518,Monitor,2,1963.39,3845.6200000000003,81.16,Cash
5217,2023-06-25 16:00:00,2180,Tablet,1,1778.56,1735.35,43.21,Cash
8602,2023-11-13 17:00:00,2731,Headphones,2,1181.91,2294.1200000000003,69.7,Credit Card
8719,2023-11-18 14:00:00,2672,Keyboard,4,1804.37,7152.929999999999,64.55,Credit Card
5113,2023-06-21 08:00:00,2727,Headphones,2,171.62,301.27,41.97,PayPal
1266,2023-01-12 01:00:00,2614,Mouse,3,699.82,2024.25,75.21,Cash
5705,2023-07-16 00:00:00,2116,Keyboard,1,,808.79,97.21,Debit Card
4131,2023-05-11 10:00:00,2812,Headphones,3,1899.31,5640.85,57.08,PayPal
4693,2023-06-03 20:00:00,2049,Mouse,4,746.94,2950.6200000000003,37.14,Debit Card
3338,2023-04-08 09:00:00,2694,Tablet,2,1958.78,3906.0,11.56,PayPal
6329,2023-08-11 00:00:00,2657,Headphones,4,180.26,624.9499999999999,96.09,Credit Card
5813,2023-07-20 12:00:00,2646,Tablet,1,913.2,841.5400000000001,71.66,PayPal
6939,2023-09-05 10:00:00,2168,Tablet,1,1502.86,1471.82,31.04,Credit Card
6763,2023-08-29 02:00:00,2368,Headphones,4,1482.9,5898.860000000001,32.74,Credit Card
10174,2024-01-18 05:00:00,2446,Headphones,2,1253.74,2451.36,56.12,PayPal
10469,2024-01-30 12:00:00,2327,Mouse,3,,715.3699999999999,94.72,PayPal
10664,2024-02-07 15:00:00,2688,Laptop,1,917.17,892.4,24.77,Cash
2598,2023-03-08 13:00:00,2506,Keyboard,4,1750.23,6926.4400000000005,74.48,Debit Card
5485,2023-07-06 20:00:00,2143,Mouse,1,1446.76,1386.45,60.31,Cash
3883,2023-05-01 02:00:00,2567,Keyboard,1,653.01,576.87,76.14,Cash
1294,2023-01-13 05:00:00,2904,Laptop,4,1026.1,4065.2799999999997,39.12,PayPal
6805,2023-08-30 20:00:00,2539,Laptop,2,1461.89,2851.1800000000003,72.6,PayPal
2148,2023-02-17 19:00:00,2928,Laptop,2,526.9,1032.06,21.74,Debit Card
1766,2023-02-01 21:00:00,2260,Mouse,2,186.36,368.34000000000003,4.38,PayPal
9340,2023-12-14 11:00:00,2015,Tablet,4,840.23,3277.2000000000003,83.72,nan
6679,2023-08-25 14:00:00,2597,Laptop,4,129.98,480.76,39.16,Cash
1428,2023-01-18 19:00:00,2472,Laptop,2,637.22,1267.38,7.06,Credit Card
3392,2023-04-10 15:00:00,2973,Monitor,1,204.56,148.67000000000002,55.89,Cash
6258,2023-08-08 01:00:00,2760,Tablet,1,337.88,247.97,89.91,Credit Card
1577,2023-01-25 00:00:00,2264,Tablet,1,1090.82,1022.28,68.54,Credit Card
5464,2023-07-05 23:00:00,2098,Headphones,3,986.42,2878.7299999999996,80.53,PayPal
5554,2023-07-09 17:00:00,2266,Keyboard,2,795.17,1582.97,7.37,PayPal
4985,2023-06-16 00:00:00,2931,Headphones,4,1048.04,4176.83,15.33,Cash
2370,2023-02-27 01:00:00,2491,Laptop,4,1582.28,6249.24,79.88,Cash
7259,2023-09-18 18:00:00,2660,Headphones,1,,633.1800000000001,21.53,PayPal
10534,2024-02-02 05:00:00,2041,Laptop,2,1985.94,3926.61,45.27,Cash
10455,2024-01-29 22:00:00,2479,Mouse,4,1305.84,5188.71,34.65,Credit Card
1015,2023-01-01 14:00:00,2159,Mouse,4,,7046.25,2.07,Cash
6153,2023-08-03 16:00:00,2995,Tablet,3,1235.36,3645.33,60.75,PayPal
7095,2023-09-11 22:00:00,2686,Laptop,3,1700.06,5023.72,76.46,Debit Card
6713,2023-08-27 00:00:00,2532,Headphones,4,1658.85,6564.92,70.48,Debit Card
7433,2023-09-26 00:00:00,2355,Laptop,1,133.68,89.93,43.75,Credit Card
4689,2023-06-03 16:00:00,2933,Mouse,2,522.74,998.0500000000001,47.43,Credit Card
2906,2023-03-21 09:00:00,2146,Tablet,4,1272.63,5051.700000000001,38.82,Debit Card
10848,2024-02-15 07:00:00,2714,Tablet,4,821.56,3239.5899999999997,46.65,Debit Card
4456,2023-05-24 23:00:00,2008,Laptop,1,1992.46,1928.18,64.28,Debit Card
7180,2023-09-15 11:00:00,2543,Monitor,1,516.81,446.03999999999996,70.77,Debit Card
3508,2023-04-15 11:00:00,2097,Keyboard,2,933.15,1812.32,53.98,Debit Card
3628,2023-04-20 11:00:00,2194,Tablet,2,1446.01,2870.0099999999998,22.01,PayPal
9222,2023-12-09 13:00:00,2313,Headphones,4,732.6,2858.79,71.61,Cash
6655,2023-08-24 14:00:00,2642,Monitor,4,1622.97,6416.17,75.71,PayPal
4434,2023-05-24 01:00:00,2682,Headphones,4,1799.89,7187.14,12.42,Credit Card
10606,2024-02-05 05:00:00,2693,Monitor,1,1550.54,1524.25,26.29,Credit Card
2471,2023-03-03 06:00:00,2534,Laptop,2,298.46,524.76,72.16,Debit Card
1737,2023-01-31 16:00:00,2563,Headphones,3,619.5,1793.42,65.08,nan
1736,2023-01-31 15:00:00,2544,Laptop,2,1367.3,2690.22,44.38,Cash
5973,2023-07-27 04:00:00,2364,Tablet,3,1672.56,4923.900000000001,93.78,Credit Card
4542,2023-05-28 13:00:00,2799,Laptop,2,141.72,195.64,87.8,nan
4056,2023-05-08 07:00:00,2142,Tablet,3,744.89,2181.67,53.0,Credit Card
4754,2023-06-06 09:00:00,2676,Monitor,1,1619.33,1532.3,87.03,Credit Card
1093,2023-01-04 20:00:00,2606,Laptop,3,92.71,276.13,2.0,PayPal
8361,2023-11-03 16:00:00,2545,Tablet,4,,2502.41,86.07,PayPal
6747,2023-08-28 10:00:00,2162,Laptop,4,1699.83,6786.38,12.94,Credit Card
4937,2023-06-14 00:00:00,2242,Keyboard,2,828.09,1574.0900000000001,82.09,Debit Card
7779,2023-10-10 10:00:00,2183,Tablet,3,1556.26,4584.09,84.69,Credit Card
5891,2023-07-23 18:00:00,2371,Tablet,3,855.56,2510.74,55.94,PayPal
9726,2023-12-30 13:00:00,2412,Monitor,1,1729.11,1632.08,97.03,Cash
1497,2023-01-21 16:00:00,2028,Keyboard,2,824.34,1647.48,1.2,Cash
8775,2023-11-20 22:00:00,2188,Keyboard,3,910.23,2651.71,78.98,Debit Card
10654,2024-02-07 05:00:00,2546,Tablet,1,1057.72,985.4000000000001,72.32,Cash
4066,2023-05-08 17:00:00,2355,Headphones,4,986.57,3939.6200000000003,6.66,Credit Card
8293,2023-10-31 20:00:00,2798,Keyboard,1,1509.13,1491.18,17.95,Cash
7605,2023-10-03 04:00:00,2513,Monitor,2,182.59,273.08000000000004,92.1,nan
6270,2023-08-08 13:00:00,2606,Tablet,2,1551.4,3073.75,29.05,nan
1399,2023-01-17 14:00:00,2804,Tablet,4,1114.67,4400.54,58.14,Credit Card
7480,2023-09-27 23:00:00,2063,Keyboard,4,368.08,1420.46,51.86,Debit Card
9531,2023-12-22 10:00:00,2394,Headphones,2,434.98,796.87,73.09,nan
5072,2023-06-19 15:00:00,2410,Monitor,1,218.69,151.41,67.28,Credit Card
5909,2023-07-24 12:00:00,2891,Laptop,2,,2058.91,61.09,Cash
2108,2023-02-16 03:00:00,2649,Keyboard,2,1176.97,2269.44,84.5,Debit Card
4205,2023-05-14 12:00:00,2606,Keyboard,3,1510.14,4508.78,21.64,Cash
10321,2024-01-24 08:00:00,2417,Keyboard,4,1109.88,4380.740000000001,58.78,Credit Card
6860,2023-09-02 03:00:00,2075,Tablet,3,94.01,265.18,16.85,Credit Card
3928,2023-05-02 23:00:00,2350,Headphones,2,452.07,847.85,56.29,Debit Card
9206,2023-12-08 21:00:00,2930,Keyboard,3,1323.06,3948.77,20.41,PayPal
9782,2024-01-01 21:00:00,2914,Headphones,3,419.14,1166.63,90.79,Debit Card
10575,2024-02-03 22:00:00,2190,Laptop,2,1561.53,3045.27,77.79,PayPal
9856,2024-01-04 23:00:00,2167,Monitor,1,1614.23,1582.75,31.48,Debit Card
2878,2023-03-20 05:00:00,2505,Laptop,4,1698.94,6708.1,87.66,Debit Card
2407,2023-02-28 14:00:00,2008,Laptop,3,1887.78,5591.47,71.87,Cash
5336,2023-06-30 15:00:00,2189,Laptop,2,252.41,449.52,55.3,Credit Card
2663,2023-03-11 06:00:00,2440,Tablet,4,868.74,3376.64,98.32,Debit Card
9732,2023-12-30 19:00:00,2252,Headphones,2,272.32,454.94,89.7,Cash
10844,2024-02-15 03:00:00,2691,Headphones,3,,3600.1000000000004,32.0,PayPal
5851,2023-07-22 02:00:00,2033,Monitor,3,1693.2,5005.910000000001,73.69,PayPal
7368,2023-09-23 07:00:00,2726,Laptop,2,30.76,45.43000000000001,16.09,Debit Card
9385,2023-12-16 08:00:00,2914,Mouse,3,85.14,211.82000000000002,43.6,Cash
6453,2023-08-16 04:00:00,2157,Tablet,4,1865.81,7437.03,26.21,Cash
6065,2023-07-31 00:00:00,2314,Keyboard,3,1926.54,5706.23,73.39,Debit Card
8325,2023-11-02 04:00:00,2686,Keyboard,3,947.3,2755.0599999999995,86.84,PayPal
1389,2023-01-17 04:00:00,2101,Laptop,2,,3214.75,29.33,Cash
1837,2023-02-04 20:00:00,2598,Mouse,3,777.93,2315.66,18.13,PayPal
9857,2024-01-05 00:00:00,2549,Mouse,2,1091.69,2099.1,84.28,PayPal
2661,2023-03-11 04:00:00,2965,Mouse,3,1884.51,5585.0199999999995,68.51,Debit Card
4438,2023-05-24 05:00:00,2220,Laptop,1,124.31,44.95,79.36,PayPal
5541,2023-07-09 04:00:00,2879,Monitor,1,314.83,280.58,34.25,Cash
7189,2023-09-15 20:00:00,2420,Headphones,1,401.6,323.39000000000004,78.21,Credit Card
10657,2024-02-07 08:00:00,2435,Laptop,3,565.92,1683.6499999999999,14.11,Credit Card
10326,2024-01-24 13:00:00,2516,Keyboard,4,1792.82,7158.099999999999,13.18,Cash
3321,2023-04-07 16:00:00,2893,Mouse,4,1442.07,,64.13,Cash
4300,2023-05-18 11:00:00,2330,Headphones,4,1736.26,6917.73,27.31,Debit Card
4024,2023-05-06 23:00:00,2142,Keyboard,1,591.35,575.09,16.26,PayPal
1089,2023-01-04 16:00:00,2672,Laptop,4,1559.25,6212.44,24.56,Debit Card
1511,2023-01-22 06:00:00,2607,Tablet,4,1930.67,7667.740000000001,54.94,Credit Card
9462,2023-12-19 13:00:00,2430,Headphones,1,1295.17,1280.1000000000001,15.07,Debit Card
9984,2024-01-10 07:00:00,2776,Monitor,4,1756.96,6991.49,36.35,Cash
9305,2023-12-13 00:00:00,2235,Laptop,3,1320.92,3917.73,45.03,Credit Card
1972,2023-02-10 11:00:00,2442,Tablet,2,1963.68,3859.83,67.53,Credit Card
10083,2024-01-14 10:00:00,2236,Tablet,4,646.36,2496.81,88.63,Cash
8397,2023-11-05 04:00:00,2608,Monitor,4,994.87,3881.71,97.77,PayPal
8808,2023-11-22 07:00:00,2187,Keyboard,2,1967.52,3909.64,25.4,Credit Card
8449,2023-11-07 08:00:00,2779,Headphones,4,1965.68,7786.8,75.92,Cash
9370,2023-12-15 17:00:00,2269,Monitor,2,1317.1,2616.0699999999997,18.13,PayPal
7978,2023-10-18 17:00:00,2962,Laptop,1,1664.88,1579.41,85.47,Credit Card
4182,2023-05-13 13:00:00,2341,Mouse,3,492.91,1412.29,66.44,PayPal
4498,2023-05-26 17:00:00,2718,Mouse,3,146.65,432.26000000000005,7.69,PayPal
3272,2023-04-05 15:00:00,2721,Keyboard,1,,221.02000000000004,63.39,PayPal
6317,2023-08-10 12:00:00,2519,Monitor,2,1810.53,3575.1,45.96,Credit Card
9795,2024-01-02 10:00:00,2016,Mouse,1,1696.26,1618.11,78.15,Credit Card
5111,2023-06-21 06:00:00,2125,Headphones,3,1553.24,4638.7,21.02,Credit Card
4483,2023-05-26 02:00:00,2531,Keyboard,2,1827.65,3568.01,87.29,Debit Card
1652,2023-01-28 03:00:00,2061,Laptop,3,1868.15,5592.4400000000005,12.01,Credit Card
9953,2024-01-09 00:00:00,2025,Keyboard,1,1282.9,1254.89,28.01,PayPal
10483,2024-01-31 02:00:00,2070,Mouse,1,1507.88,1455.2700000000002,52.61,Debit Card
5780,2023-07-19 03:00:00,2500,Headphones,3,1674.72,4959.66,64.5,Cash
5197,2023-06-24 20:00:00,2039,Monitor,4,1243.19,4920.7,52.06,PayPal
5690,2023-07-15 09:00:00,2203,Headphones,4,315.31,1175.25,85.99,Debit Card
6418,2023-08-14 17:00:00,2356,Laptop,4,1300.74,5141.62,61.34,Debit Card
9957,2024-01-09 04:00:00,2273,Keyboard,1,898.51,832.6,65.91,Debit Card
10481,2024-01-31 00:00:00,2451,Laptop,4,1569.8,6188.76,90.44,PayPal
5576,2023-07-10 15:00:00,2872,Monitor,1,760.22,663.8000000000001,96.42,Cash
8647,2023-11-15 14:00:00,2763,Keyboard,1,1458.3,1420.52,37.78,Credit Card
1417,2023-01-18 08:00:00,2524,Tablet,4,59.08,147.95,88.37,Debit Card
2577,2023-03-07 16:00:00,2754,Keyboard,2,1832.32,,86.03,Debit Card
1622,2023-01-26 21:00:00,2757,Laptop,4,521.84,2042.73,44.63,Credit Card
9557,2023-12-23 12:00:00,2512,Keyboard,1,1394.69,1304.48,90.21,Debit Card
1719,2023-01-30 22:00:00,2186,Tablet,4,1749.4,6949.8,47.8,PayPal
4129,2023-05-11 08:00:00,2028,Laptop,2,1142.64,2201.8100000000004,83.47,PayPal
10961,2024-02-20 00:00:00,2750,Laptop,1,1687.26,1659.1299999999999,28.13,Credit Card
6689,2023-08-26 00:00:00,2216,Keyboard,2,1111.13,2170.03,52.23,Credit Card
6369,2023-08-12 16:00:00,2409,Mouse,4,593.56,2335.52,38.72,Cash
6271,2023-08-08 14:00:00,2076,Laptop,1,736.37,665.99,70.38,PayPal
2435,2023-03-01 18:00:00,2506,Keyboard,2,913.42,1754.37,72.47,Credit Card
6077,2023-07-31 12:00:00,2742,Monitor,2,811.75,1565.43,58.07,PayPal
8014,2023-10-20 05:00:00,2040,Keyboard,3,1079.4,3194.7400000000002,43.46,Cash
7979,2023-10-18 18:00:00,2927,Laptop,3,66.71,186.63,13.5,Cash
9948,2024-01-08 19:00:00,2612,Monitor,1,789.45,766.2700000000001,23.18,Credit Card
1550,2023-01-23 21:00:00,2359,Keyboard,4,1776.07,7068.66,35.62,Debit Card
10721,2024-02-10 00:00:00,2362,Laptop,1,977.75,951.24,26.51,Credit Card
5192,2023-06-24 15:00:00,2803,Keyboard,2,979.12,1883.49,74.75,PayPal
4772,2023-06-07 03:00:00,2286,Monitor,4,1270.77,4987.34,95.74,PayPal
4059,2023-05-08 10:00:00,2225,Monitor,2,1150.12,2265.1,35.14,Cash
3496,2023-04-14 23:00:00,2826,Mouse,2,140.85,281.19,0.51,Debit Card
10039,2024-01-12 14:00:00,2296,Tablet,3,910.04,2633.27,96.85,Cash
5398,2023-07-03 05:00:00,2574,Headphones,3,1984.28,5899.55,53.29,Debit Card
1009,2023-01-01 08:00:00,2893,Monitor,4,1397.09,5555.259999999999,33.1,Credit Card
1400,2023-01-17 15:00:00,2153,Keyboard,2,1638.62,3192.2299999999996,85.01,Debit Card
9869,2024-01-05 12:00:00,2521,Mouse,1,322.94,263.78,59.16,PayPal
2351,2023-02-26 06:00:00,2599,Laptop,3,646.03,1845.9199999999998,92.17,Debit Card
9972,2024-01-09 19:00:00,2147,Headphones,4,1630.96,6462.7300000000005,61.11,Debit Card
7075,2023-09-11 02:00:00,2790,Laptop,3,1621.92,4833.6,32.16,Debit Card
8736,2023-11-19 07:00:00,2628,Monitor,2,1407.52,2809.11,5.93,Debit Card
8973,2023-11-29 04:00:00,2645,Tablet,4,178.48,708.2199999999999,5.7,Cash
4523,2023-05-27 18:00:00,2122,Headphones,3,1881.27,5603.009999999999,40.8,Cash
5440,2023-07-04 23:00:00,2186,Monitor,3,466.2,1367.8899999999999,30.71,Credit Card
8676,2023-11-16 19:00:00,2191,Laptop,2,1008.75,2006.01,11.49,Debit Card
6677,2023-08-25 12:00:00,2729,Laptop,1,384.79,314.61,70.18,Credit Card
7436,2023-09-26 03:00:00,2012,Monitor,2,757.42,1454.6999999999998,60.14,Credit Card
1933,2023-02-08 20:00:00,2576,Mouse,4,95.23,343.07,37.85,Credit Card
7007,2023-09-08 06:00:00,2115,Monitor,1,1279.27,1259.51,19.76,Debit Card
4412,2023-05-23 03:00:00,2007,Mouse,2,1987.68,3934.83,40.53,PayPal
10166,2024-01-17 21:00:00,2429,Monitor,4,1726.4,6818.200000000001,87.4,PayPal
8158,2023-10-26 05:00:00,2684,Tablet,4,1250.72,4910.0,92.88,Credit Card
2537,2023-03-06 00:00:00,2671,Mouse,1,488.87,448.16,40.71,PayPal
5344,2023-06-30 23:00:00,2556,Keyboard,1,82.25,43.29,38.96,Cash
9657,2023-12-27 16:00:00,2879,Mouse,3,1160.02,3423.81,56.25,Debit Card
2027,2023-02-12 18:00:00,2131,Headphones,1,1981.58,1961.9499999999998,19.63,Credit Card
3901,2023-05-01 20:00:00,2243,Keyboard,4,212.45,818.9699999999999,30.83,PayPal
1736,2023-01-31 15:00:00,2544,Laptop,2,1367.3,2690.22,44.38,Cash
5185,2023-06-24 08:00:00,2065,Headphones,2,262.85,456.50000000000006,69.2,PayPal
6842,2023-09-01 09:00:00,2095,Keyboard,1,399.88,350.25,49.63,Cash
1583,2023-01-25 06:00:00,2364,Mouse,1,358.78,292.53,66.25,Debit Card
10203,2024-01-19 10:00:00,2916,Monitor,2,967.49,1901.07,33.91,Debit Card
1625,2023-01-27 00:00:00,2547,Laptop,3,892.52,2666.79,10.77,PayPal
1795,2023-02-03 02:00:00,2501,Keyboard,1,967.02,881.49,85.53,PayPal
1569,2023-01-24 16:00:00,2158,Laptop,2,1250.18,2440.5,59.86,Credit Card
1731,2023-01-31 10:00:00,2366,Tablet,2,1776.36,3511.18,41.54,Credit Card
2459,2023-03-02 18:00:00,2642,Headphones,3,1055.21,3155.71,9.92,PayPal
6035,2023-07-29 18:00:00,2026,Mouse,1,798.79,708.43,90.36,PayPal
2502,2023-03-04 13:00:00,2242,Keyboard,4,947.85,3791.02,0.38,Debit Card
8538,2023-11-11 01:00:00,2870,Laptop,3,645.54,1857.51,79.11,PayPal
9674,2023-12-28 09:00:00,2819,Laptop,4,,3472.89,45.07,Debit Card
7956,2023-10-17 19:00:00,2226,Tablet,2,320.76,,53.11,PayPal
3302,2023-04-06 21:00:00,2038,Tablet,1,1918.11,1914.32,3.79,Debit Card
1361,2023-01-16 00:00:00,2503,Headphones,3,1153.33,3406.3799999999997,53.61,Cash
2964,2023-03-23 19:00:00,2621,Tablet,1,910.25,857.28,52.97,Debit Card
7136,2023-09-13 15:00:00,2207,Keyboard,4,1114.51,4421.51,36.53,PayPal
1292,2023-01-13 03:00:00,2444,Monitor,2,1702.19,3304.6,99.78,Debit Card
9133,2023-12-05 20:00:00,2398,Monitor,4,126.32,497.71,7.57,Cash
4039,2023-05-07 14:00:00,2367,Monitor,2,1528.92,3033.6400000000003,24.2,Cash
1102,2023-01-05 05:00:00,2542,Mouse,3,1054.34,3108.9099999999994,54.11,Credit Card
10206,2024-01-19 13:00:00,2994,Keyboard,2,,1393.33,20.41,Credit Card
3289,2023-04-06 08:00:00,2777,Keyboard,2,685.24,1287.97,82.51,PayPal
1705,2023-01-30 08:00:00,2827,Keyboard,2,1994.18,3969.76,18.6,Credit Card
4594,2023-05-30 17:00:00,2706,Tablet,1,208.13,169.03,39.1,Credit Card
10100,2024-01-15 03:00:00,2193,Laptop,2,1515.62,2997.0,34.24,Debit Card
4208,2023-05-14 15:00:00,2156,Headphones,1,1741.64,1648.5500000000002,93.09,Credit Card
2434,2023-03-01 17:00:00,2937,Keyboard,2,203.92,341.21,66.63,PayPal
10323,2024-01-24 10:00:00,2892,Tablet,2,698.03,,64.67,Debit Card
7716,2023-10-07 19:00:00,2222,Laptop,2,923.57,1830.9,16.24,PayPal
5825,2023-07-21 00:00:00,2113,Laptop,3,1055.65,3125.3300000000004,41.62,Credit Card
1857,2023-02-05 16:00:00,2732,Tablet,4,1228.47,4831.22,82.66,Debit Card
9973,2024-01-09 20:00:00,2879,Headphones,4,1719.01,6819.0,57.04,Debit Card
10878,2024-02-16 13:00:00,2620,Headphones,2,734.41,1432.3899999999999,36.43,Credit Card
9200,2023-12-08 15:00:00,2688,Laptop,2,340.71,584.91,96.51,Debit Card
9622,2023-12-26 05:00:00,2589,Keyboard,2,743.66,1399.31,88.01,PayPal
10377,2024-01-26 16:00:00,2007,Keyboard,1,283.86,283.61,0.25,PayPal
4845,2023-06-10 04:00:00,2058,Keyboard,3,,3558.7999999999997,65.38,Debit Card
9160,2023-12-06 23:00:00,2070,Keyboard,2,129.83,182.72000000000003,76.94,Debit Card
7900,2023-10-15 11:00:00,2809,Keyboard,4,1788.4,7141.360000000001,12.24,Credit Card
10292,2024-01-23 03:00:00,2276,Headphones,3,1539.53,4544.75,73.84,Cash
8891,2023-11-25 18:00:00,2827,Keyboard,3,386.07,1139.01,19.2,PayPal
9085,2023-12-03 20:00:00,2646,Monitor,4,1194.42,4698.01,79.67,Debit Card
4089,2023-05-09 16:00:00,2132,Mouse,1,,919.59,73.53,PayPal
3755,2023-04-25 18:00:00,2002,Laptop,3,1626.32,4870.42,8.54,Credit Card
4460,2023-05-25 03:00:00,2210,Tablet,1,1861.33,1813.57,47.76,Cash
1851,2023-02-05 10:00:00,2673,Keyboard,3,729.58,2104.65,84.09,Debit Card
8568,2023-11-12 07:00:00,2346,Laptop,4,1473.05,5827.99,64.21,Debit Card
7760,2023-10-09 15:00:00,2490,Monitor,1,222.68,188.88,33.8,Debit Card
2119,2023-02-16 14:00:00,2236,Monitor,1,1513.92,1429.79,84.13,Debit Card
1564,2023-01-24 11:00:00,2971,Monitor,2,1900.33,3718.3599999999997,82.3,PayPal
9996,2024-01-10 19:00:00,2471,Keyboard,1,263.51,174.42,89.09,Cash
2088,2023-02-15 07:00:00,2313,Laptop,3,1628.36,4799.0,86.08,Debit Card
5095,2023-06-20 14:00:00,2231,Monitor,4,,2041.89,15.03,Debit Card
7381,2023-09-23 20:00:00,2680,Tablet,2,314.87,573.01,56.73,Credit Card
2922,2023-03-22 01:00:00,2900,Monitor,4,25.22,28.099999999999994,72.78,Credit Card
5863,2023-07-22 14:00:00,2693,Mouse,1,1543.43,1479.0700000000002,64.36,Cash
1246,2023-01-11 05:00:00,2027,Monitor,1,1538.6,1471.75,66.85,PayPal
10509,2024-02-01 04:00:00,2279,Mouse,2,1677.1,3283.74,70.46,Debit Card
10428,2024-01-28 19:00:00,2012,Keyboard,3,537.07,1597.19,14.02,Debit Card
2964,2023-03-23 19:00:00,2621,Tablet,1,910.25,857.28,52.97,Debit Card
2732,2023-03-14 03:00:00,2138,Tablet,4,719.8,2853.99,25.21,Debit Card
1064,2023-01-03 15:00:00,2703,Laptop,2,389.91,745.19,34.63,PayPal
3030,2023-03-26 13:00:00,2569,Tablet,2,806.41,1530.9499999999998,81.87,Debit Card
3099,2023-03-29 10:00:00,2139,Tablet,1,676.83,642.82,34.01,Debit Card
10318,2024-01-24 05:00:00,2988,Monitor,2,1211.39,2417.7400000000002,5.04,Credit Card
7707,2023-10-07 10:00:00,2082,Monitor,4,740.08,2921.55,38.77,Credit Card
4884,2023-06-11 19:00:00,2245,Mouse,4,1713.26,6850.87,2.17,Cash
4725,2023-06-05 04:00:00,2823,Mouse,2,1210.49,2348.35,72.63,Debit Card
6033,2023-07-29 16:00:00,2791,Keyboard,2,889.82,1690.16,89.48,PayPal
4849,2023-06-10 08:00:00,2222,Mouse,2,1211.25,2341.4,81.1,Debit Card
4405,2023-05-22 20:00:00,2385,Keyboard,4,1209.14,4757.580000000001,78.98,Cash
10525,2024-02-01 20:00:00,2223,Tablet,3,846.68,,37.59,Cash
4046,2023-05-07 21:00:00,2319,Headphones,2,1642.8,3201.39,84.21,PayPal
2954,2023-03-23 09:00:00,2183,Laptop,3,859.5,2525.45,53.05,Cash
2003,2023-02-11 18:00:00,2302,Keyboard,4,431.62,1703.18,23.3,PayPal
8008,2023-10-19 23:00:00,2960,Monitor,1,1030.26,980.87,49.39,nan
8482,2023-11-08 17:00:00,2668,Monitor,4,875.73,3492.01,10.91,Cash
8540,2023-11-11 03:00:00,2576,Tablet,4,186.57,693.35,52.93,Cash
6099,2023-08-01 10:00:00,2785,Tablet,4,1129.99,4518.66,1.3,nan
3250,2023-04-04 17:00:00,2775,Keyboard,3,918.05,2708.3699999999994,45.78,Credit Card
2027,2023-02-12 18:00:00,2131,Headphones,1,1981.58,1961.9499999999998,19.63,Credit Card
1264,2023-01-11 23:00:00,2304,Mouse,2,1529.99,2985.01,74.97,Debit Card
6112,2023-08-01 23:00:00,2817,Headphones,1,812.93,718.16,94.77,PayPal
7124,2023-09-13 03:00:00,2631,Headphones,1,1034.04,1003.3399999999999,30.7,Cash
5103,2023-06-20 22:00:00,2301,Tablet,2,1284.45,2517.76,51.14,Cash
1656,2023-01-28 07:00:00,2589,Headphones,2,297.33,540.48,54.18,Cash
1624,2023-01-26 23:00:00,2186,Mouse,2,1327.79,2603.64,51.94,Cash
9062,2023-12-02 21:00:00,2143,Mouse,1,1639.84,1570.23,69.61,Cash
8677,2023-11-16 20:00:00,2290,Monitor,1,1608.93,1533.39,75.54,Credit Card
2596,2023-03-08 11:00:00,2565,Monitor,4,878.63,3437.94,76.58,Credit Card
9324,2023-12-13 19:00:00,2030,Headphones,2,398.6,797.1700000000001,0.03,Cash
2091,2023-02-15 10:00:00,2313,Keyboard,3,871.17,2552.62,60.89,Credit Card
8705,2023-11-18 00:00:00,2702,Keyboard,1,161.2,126.44999999999999,34.75,Debit Card
5639,2023-07-13 06:00:00,2854,Laptop,2,323.15,,96.88,Debit Card
9411,2023-12-17 10:00:00,2392,Monitor,4,879.32,3460.67,56.61,PayPal
8718,2023-11-18 13:00:00,2249,Headphones,3,1565.96,4641.85,56.03,Debit Card
10210,2024-01-19 17:00:00,2835,Tablet,1,,896.19,29.05,Credit Card
4234,2023-05-15 17:00:00,2403,Monitor,3,31.85,-0.44999999999998863,96.0,PayPal
1578,2023-01-25 01:00:00,2755,Mouse,4,659.54,2552.64,85.52,Credit Card
6864,2023-09-02 07:00:00,2073,Tablet,4,862.37,3426.62,22.86,PayPal
1971,2023-02-10 10:00:00,2443,Monitor,4,831.64,3239.22,87.34,Credit Card
5658,2023-07-14 01:00:00,2188,Laptop,3,1389.24,4076.5600000000004,91.16,Cash
3345,2023-04-08 16:00:00,2905,Monitor,2,575.52,1077.8,73.24,Debit Card
9189,2023-12-08 04:00:00,2919,Keyboard,1,1726.94,1700.31,26.63,PayPal
6490,2023-08-17 17:00:00,2068,Tablet,1,68.08,-10.079999999999998,78.16,PayPal
10453,2024-01-29 20:00:00,2337,Headphones,3,984.48,2859.51,93.93,Cash
4690,2023-06-03 17:00:00,2288,Tablet,4,564.15,2156.74,99.86,Debit Card
10387,2024-01-27 02:00:00,2351,Keyboard,3,1902.04,5692.3,13.82,Debit Card
4888,2023-06-11 23:00:00,2194,Keyboard,2,1940.06,3877.65,2.47,Credit Card
1077,2023-01-04 04:00:00,2264,Tablet,3,461.48,1367.06,17.38,Debit Card
2285,2023-02-23 12:00:00,2141,Laptop,2,739.31,1380.33,98.29,Cash
9928,2024-01-07 23:00:00,2420,Headphones,2,500.84,934.4599999999999,67.22,Debit Card
6810,2023-08-31 01:00:00,2124,Mouse,3,82.03,221.44,24.65,Credit Card
5355,2023-07-01 10:00:00,2278,Monitor,4,1131.28,4502.34,22.78,Credit Card
7912,2023-10-15 23:00:00,2171,Tablet,2,1090.5,2155.61,25.39,Debit Card
5933,2023-07-25 12:00:00,2956,Keyboard,2,955.22,1863.25,47.19,Debit Card
4610,2023-05-31 09:00:00,2896,Laptop,2,1551.14,3012.09,90.19,Credit Card
4081,2023-05-09 08:00:00,2860,Mouse,3,574.84,1690.09,34.43,Credit Card
2251,2023-02-22 02:00:00,2307,Monitor,4,,6104.95,4.45,PayPal
9159,2023-12-06 22:00:00,2423,Headphones,3,1075.08,,80.82,Cash
2609,2023-03-09 00:00:00,2360,Keyboard,2,789.9,1559.73,20.07,Debit Card
10498,2024-01-31 17:00:00,2824,Keyboard,2,1927.92,3763.3500000000004,92.49,Debit Card
2433,2023-03-01 16:00:00,2218,Laptop,2,605.13,1200.99,9.27,PayPal
1684,2023-01-29 11:00:00,2277,Monitor,1,1190.16,1103.76,86.4,PayPal
5295,2023-06-28 22:00:00,2236,Laptop,2,264.81,494.45,35.17,Cash
1648,2023-01-27 23:00:00,2910,Keyboard,4,1764.94,7031.74,28.02,Cash
3515,2023-04-15 18:00:00,2223,Mouse,2,585.71,1149.77,21.65,Debit Card
9917,2024-01-07 12:00:00,2008,Monitor,2,1831.99,3649.36,14.62,PayPal
2077,2023-02-14 20:00:00,2732,Headphones,2,1937.41,3819.05,55.77,Debit Card
1291,2023-01-13 02:00:00,2535,Keyboard,4,1931.63,7640.13,86.39,PayPal
9658,2023-12-27 17:00:00,2053,Laptop,3,1004.37,2965.96,47.15,Credit Card
9285,2023-12-12 04:00:00,2206,Keyboard,2,1389.2,2757.65,20.75,Credit Card
10089,2024-01-14 16:00:00,2276,Keyboard,3,1756.15,5257.120000000001,11.33,Credit Card
10175,2024-01-18 06:00:00,2402,Tablet,4,,5000.92,73.12,Cash
5272,2023-06-27 23:00:00,2008,Tablet,3,1211.97,3541.0499999999997,94.86,Cash
4015,2023-05-06 14:00:00,2572,Keyboard,4,370.77,1416.5,66.58,PayPal
7058,2023-09-10 09:00:00,2092,Tablet,3,1313.51,3900.6899999999996,39.84,Credit Card
9169,2023-12-07 08:00:00,2167,Laptop,3,377.09,1102.6299999999999,28.64,PayPal
6610,2023-08-22 17:00:00,2848,Keyboard,2,1981.26,3907.99,54.53,PayPal
9014,2023-11-30 21:00:00,2375,Laptop,2,1230.81,2394.71,66.91,Cash
5170,2023-06-23 17:00:00,2723,Mouse,1,1662.28,1649.34,12.94,Debit Card
8566,2023-11-12 05:00:00,2322,Keyboard,1,1234.99,1168.03,66.96,Credit Card
1186,2023-01-08 17:00:00,2658,Tablet,1,76.91,-18.040000000000006,94.95,PayPal
4264,2023-05-16 23:00:00,2893,Laptop,4,844.7,3346.8500000000004,31.95,Credit Card
6523,2023-08-19 02:00:00,2736,Monitor,4,329.21,1292.33,24.51,PayPal
4935,2023-06-13 22:00:00,2036,Monitor,2,934.83,1796.8100000000002,72.85,Credit Card
6385,2023-08-13 08:00:00,2998,Headphones,3,1608.78,4730.97,95.37,Credit Card
9344,2023-12-14 15:00:00,2930,Keyboard,4,423.76,1620.19,74.85,Debit Card
5129,2023-06-22 00:00:00,2084,Keyboard,4,1797.28,7090.44,98.68,PayPal
6471,2023-08-16 22:00:00,2890,Keyboard,1,532.4,501.64,30.76,nan
2369,2023-02-27 00:00:00,2096,Laptop,4,176.44,645.81,59.95,Credit Card
2510,2023-03-04 21:00:00,2417,Laptop,2,478.21,933.1999999999999,23.22,Credit Card
4470,2023-05-25 13:00:00,2245,Mouse,2,304.1,593.47,14.73,PayPal
4602,2023-05-31 01:00:00,2300,Keyboard,4,,6489.24,12.16,Cash
10757,2024-02-11 12:00:00,2972,Keyboard,1,330.8,246.32,84.48,Credit Card
1382,2023-01-16 21:00:00,2226,Monitor,4,1466.58,5830.45,35.87,PayPal
5029,2023-06-17 20:00:00,2848,Laptop,2,811.41,1592.46,30.36,Debit Card
6157,2023-08-03 20:00:00,2130,Keyboard,4,822.38,3233.3,56.22,Cash
2218,2023-02-20 17:00:00,2787,Mouse,2,,2264.68,49.86,Cash
3453,2023-04-13 04:00:00,2901,Keyboard,2,700.56,1315.6499999999999,85.47,Cash
4680,2023-06-03 07:00:00,2766,Laptop,3,,2663.07,85.74,Debit Card
7182,2023-09-15 13:00:00,2430,Laptop,2,1732.11,3450.58,13.64,PayPal
6504,2023-08-18 07:00:00,2864,Headphones,3,938.1,2792.4500000000003,21.85,Debit Card
5302,2023-06-29 05:00:00,2065,Mouse,1,1583.81,1546.46,37.35,PayPal
3710,2023-04-23 21:00:00,2026,Keyboard,4,1806.23,7150.04,74.88,Credit Card
7096,2023-09-11 23:00:00,2610,Headphones,1,510.71,441.71999999999997,68.99,Cash
10049,2024-01-13 00:00:00,2975,Mouse,3,248.57,653.62,92.09,Credit Card
10284,2024-01-22 19:00:00,2355,Monitor,3,1647.29,4864.88,76.99,Cash
8020,2023-10-20 11:00:00,2222,Monitor,2,1671.59,3341.31,1.87,Cash
6815,2023-08-31 06:00:00,2433,Mouse,4,1699.51,6764.91,33.13,Credit Card
6138,2023-08-03 01:00:00,2565,Monitor,2,1347.01,2663.21,30.81,PayPal
2196,2023-02-19 19:00:00,2683,Headphones,3,1389.38,4092.6900000000005,75.45,PayPal
6913,2023-09-04 08:00:00,2929,Monitor,2,643.46,1242.88,44.04,PayPal
4856,2023-06-10 15:00:00,2488,Headphones,3,772.1,2290.27,26.03,Cash
2806,2023-03-17 05:00:00,2723,Laptop,1,1362.09,1275.09,87.0,Credit Card
8549,2023-11-11 12:00:00,2210,Laptop,2,1657.78,3269.79,45.77,Debit Card
4946,2023-06-14 09:00:00,2083,Tablet,1,228.84,168.6,60.24,PayPal
7720,2023-10-07 23:00:00,2270,Laptop,1,1553.02,1459.32,93.7,Cash
9766,2024-01-01 05:00:00,2228,Tablet,2,947.56,1848.6599999999999,46.46,nan
10986,2024-02-21 01:00:00,2439,Mouse,3,1517.98,4524.030000000001,29.91,Debit Card
8853,2023-11-24 04:00:00,2517,Monitor,2,1512.57,2931.72,93.42,Credit Card
9139,2023-12-06 02:00:00,2111,Tablet,2,163.61,273.89000000000004,53.33,PayPal
4950,2023-06-14 13:00:00,2532,Monitor,4,106.87,395.0,32.48,Debit Card
2255,2023-02-22 06:00:00,2809,Laptop,4,1651.87,6517.839999999999,89.64,Debit Card
2513,2023-03-05 00:00:00,2761,Mouse,2,488.88,943.68,34.08,PayPal
4887,2023-06-11 22:00:00,2210,Mouse,4,1742.47,6939.38,30.5,Cash
8809,2023-11-22 08:00:00,2724,Mouse,3,1658.0,4900.46,73.54,Credit Card
9289,2023-12-12 08:00:00,2969,Laptop,4,390.46,1490.6399999999999,71.2,Credit Card
3466,2023-04-13 17:00:00,2417,Tablet,1,1264.81,1250.6,14.21,PayPal
4064,2023-05-08 15:00:00,2245,Mouse,2,299.49,499.95000000000005,99.03,Debit Card
5131,2023-06-22 02:00:00,2227,Monitor,3,1771.92,5290.860000000001,24.9,PayPal
1145,2023-01-07 00:00:00,2911,Tablet,1,330.76,249.93,80.83,nan
6870,2023-09-02 13:00:00,2516,Keyboard,2,1038.54,1979.5,97.58,PayPal
9507,2023-12-21 10:00:00,2377,Mouse,3,1245.28,3656.07,79.77,Debit Card
4119,2023-05-10 22:00:00,2120,Mouse,4,922.44,3611.4700000000003,78.29,PayPal
9830,2024-01-03 21:00:00,2723,Headphones,2,1568.66,3112.9300000000003,24.39,Credit Card
1759,2023-02-01 14:00:00,2078,Laptop,4,1012.9,3962.72,88.88,Debit Card
5462,2023-07-05 21:00:00,2973,Monitor,3,1431.72,4258.18,36.98,PayPal
3250,2023-04-04 17:00:00,2775,Keyboard,3,918.05,2708.3699999999994,45.78,Credit Card
3589,2023-04-18 20:00:00,2971,Laptop,1,946.14,932.38,13.76,Debit Card
4414,2023-05-23 05:00:00,2436,Laptop,1,406.35,321.37,84.98,Credit Card
7533,2023-09-30 04:00:00,2884,Mouse,1,220.16,190.41,29.75,Cash
2618,2023-03-09 09:00:00,2836,Mouse,3,851.63,2530.75,24.14,PayPal
3228,2023-04-03 19:00:00,2887,Laptop,2,812.05,1549.74,74.36,Cash
3821,2023-04-28 12:00:00,2469,Headphones,4,734.13,2922.98,13.54,PayPal
7655,2023-10-05 06:00:00,2867,Headphones,3,1824.25,5384.88,87.87,Credit Card
2767,2023-03-15 14:00:00,2931,Keyboard,4,1634.23,6482.22,54.7,Credit Card
4533,2023-05-28 04:00:00,2712,Headphones,3,503.68,1437.27,73.77,Credit Card
10995,2024-02-21 10:00:00,2016,Laptop,4,1483.1,5900.71,31.69,Credit Card
3086,2023-03-28 21:00:00,2245,Tablet,2,1775.9,3545.51,6.29,Cash
1432,2023-01-18 23:00:00,2035,Keyboard,1,1312.78,1230.1399999999999,82.64,Debit Card
7913,2023-10-16 00:00:00,2618,Keyboard,1,922.79,,45.93,Debit Card
1001,2023-01-01 00:00:00,2279,Tablet,1,937.31,891.63,45.68,Cash
8653,2023-11-15 20:00:00,2010,Monitor,1,1173.1,1107.03,66.07,Credit Card
5837,2023-07-21 12:00:00,2045,Headphones,3,464.13,1381.4799999999998,10.91,PayPal
1350,2023-01-15 13:00:00,2369,Monitor,1,,171.16,74.97,Cash
2184,2023-02-19 07:00:00,2670,Monitor,3,182.85,489.52,59.03,Cash
10366,2024-01-26 05:00:00,2259,Mouse,3,808.27,2411.16,13.65,Debit Card
9049,2023-12-02 08:00:00,2665,Keyboard,1,1925.21,1907.72,17.49,Credit Card
2563,2023-03-07 02:00:00,2818,Tablet,1,230.56,143.76999999999998,86.79,PayPal
5685,2023-07-15 04:00:00,2339,Keyboard,1,497.14,468.46,28.68,PayPal
7089,2023-09-11 16:00:00,2453,Keyboard,4,1865.54,7436.47,25.69,Cash
3056,2023-03-27 15:00:00,2810,Headphones,2,1798.59,3506.56,90.62,Cash
6205,2023-08-05 20:00:00,2155,Headphones,2,1481.44,2934.04,28.84,PayPal
9327,2023-12-13 22:00:00,2312,Keyboard,2,1986.79,3958.24,15.34,PayPal
10449,2024-01-29 16:00:00,2310,Mouse,3,1346.46,4030.29,9.09,PayPal
2156,2023-02-18 03:00:00,2353,Mouse,2,1514.66,2954.07,75.25,PayPal
7326,2023-09-21 13:00:00,2505,Mouse,1,807.24,713.38,93.86,Cash
9872,2024-01-05 15:00:00,2963,Headphones,1,455.95,387.84,68.11,Cash
3153,2023-03-31 16:00:00,2522,Headphones,3,881.37,,58.31,PayPal
8964,2023-11-28 19:00:00,2364,Headphones,3,1999.25,5969.07,28.68,Debit Card
9401,2023-12-17 00:00:00,2470,Keyboard,4,766.67,,81.57,Debit Card
6408,2023-08-14 07:00:00,2437,Laptop,3,,,92.16,PayPal
8612,2023-11-14 03:00:00,2013,Keyboard,3,,4912.31,81.4,Debit Card
2517,2023-03-05 04:00:00,2691,Mouse,3,1671.34,4929.19,84.83,Debit Card
5066,2023-06-19 09:00:00,2670,Laptop,1,458.87,448.5,10.37,PayPal
5826,2023-07-21 01:00:00,2710,Mouse,4,839.69,3293.59,65.17,Cash
5935,2023-07-25 14:00:00,2490,Monitor,4,1465.32,5804.639999999999,56.64,Credit Card
8515,2023-11-10 02:00:00,2353,Monitor,3,820.69,2375.51,86.56,nan
8625,2023-11-14 16:00:00,2166,Laptop,2,201.82,394.05,9.59,Credit Card
3880,2023-04-30 23:00:00,2682,Laptop,4,1832.92,7247.06,84.62,Credit Card
9432,2023-12-18 07:00:00,2887,Tablet,2,1018.68,1965.7199999999998,71.64,Debit Card
4827,2023-06-09 10:00:00,2345,Keyboard,2,677.73,,60.62,PayPal
8641,2023-11-15 08:00:00,2537,Monitor,2,1614.25,3133.69,94.81,Debit Card
5292,2023-06-28 19:00:00,2704,Keyboard,1,294.11,285.62,8.49,PayPal
3677,2023-04-22 12:00:00,2642,Mouse,1,1818.71,1744.79,73.92,Cash
8543,2023-11-11 06:00:00,2796,Laptop,4,1704.41,6779.360000000001,38.28,Credit Card
10304,2024-01-23 15:00:00,2310,Headphones,3,442.61,1291.71,36.12,Debit Card
5873,2023-07-23 00:00:00,2059,Headphones,1,553.55,538.03,15.52,PayPal
1783,2023-02-02 14:00:00,2726,Monitor,4,1014.61,3974.66,83.78,Cash
8932,2023-11-27 11:00:00,2867,Mouse,1,1362.55,1319.61,42.94,Credit Card
2157,2023-02-18 04:00:00,2604,Mouse,2,1326.0,2567.3,84.7,Credit Card
3674,2023-04-22 09:00:00,2835,Keyboard,1,1783.86,1734.1,49.76,Credit Card
3216,2023-04-03 07:00:00,2746,Mouse,1,1582.3,1564.47,17.83,Cash
1317,2023-01-14 04:00:00,2402,Tablet,1,885.57,853.47,32.1,Cash
10921,2024-02-18 08:00:00,2575,Laptop,4,534.69,2067.01,71.75,Credit Card
4899,2023-06-12 10:00:00,2647,Laptop,3,1190.04,3483.96,86.16,Credit Card
9612,2023-12-25 19:00:00,2800,Keyboard,4,1235.15,4929.76,10.84,Credit Card
6759,2023-08-28 22:00:00,2154,Tablet,1,230.36,176.08,54.28,nan
1380,2023-01-16 19:00:00,2596,Monitor,4,746.67,2888.68,98.0,Cash
10795,2024-02-13 02:00:00,2966,Laptop,3,492.19,1440.59,35.98,Cash
6352,2023-08-11 23:00:00,2665,Monitor,3,1070.5,3128.08,83.42,Cash
7490,2023-09-28 09:00:00,2521,Keyboard,2,1164.22,2241.83,86.61,Debit Card
10942,2024-02-19 05:00:00,2441,Tablet,3,1780.53,5300.25,41.34,Credit Card
2886,2023-03-20 13:00:00,2384,Tablet,3,1328.0,3983.38,0.62,Cash
6166,2023-08-04 05:00:00,2457,Mouse,2,310.9,582.0699999999999,39.73,Cash
10741,2024-02-10 20:00:00,2727,Tablet,4,1980.37,7856.9,64.58,Credit Card
10421,2024-01-28 12:00:00,2020,Laptop,1,672.97,664.8000000000001,8.17,Credit Card
4964,2023-06-15 03:00:00,2712,Laptop,3,1679.56,4945.14,93.54,Credit Card
7132,2023-09-13 11:00:00,2604,Mouse,2,729.28,1442.6699999999998,15.89,Debit Card
3287,2023-04-06 06:00:00,2303,Tablet,3,1692.26,5001.009999999999,75.77,Cash
10262,2024-01-21 21:00:00,2612,Headphones,4,798.92,3181.2799999999997,14.4,Cash
10093,2024-01-14 20:00:00,2187,Monitor,1,1109.12,1104.2199999999998,4.9,PayPal
10871,2024-02-16 06:00:00,2471,Laptop,1,1565.91,1556.02,9.89,Cash
1104,2023-01-05 07:00:00,2300,Keyboard,2,839.37,1620.85,57.89,Debit Card
3475,2023-04-14 02:00:00,2052,Mouse,4,,7139.76,43.2,Cash
6636,2023-08-23 19:00:00,2598,Monitor,3,1812.46,5434.5,2.88,Debit Card
4230,2023-05-15 13:00:00,2368,Monitor,1,1875.68,1825.5900000000001,50.09,PayPal
8751,2023-11-19 22:00:00,2183,Monitor,1,234.58,178.89000000000001,55.69,Credit Card
3454,2023-04-13 05:00:00,2193,Monitor,1,1878.87,1851.07,27.8,Cash
3692,2023-04-23 03:00:00,2064,Mouse,4,1829.97,7315.49,4.39,Cash
1757,2023-02-01 12:00:00,2436,Headphones,4,673.69,2642.61,52.15,Debit Card
8771,2023-11-20 18:00:00,2618,Tablet,4,870.17,3394.0499999999997,86.63,Debit Card
9650,2023-12-27 09:00:00,2258,Mouse,3,1222.33,3619.1499999999996,47.84,Cash
10357,2024-01-25 20:00:00,2913,Headphones,1,1034.22,946.62,87.6,Credit Card
3575,2023-04-18 06:00:00,2775,Monitor,1,666.18,642.92,23.26,Debit Card
3261,2023-04-05 04:00:00,2161,Tablet,1,1586.12,1534.34,51.78,Cash
2714,2023-03-13 09:00:00,2300,Keyboard,1,448.54,428.22,20.32,PayPal
2781,2023-03-16 04:00:00,2296,Keyboard,3,40.95,30.090000000000003,92.76,Credit Card
2607,2023-03-08 22:00:00,2852,Keyboard,4,1904.87,7556.919999999999,62.56,Cash
8678,2023-11-16 21:00:00,2863,Laptop,1,1849.16,1766.8400000000001,82.32,Cash
9113,2023-12-05 00:00:00,2535,Keyboard,1,940.2,870.01,70.19,Debit Card
4007,2023-05-06 06:00:00,2021,Mouse,4,1017.93,4051.31,20.41,Debit Card
4108,2023-05-10 11:00:00,2661,Laptop,1,1537.14,1497.92,39.22,Debit Card
4140,2023-05-11 19:00:00,2398,Laptop,4,1843.86,7358.719999999999,16.72,PayPal
9771,2024-01-01 10:00:00,2492,Keyboard,2,21.46,16.610000000000003,26.31,PayPal
5783,2023-07-19 06:00:00,2900,Laptop,3,1832.96,5483.72,15.16,Debit Card
9361,2023-12-15 08:00:00,2874,Tablet,3,1176.19,3466.25,62.32,Credit Card
1568,2023-01-24 15:00:00,2749,Mouse,1,217.47,,77.33,Credit Card
5380,2023-07-02 11:00:00,2184,Mouse,2,708.9,1378.18,39.62,PayPal
6187,2023-08-05 02:00:00,2619,Monitor,1,551.78,544.68,7.1,Cash
9922,2024-01-07 17:00:00,2372,Mouse,2,1150.76,2261.06,40.46,Cash
9579,2023-12-24 10:00:00,2182,Tablet,4,1067.28,4176.72,92.4,Debit Card
8888,2023-11-25 15:00:00,2878,Mouse,2,1080.66,,78.98,Cash
6820,2023-08-31 11:00:00,2635,Headphones,3,677.08,1956.1700000000003,75.07,Credit Card
9252,2023-12-10 19:00:00,2257,Headphones,3,1177.49,3475.0600000000004,57.41,Credit Card
5346,2023-07-01 01:00:00,2490,Headphones,2,1237.65,2440.32,34.98,Credit Card
3518,2023-04-15 21:00:00,2560,Laptop,3,373.44,1069.1799999999998,51.14,PayPal
3841,2023-04-29 08:00:00,2195,Keyboard,2,1904.99,3745.33,64.65,Debit Card
7409,2023-09-25 00:00:00,2471,Tablet,2,1579.87,3109.6,50.14,Cash
6303,2023-08-09 22:00:00,2808,Laptop,1,507.59,481.46999999999997,26.12,Cash
4583,2023-05-30 06:00:00,2150,Laptop,2,1144.4,2211.82,76.98,PayPal
8039,2023-10-21 06:00:00,2219,Mouse,4,293.74,1166.6200000000001,8.34,PayPal
2225,2023-02-21 00:00:00,2135,Laptop,2,543.13,1004.78,81.48,PayPal
4458,2023-05-25 01:00:00,2346,Tablet,4,788.09,3066.31,86.05,Credit Card
2200,2023-02-19 23:00:00,2466,Keyboard,1,1499.58,1419.07,80.51,Debit Card
8875,2023-11-25 02:00:00,2800,Monitor,1,1545.74,1532.66,13.08,Credit Card
1765,2023-02-01 20:00:00,2414,Mouse,4,1774.07,7023.99,72.29,Debit Card
8593,2023-11-13 08:00:00,2402,Keyboard,4,814.94,3201.1000000000004,58.66,Cash
1037,2023-01-02 12:00:00,2531,Tablet,2,259.54,500.24000000000007,18.84,PayPal
10155,2024-01-17 10:00:00,2994,Keyboard,1,705.88,618.72,87.16,PayPal
5882,2023-07-23 09:00:00,2140,Mouse,1,,-35.949999999999996,77.74,Credit Card
8654,2023-11-15 21:00:00,2315,Monitor,2,430.17,840.77,19.57,PayPal
9197,2023-12-08 12:00:00,2896,Tablet,3,237.83,688.11,25.38,Credit Card
7364,2023-09-23 03:00:00,2113,Headphones,4,1432.19,5692.09,36.67,Cash
9678,2023-12-28 13:00:00,2449,Keyboard,4,131.42,477.60999999999996,48.07,PayPal
8551,2023-11-11 14:00:00,2946,Tablet,4,321.44,1203.45,82.31,PayPal
4397,2023-05-22 12:00:00,2623,Monitor,1,446.05,368.34000000000003,77.71,Credit Card
6993,2023-09-07 16:00:00,2699,Mouse,1,1271.54,1214.92,56.62,Debit Card
6857,2023-09-02 00:00:00,2345,Laptop,2,1713.36,3373.2599999999998,53.46,Debit Card
6219,2023-08-06 10:00:00,2149,Keyboard,4,659.37,2620.02,17.46,Cash
5986,2023-07-27 17:00:00,2485,Keyboard,4,1304.63,5193.84,24.68,PayPal
4371,2023-05-21 10:00:00,2535,Keyboard,4,614.83,2406.03,53.29,Credit Card
6742,2023-08-28 05:00:00,2972,Mouse,4,846.71,3359.1400000000003,27.7,Credit Card
8584,2023-11-12 23:00:00,2016,Keyboard,4,1814.4,7186.13,71.47,PayPal
4255,2023-05-16 14:00:00,2728,Monitor,1,1031.29,1019.67,11.62,Debit Card
3479,2023-04-14 06:00:00,2804,Monitor,2,946.34,1824.9,67.78,Credit Card
7887,2023-10-14 22:00:00,2061,Keyboard,1,392.94,321.40999999999997,71.53,Cash
3139,2023-03-31 02:00:00,2929,Mouse,2,978.31,1938.76,17.86,Cash
10299,2024-01-23 10:00:00,2482,Tablet,2,,385.38,14.48,Cash
2635,2023-03-10 02:00:00,2101,Tablet,4,918.17,3647.8999999999996,24.78,Debit Card
3276,2023-04-05 19:00:00,2240,Monitor,4,663.0,2554.58,97.42,Debit Card
5833,2023-07-21 08:00:00,2854,Tablet,1,1988.38,1978.3400000000001,10.04,Credit Card
6013,2023-07-28 20:00:00,2285,Laptop,3,1069.9,3145.44,64.26,Cash
8195,2023-10-27 18:00:00,2429,Headphones,1,904.81,833.2199999999999,71.59,Debit Card
1638,2023-01-27 13:00:00,2551,Headphones,2,709.45,1341.68,77.22,Credit Card
2072,2023-02-14 15:00:00,2249,Keyboard,3,1037.01,3033.24,77.79,Credit Card
4188,2023-05-13 19:00:00,2105,Monitor,3,128.01,350.33,33.7,Cash
7130,2023-09-13 09:00:00,2989,Keyboard,3,911.33,2719.0000000000005,14.99,PayPal
2191,2023-02-19 14:00:00,2309,Tablet,2,1891.94,3725.65,58.23,PayPal
3390,2023-04-10 13:00:00,2266,Mouse,2,798.64,1557.07,40.21,PayPal
5538,2023-07-09 01:00:00,2334,Laptop,4,1289.17,5077.75,78.93,Debit Card
10687,2024-02-08 14:00:00,2333,Monitor,3,,5137.62,75.09,Credit Card
9853,2024-01-04 20:00:00,2568,Tablet,1,1149.17,1111.69,37.48,Credit Card
1150,2023-01-07 05:00:00,2337,Monitor,1,1050.71,961.3000000000001,89.41,Debit Card
3686,2023-04-22 21:00:00,2218,Laptop,4,1940.0,7706.65,53.35,Cash
6530,2023-08-19 09:00:00,2324,Monitor,2,1077.81,2123.15,32.47,Credit Card
4345,2023-05-20 08:00:00,2763,Keyboard,1,126.3,57.519999999999996,68.78,Cash
4992,2023-06-16 07:00:00,2336,Keyboard,3,1504.28,4496.14,16.7,Debit Card
2455,2023-03-02 14:00:00,2692,Tablet,4,,7672.400000000001,59.44,Credit Card
6675,2023-08-25 10:00:00,2428,Tablet,2,371.98,665.27,78.69,PayPal
2627,2023-03-09 18:00:00,2116,Keyboard,1,40.0,37.23,2.77,PayPal
2747,2023-03-14 18:00:00,2201,Mouse,1,877.05,839.17,37.88,PayPal
8483,2023-11-08 18:00:00,2133,Mouse,4,,6260.01,68.23,PayPal
1802,2023-02-03 09:00:00,2143,Laptop,1,773.37,681.57,91.8,Debit Card
10037,2024-01-12 12:00:00,2321,Tablet,3,674.17,1974.6599999999999,47.85,Debit Card
7628,2023-10-04 03:00:00,2185,Keyboard,1,216.71,159.91000000000003,56.8,Debit Card
8198,2023-10-27 21:00:00,2233,Headphones,3,226.59,623.6999999999999,56.07,PayPal
1743,2023-01-31 22:00:00,2324,Mouse,3,43.63,55.60000000000001,75.29,PayPal
8237,2023-10-29 12:00:00,2765,Tablet,3,215.2,644.8699999999999,0.73,PayPal
5068,2023-06-19 11:00:00,2651,Headphones,1,574.03,541.86,32.17,PayPal
7071,2023-09-10 22:00:00,2505,Laptop,4,1164.77,4610.34,48.74,PayPal
5084,2023-06-20 03:00:00,2353,Laptop,3,1830.73,5476.120000000001,16.07,nan
7340,2023-09-22 03:00:00,2830,Mouse,3,945.49,2753.4300000000003,83.04,Debit Card
10471,2024-01-30 14:00:00,2277,Monitor,1,1087.35,997.78,89.57,Debit Card
2409,2023-02-28 16:00:00,2342,Laptop,3,227.1,622.49,58.81,Cash
6652,2023-08-24 11:00:00,2640,Mouse,2,1805.93,,88.79,Credit Card
3486,2023-04-14 13:00:00,2502,Monitor,2,1954.13,3844.84,63.42,Cash
10788,2024-02-12 19:00:00,2106,Monitor,4,321.41,1221.8300000000002,63.81,Debit Card
8976,2023-11-29 07:00:00,2267,Tablet,1,1405.14,1316.15,88.99,Cash
1800,2023-02-03 07:00:00,2807,Mouse,2,1645.54,3243.18,47.9,Debit Card
9179,2023-12-07 18:00:00,2644,Monitor,2,548.92,1079.02,18.82,Debit Card
8709,2023-11-18 04:00:00,2301,Headphones,1,,140.48000000000002,52.7,Debit Card
3125,2023-03-30 12:00:00,2228,Laptop,3,1594.93,4690.48,94.31,Cash
8536,2023-11-10 23:00:00,2865,Keyboard,3,1320.69,3952.2200000000003,9.85,Cash
2211,2023-02-20 10:00:00,2130,Laptop,1,551.17,454.74999999999994,96.42,Credit Card
2804,2023-03-17 03:00:00,2707,Keyboard,2,574.85,1066.67,83.03,Cash
7518,2023-09-29 13:00:00,2354,Headphones,4,1191.75,4730.2,36.8,Debit Card
7593,2023-10-02 16:00:00,2926,Tablet,2,74.66,120.80999999999999,28.51,Debit Card
7922,2023-10-16 09:00:00,2962,Tablet,4,259.7,968.16,70.64,Credit Card
4316,2023-05-19 03:00:00,2814,Mouse,1,221.42,153.62,67.8,Debit Card
5904,2023-07-24 07:00:00,2795,Tablet,1,,1603.12,85.66,Cash
4539,2023-05-28 10:00:00,2122,Mouse,4,892.48,3508.48,61.44,Debit Card
2189,2023-02-19 12:00:00,2515,Headphones,1,1403.13,1354.17,48.96,PayPal
5402,2023-07-03 09:00:00,2824,Laptop,3,831.98,2458.6,37.34,Cash
7071,2023-09-10 22:00:00,2505,Laptop,4,1164.77,4610.34,48.74,PayPal
1587,2023-01-25 10:00:00,2807,Keyboard,1,490.37,442.61,47.76,Credit Card
10435,2024-01-29 02:00:00,2698,Tablet,1,1641.71,1615.8700000000001,25.84,Credit Card
10289,2024-01-23 00:00:00,2652,Laptop,4,1234.63,4925.6900000000005,12.83,Cash
6232,2023-08-06 23:00:00,2292,Keyboard,1,122.96,36.22,86.74,PayPal
5574,2023-07-10 13:00:00,2289,Headphones,2,1142.39,2204.63,80.15,PayPal
7806,2023-10-11 13:00:00,2772,Mouse,4,888.6,3489.03,65.37,Cash
8832,2023-11-23 07:00:00,2056,Laptop,1,1787.72,1724.34,63.38,Debit Card
8761,2023-11-20 08:00:00,2287,Headphones,3,1730.03,5153.66,36.43,Debit Card
9877,2024-01-05 20:00:00,2570,Mouse,2,1298.09,2527.5899999999997,68.59,Debit Card
1024,2023-01-01 23:00:00,2860,Monitor,3,778.94,2305.7200000000003,31.1,PayPal
4320,2023-05-19 07:00:00,2840,Tablet,4,1428.68,5710.38,4.34,Cash
6036,2023-07-29 19:00:00,2523,Headphones,3,1938.7,5813.14,2.96,Debit Card
7730,2023-10-08 09:00:00,2302,Headphones,3,492.23,1402.75,73.94,Cash
8284,2023-10-31 11:00:00,2561,Tablet,3,811.34,2423.0099999999998,11.01,Debit Card
6269,2023-08-08 12:00:00,2091,Laptop,1,,34.669999999999995,15.06,Debit Card
1790,2023-02-02 21:00:00,2072,Mouse,3,1586.73,4694.460000000001,65.73,Cash
8373,2023-11-04 04:00:00,2361,Headphones,3,1337.85,3967.45,46.1,Cash
2348,2023-02-26 03:00:00,2365,Tablet,1,855.28,827.1,28.18,Cash
6617,2023-08-23 00:00:00,2522,Laptop,4,817.27,3242.48,26.6,PayPal
9423,2023-12-17 22:00:00,2438,Headphones,4,1917.71,7641.0,29.84,PayPal
3555,2023-04-17 10:00:00,2533,Headphones,2,1642.27,3216.64,67.9,Cash
9848,2024-01-04 15:00:00,2847,Keyboard,3,1745.41,5204.46,31.77,Cash
5316,2023-06-29 19:00:00,2933,Headphones,2,725.25,1380.96,69.54,Debit Card
10697,2024-02-09 00:00:00,2241,Keyboard,3,786.94,2329.77,31.05,PayPal
8590,2023-11-13 05:00:00,2625,Keyboard,2,1027.47,2034.67,20.27,Credit Card
8607,2023-11-13 22:00:00,2823,Keyboard,1,1856.02,,44.09,Credit Card
7649,2023-10-05 00:00:00,2471,Tablet,2,1436.74,2870.15,3.33,PayPal
8151,2023-10-25 22:00:00,2073,Keyboard,1,462.79,395.04,67.75,PayPal
9875,2024-01-05 18:00:00,2971,Monitor,2,1194.34,2367.29,21.39,Credit Card
8345,2023-11-03 00:00:00,2130,Mouse,1,318.83,285.12,33.71,Debit Card
1606,2023-01-26 05:00:00,2130,Laptop,4,1223.24,4839.9800000000005,52.98,PayPal
10327,2024-01-24 14:00:00,2618,Mouse,1,511.14,465.88,45.26,Credit Card
9244,2023-12-10 11:00:00,2031,Mouse,3,1299.76,3804.9399999999996,94.34,Credit Card
1994,2023-02-11 09:00:00,2411,Monitor,2,1821.78,3554.47,89.09,Credit Card
5845,2023-07-21 20:00:00,2036,Tablet,2,520.85,1010.94,30.76,Credit Card
8078,2023-10-22 21:00:00,2304,Tablet,3,888.88,2635.2799999999997,31.36,Debit Card
8298,2023-11-01 01:00:00,2032,Monitor,3,677.37,2026.7500000000002,5.36,Cash
4774,2023-06-07 05:00:00,2606,Monitor,4,,712.2900000000001,61.67,Cash
7978,2023-10-18 17:00:00,2962,Laptop,1,1664.88,1579.41,85.47,Credit Card
8414,2023-11-05 21:00:00,2928,Keyboard,3,1921.38,5723.4400000000005,40.7,PayPal
2419,2023-03-01 02:00:00,2829,Laptop,4,181.17,670.3699999999999,54.31,Credit Card
10550,2024-02-02 21:00:00,2568,Mouse,2,438.71,802.62,74.8,PayPal
2624,2023-03-09 15:00:00,2799,Mouse,4,1713.77,6771.93,83.15,Debit Card
5606,2023-07-11 21:00:00,2039,Keyboard,4,1509.85,5982.32,57.08,Debit Card
4567,2023-05-29 14:00:00,2312,Monitor,2,1767.7,,27.48,Cash
9032,2023-12-01 15:00:00,2187,Keyboard,4,1176.96,4633.49,74.35,Credit Card
9286,2023-12-12 05:00:00,2636,Monitor,2,1943.0,3875.04,10.96,Credit Card
6738,2023-08-28 01:00:00,2427,Keyboard,2,1740.45,3465.58,15.32,Debit Card
10046,2024-01-12 21:00:00,2216,Monitor,1,321.13,239.12,82.01,Credit Card
5774,2023-07-18 21:00:00,2108,Headphones,1,831.68,811.3299999999999,20.35,Cash
4106,2023-05-10 09:00:00,2268,Keyboard,2,419.44,748.0699999999999,90.81,PayPal
7966,2023-10-18 05:00:00,2550,Keyboard,1,1372.75,1304.61,68.14,PayPal
10247,2024-01-21 06:00:00,2212,Laptop,1,1173.43,1095.03,78.4,Credit Card
2254,2023-02-22 05:00:00,2091,Monitor,2,1693.61,3387.0499999999997,0.17,Debit Card
9306,2023-12-13 01:00:00,2602,Laptop,2,325.21,609.02,41.4,Credit Card
10002,2024-01-11 01:00:00,2782,Tablet,2,453.85,882.74,24.96,Debit Card
6066,2023-07-31 01:00:00,2228,Keyboard,3,1415.3,4240.74,5.16,PayPal
2311,2023-02-24 14:00:00,2085,Mouse,2,1792.92,3549.84,36.0,PayPal
6872,2023-09-02 15:00:00,2237,Headphones,2,178.84,322.67,35.01,PayPal
8239,2023-10-29 14:00:00,2075,Mouse,3,335.84,963.02,44.5,Cash
6406,2023-08-14 05:00:00,2327,Headphones,4,1891.37,7480.87,84.61,Credit Card
5025,2023-06-17 16:00:00,2657,Tablet,2,387.7,679.0899999999999,96.31,PayPal
10351,2024-01-25 14:00:00,2332,Monitor,2,,2554.64,40.34,PayPal
3146,2023-03-31 09:00:00,2825,Monitor,2,1719.09,3424.47,13.71,Cash
5583,2023-07-10 22:00:00,2685,Monitor,4,984.06,3914.7,21.54,Credit Card
10966,2024-02-20 05:00:00,2522,Headphones,4,1373.56,5465.29,28.95,Credit Card
2792,2023-03-16 15:00:00,2213,Keyboard,2,1182.51,2296.39,68.63,Debit Card
4401,2023-05-22 16:00:00,2109,Monitor,4,611.44,2404.48,41.28,PayPal
1268,2023-01-12 03:00:00,2400,Keyboard,2,1477.64,2877.9700000000003,77.31,PayPal
6146,2023-08-03 09:00:00,2297,Mouse,2,733.01,1421.98,44.04,PayPal
3026,2023-03-26 09:00:00,2203,Laptop,2,1073.23,2107.07,39.39,Credit Card
9562,2023-12-23 17:00:00,2246,Keyboard,1,1513.61,1422.2399999999998,91.37,Cash
10723,2024-02-10 02:00:00,2589,Tablet,4,86.12,285.23,59.25,Cash
2340,2023-02-25 19:00:00,2467,Mouse,1,1091.27,1010.62,80.65,Cash
4155,2023-05-12 10:00:00,2376,Headphones,3,1935.0,5775.02,29.98,PayPal
10191,2024-01-18 22:00:00,2699,Headphones,3,1189.4,3514.59,53.61,PayPal
1739,2023-01-31 18:00:00,2680,Headphones,3,1248.75,3722.41,23.84,PayPal
4687,2023-06-03 14:00:00,2292,Keyboard,1,1757.9,1708.25,49.65,Debit Card
1966,2023-02-10 05:00:00,2927,Tablet,1,330.46,243.84999999999997,86.61,Cash
1253,2023-01-11 12:00:00,2285,Monitor,1,96.51,13.840000000000003,82.67,PayPal
2656,2023-03-10 23:00:00,2155,Keyboard,4,737.57,2900.0800000000004,50.2,PayPal
10375,2024-01-26 14:00:00,2899,Headphones,3,1335.69,3958.69,48.38,PayPal
1051,2023-01-03 02:00:00,2649,Headphones,4,1608.93,6428.67,7.05,Cash
5817,2023-07-20 16:00:00,2213,Mouse,1,942.05,924.41,17.64,Cash
4354,2023-05-20 17:00:00,2535,Tablet,1,1208.66,1182.63,26.03,PayPal
3767,2023-04-26 06:00:00,2028,Headphones,4,955.49,,55.77,Debit Card
1873,2023-02-06 08:00:00,2361,Headphones,4,357.6,1395.73,34.67,Credit Card
7831,2023-10-12 14:00:00,2187,Keyboard,3,795.97,2309.16,78.75,Credit Card
8485,2023-11-08 20:00:00,2497,Tablet,2,781.38,1506.01,56.75,PayPal
7487,2023-09-28 06:00:00,2173,Keyboard,2,1615.33,3139.2599999999998,91.4,Cash
3108,2023-03-29 19:00:00,2906,Monitor,3,970.13,2869.68,40.71,Credit Card
10890,2024-02-17 01:00:00,2515,Keyboard,4,1801.11,7143.28,61.16,Debit Card
6175,2023-08-04 14:00:00,2531,Monitor,3,849.31,2541.5099999999998,6.42,Debit Card
8196,2023-10-27 19:00:00,2091,Headphones,3,1325.03,3924.7200000000003,50.37,Cash
1249,2023-01-11 08:00:00,2131,Headphones,1,1630.91,1623.5400000000002,7.37,Credit Card
3426,2023-04-12 01:00:00,2647,Tablet,2,919.44,1832.5400000000002,6.34,Debit Card
9374,2023-12-15 21:00:00,2721,Laptop,3,1310.3,3914.8099999999995,16.09,Cash
10012,2024-01-11 11:00:00,2567,Headphones,3,710.0,2057.36,72.64,Credit Card
4167,2023-05-12 22:00:00,2388,Laptop,3,1036.52,3043.45,66.11,Debit Card
1555,2023-01-24 02:00:00,2556,Monitor,3,1836.15,5408.900000000001,99.55,Cash
1972,2023-02-10 11:00:00,2442,Tablet,2,1963.68,3859.83,67.53,Credit Card
10619,2024-02-05 18:00:00,2064,Laptop,1,997.94,928.1700000000001,69.77,Cash
5992,2023-07-27 23:00:00,2047,Keyboard,3,1623.17,,11.2,Debit Card
3320,2023-04-07 15:00:00,2469,Mouse,1,1977.69,1890.7,86.99,Cash
4873,2023-06-11 08:00:00,2822,Headphones,2,1747.03,3418.44,75.62,PayPal
9515,2023-12-21 18:00:00,2831,Tablet,1,1428.89,1402.0300000000002,26.86,Debit Card
9216,2023-12-09 07:00:00,2548,Headphones,3,1711.71,5134.2300000000005,0.9,Credit Card
7905,2023-10-15 16:00:00,2036,Mouse,3,1799.07,,75.75,Credit Card
3010,2023-03-25 17:00:00,2998,Tablet,3,1751.83,5229.3,26.19,Cash
8696,2023-11-17 15:00:00,2533,Mouse,3,1172.07,3443.5,72.71,PayPal
1448,2023-01-19 15:00:00,2891,Keyboard,2,985.54,1882.74,88.34,PayPal
10752,2024-02-11 07:00:00,2753,Tablet,1,1410.84,1373.82,37.02,Credit Card
6906,2023-09-04 01:00:00,2633,Mouse,3,978.42,2849.66,85.6,PayPal
2692,2023-03-12 11:00:00,2031,Headphones,4,1489.43,5892.110000000001,65.61,PayPal
6494,2023-08-17 21:00:00,2437,Mouse,4,668.79,2611.71,63.45,Debit Card
9027,2023-12-01 10:00:00,2346,Mouse,3,830.0,2476.37,13.63,Credit Card
3185,2023-04-02 00:00:00,2240,Tablet,2,839.53,1595.62,83.44,Cash
4636,2023-06-01 11:00:00,2459,Tablet,3,1135.67,3321.6600000000003,85.35,Credit Card
4972,2023-06-15 11:00:00,2855,Laptop,4,1115.25,4398.22,62.78,PayPal
9013,2023-11-30 20:00:00,2422,Headphones,4,876.61,3448.79,57.65,Cash
1462,2023-01-20 05:00:00,2865,Mouse,2,519.28,1008.51,30.05,PayPal
9979,2024-01-10 02:00:00,2881,Monitor,2,918.77,1810.07,27.47,PayPal
4442,2023-05-24 09:00:00,2934,Mouse,2,228.0,421.54,34.46,Credit Card
3465,2023-04-13 16:00:00,2726,Monitor,3,770.62,2265.44,46.42,Debit Card
5943,2023-07-25 22:00:00,2766,Mouse,4,1424.14,5694.29,2.27,Debit Card
6919,2023-09-04 14:00:00,2592,Keyboard,3,1246.86,3655.54,85.04,Debit Card
1751,2023-02-01 06:00:00,2380,Mouse,3,333.7,932.5799999999999,68.52,Debit Card
2176,2023-02-18 23:00:00,2584,Tablet,3,253.8,692.1300000000001,69.27,PayPal
8913,2023-11-26 16:00:00,2279,Headphones,2,536.64,1056.32,16.96,Cash
1377,2023-01-16 16:00:00,2357,Headphones,1,1058.65,973.9100000000001,84.74,Credit Card
1411,2023-01-18 02:00:00,2087,Mouse,2,416.48,745.6700000000001,87.29,Credit Card
5614,2023-07-12 05:00:00,2933,Laptop,4,869.0,3455.71,20.29,Credit Card
9502,2023-12-21 05:00:00,2965,Laptop,1,110.57,43.58,66.99,Debit Card
5535,2023-07-08 22:00:00,2965,Laptop,2,1532.69,2993.17,72.21,Credit Card
5575,2023-07-10 14:00:00,2092,Tablet,2,1666.93,3254.63,79.23,Credit Card
6793,2023-08-30 08:00:00,2409,Tablet,4,1550.45,6125.51,76.29,PayPal
3019,2023-03-26 02:00:00,2598,Headphones,2,958.38,1837.43,79.33,Credit Card
8363,2023-11-03 18:00:00,2976,Tablet,4,1782.95,7123.52,8.28,Cash
5787,2023-07-19 10:00:00,2753,Monitor,1,1676.94,1671.8500000000001,5.09,PayPal
3288,2023-04-06 07:00:00,2764,Tablet,1,927.95,919.72,8.23,PayPal
8774,2023-11-20 21:00:00,2725,Keyboard,3,263.86,788.09,3.49,Credit Card
6157,2023-08-03 20:00:00,2130,Keyboard,4,822.38,3233.3,56.22,Cash
10005,2024-01-11 04:00:00,2713,Headphones,2,1487.34,2926.8399999999997,47.84,Credit Card
1275,2023-01-12 10:00:00,2227,Monitor,4,1154.71,4601.22,17.62,Cash
2497,2023-03-04 08:00:00,2313,Laptop,4,269.23,,19.05,PayPal
9653,2023-12-27 12:00:00,2989,Monitor,1,1144.76,1120.76,24.0,Cash
4617,2023-05-31 16:00:00,2286,Mouse,2,225.04,382.49,67.59,Credit Card
9050,2023-12-02 09:00:00,2180,Headphones,3,175.42,492.32,33.94,Credit Card
6203,2023-08-05 18:00:00,2371,Headphones,2,561.07,1091.26,30.88,Credit Card
6894,2023-09-03 13:00:00,2751,Headphones,2,517.79,961.3699999999999,74.21,Cash
3904,2023-05-01 23:00:00,2252,Mouse,4,1926.84,7635.36,72.0,Credit Card
5345,2023-07-01 00:00:00,2885,Monitor,1,401.09,385.64,15.45,Credit Card
2826,2023-03-18 01:00:00,2716,Tablet,4,260.28,1005.3999999999999,35.72,Cash
7127,2023-09-13 06:00:00,2963,Tablet,4,,1095.68,62.8,PayPal
4232,2023-05-15 15:00:00,2589,Headphones,1,935.31,879.1899999999999,56.12,Cash
6182,2023-08-04 21:00:00,2924,Keyboard,4,1652.21,6537.33,71.51,Credit Card
9609,2023-12-25 16:00:00,2922,Keyboard,3,,1222.42,24.38,Credit Card
5096,2023-06-20 15:00:00,2577,Tablet,1,1734.33,1653.76,80.57,Debit Card
2693,2023-03-12 12:00:00,2603,Tablet,1,,969.49,85.24,PayPal
1468,2023-01-20 11:00:00,2814,Tablet,1,1134.24,1050.45,83.79,Cash
4922,2023-06-13 09:00:00,2233,Keyboard,1,750.89,712.0,38.89,Debit Card
5255,2023-06-27 06:00:00,2646,Headphones,3,728.23,2089.4700000000003,95.22,PayPal
2509,2023-03-04 20:00:00,2289,Headphones,4,673.83,2658.19,37.13,Credit Card
3948,2023-05-03 19:00:00,2235,Tablet,4,1444.31,5688.17,89.07,Debit Card
4051,2023-05-08 02:00:00,2328,Laptop,4,200.31,789.53,11.71,PayPal
5263,2023-06-27 14:00:00,2880,Tablet,4,805.38,3142.25,79.27,Credit Card
10222,2024-01-20 05:00:00,2657,Headphones,3,1315.34,3847.6799999999994,98.34,Debit Card
1514,2023-01-22 09:00:00,2746,Mouse,2,1577.23,3112.57,41.89,PayPal
3406,2023-04-11 05:00:00,2890,Mouse,2,743.76,1393.08,94.44,Debit Card
7107,2023-09-12 10:00:00,2515,Tablet,3,1059.4,3128.3700000000003,49.83,Cash
10838,2024-02-14 21:00:00,2604,Laptop,4,1848.63,7298.88,95.64,Debit Card
7399,2023-09-24 14:00:00,2819,Laptop,4,343.62,1355.01,19.47,Credit Card
1922,2023-02-08 09:00:00,2113,Monitor,1,1390.47,1320.26,70.21,Debit Card
6365,2023-08-12 12:00:00,2905,Laptop,2,1711.72,3369.76,53.68,Debit Card
5820,2023-07-20 19:00:00,2321,Laptop,4,624.74,2463.27,35.69,Credit Card
4652,2023-06-02 03:00:00,2096,Monitor,1,973.5,,93.49,Debit Card
5234,2023-06-26 09:00:00,2245,Headphones,3,1132.55,3339.7799999999997,57.87,PayPal
5865,2023-07-22 16:00:00,2982,Headphones,4,55.07,134.37,85.91,Credit Card
1475,2023-01-20 18:00:00,2879,Tablet,2,1477.88,2947.53,8.23,Debit Card
5375,2023-07-02 06:00:00,2273,Tablet,1,1333.52,1330.67,2.85,PayPal
10725,2024-02-10 04:00:00,2375,Keyboard,3,1251.75,3726.5,28.75,PayPal
1466,2023-01-20 09:00:00,2823,Laptop,4,238.74,904.46,50.5,Cash
2787,2023-03-16 10:00:00,2394,Mouse,1,1297.56,1254.72,42.84,Cash
5608,2023-07-11 23:00:00,2133,Headphones,1,1159.59,1102.2099999999998,57.38,Debit Card
9934,2024-01-08 05:00:00,2039,Laptop,1,1547.14,1506.42,40.72,Debit Card
1994,2023-02-11 09:00:00,2411,Monitor,2,1821.78,3554.47,89.09,Credit Card
8076,2023-10-22 19:00:00,2722,Headphones,2,1060.35,,9.57,Cash
1481,2023-01-21 00:00:00,2002,Tablet,2,239.87,422.05,57.69,Cash
6383,2023-08-13 06:00:00,2547,Tablet,1,595.32,,17.75,Credit Card
4275,2023-05-17 10:00:00,2107,Headphones,3,1854.22,5469.19,93.47,Cash
10305,2024-01-23 16:00:00,2520,Keyboard,2,463.98,923.5600000000001,4.4,Cash
8869,2023-11-24 20:00:00,2141,Laptop,2,1174.44,2261.4900000000002,87.39,Credit Card
8013,2023-10-20 04:00:00,2171,Keyboard,1,956.31,897.6099999999999,58.7,Debit Card
5194,2023-06-24 17:00:00,2196,Laptop,3,1255.91,3696.6700000000005,71.06,PayPal
6141,2023-08-03 04:00:00,2437,Mouse,2,51.28,97.77,4.79,Debit Card
10787,2024-02-12 18:00:00,2878,Headphones,4,1108.01,4369.78,62.26,Cash
4134,2023-05-11 13:00:00,2875,Tablet,3,492.34,1421.3,55.72,Debit Card
2884,2023-03-20 11:00:00,2402,Keyboard,3,63.81,115.9,75.53,Cash
6525,2023-08-19 04:00:00,2059,Monitor,4,629.06,2462.54,53.7,Credit Card
2350,2023-02-26 05:00:00,2231,Laptop,1,1281.58,1215.9199999999998,65.66,Cash
2473,2023-03-03 08:00:00,2368,Monitor,4,1093.42,4367.54,6.14,Debit Card
8417,2023-11-06 00:00:00,2786,Mouse,1,842.87,827.62,15.25,Cash
9226,2023-12-09 17:00:00,2512,Monitor,2,334.49,601.08,67.9,PayPal
3958,2023-05-04 05:00:00,2817,Laptop,4,914.99,3610.03,49.93,Debit Card
3253,2023-04-04 20:00:00,2922,Laptop,3,,3246.6800000000003,49.54,Credit Card
3418,2023-04-11 17:00:00,2565,Monitor,4,960.66,3779.3199999999997,63.32,PayPal
4429,2023-05-23 20:00:00,2958,Monitor,2,463.8,850.8000000000001,76.8,PayPal
5276,2023-06-28 03:00:00,2027,Keyboard,4,793.54,3150.48,23.68,Credit Card
1715,2023-01-30 18:00:00,2396,Headphones,1,796.16,795.8,0.36,Debit Card
4425,2023-05-23 16:00:00,2954,Monitor,1,161.3,128.9,32.4,Debit Card
4315,2023-05-19 02:00:00,2795,Tablet,4,629.59,2515.35,3.01,PayPal
8217,2023-10-28 16:00:00,2685,Laptop,2,1976.52,3895.5,57.54,PayPal
2982,2023-03-24 13:00:00,2263,Mouse,1,1306.83,1286.46,20.37,PayPal
9649,2023-12-27 08:00:00,2515,Keyboard,4,215.92,,76.98,Cash
10204,2024-01-19 11:00:00,2755,Tablet,4,1536.64,6111.490000000001,35.07,Debit Card
5437,2023-07-04 20:00:00,2693,Laptop,4,1816.34,7239.75,25.61,Cash
7839,2023-10-12 22:00:00,2131,Tablet,4,1197.79,4765.08,26.08,PayPal
8205,2023-10-28 04:00:00,2490,Tablet,4,540.11,2127.88,32.56,Credit Card
3754,2023-04-25 17:00:00,2270,Mouse,1,1660.17,1613.8200000000002,46.35,Debit Card
2447,2023-03-02 06:00:00,2636,Laptop,2,1937.56,3836.97,38.15,Debit Card
5990,2023-07-27 21:00:00,2714,Keyboard,3,1946.53,5799.26,40.33,PayPal
2021,2023-02-12 12:00:00,2476,Tablet,2,1157.22,2229.32,85.12,Credit Card
1706,2023-01-30 09:00:00,2561,Keyboard,1,,1755.23,24.46,Debit Card
5620,2023-07-12 11:00:00,2548,Laptop,2,525.94,,21.46,Cash
10272,2024-01-22 07:00:00,2025,Mouse,3,453.48,1314.3700000000001,46.07,Debit Card
10823,2024-02-14 06:00:00,2182,Headphones,2,484.93,889.94,79.92,PayPal
3158,2023-03-31 21:00:00,2961,Keyboard,1,733.07,703.8900000000001,29.18,Cash
4847,2023-06-10 06:00:00,2189,Mouse,3,692.53,2014.17,63.42,Credit Card
9314,2023-12-13 09:00:00,2016,Laptop,1,706.63,,17.01,Cash
9500,2023-12-21 03:00:00,2399,Mouse,2,1183.16,2363.52,2.8,Debit Card
2567,2023-03-07 06:00:00,2674,Laptop,3,1011.23,3032.6,1.09,Credit Card
1909,2023-02-07 20:00:00,2868,Monitor,4,1751.88,6994.290000000001,13.23,Cash
4308,2023-05-18 19:00:00,2815,Tablet,1,80.22,8.510000000000005,71.71,Cash
7473,2023-09-27 16:00:00,2796,Monitor,2,,727.72,14.72,Debit Card
5695,2023-07-15 14:00:00,2298,Mouse,3,,2827.25,30.7,Debit Card
5330,2023-06-30 09:00:00,2166,Monitor,4,1812.64,7168.400000000001,82.16,Credit Card
4033,2023-05-07 08:00:00,2757,Tablet,2,213.21,422.91,3.51,PayPal
9363,2023-12-15 10:00:00,2517,Monitor,2,1723.61,3383.45,63.77,Debit Card
3123,2023-03-30 10:00:00,2805,Laptop,4,1399.67,5529.52,69.16,PayPal
3246,2023-04-04 13:00:00,2802,Tablet,2,1840.17,3631.1600000000003,49.18,Credit Card
8235,2023-10-29 10:00:00,2348,Mouse,4,521.51,1989.3,96.74,Debit Card
1595,2023-01-25 18:00:00,2313,Laptop,1,1162.51,1125.33,37.18,Debit Card
2559,2023-03-06 22:00:00,2995,Mouse,3,110.62,290.69,41.17,Credit Card
6216,2023-08-06 07:00:00,2871,Headphones,3,1412.63,4167.490000000001,70.4,Cash
1441,2023-01-19 08:00:00,2758,Monitor,1,,1056.99,85.77,Debit Card
5795,2023-07-19 18:00:00,2384,Keyboard,2,311.06,531.87,90.25,PayPal
5191,2023-06-24 14:00:00,2709,Keyboard,1,1311.1,1307.1,4.0,Debit Card
6607,2023-08-22 14:00:00,2513,Tablet,4,373.51,1491.54,2.5,Cash
5618,2023-07-12 09:00:00,2169,Keyboard,2,1922.54,3829.84,15.24,PayPal
8882,2023-11-25 09:00:00,2762,Laptop,2,493.59,908.4,78.78,PayPal
6152,2023-08-03 15:00:00,2202,Headphones,2,985.81,1930.77,40.85,Cash
1011,2023-01-01 10:00:00,2218,Headphones,4,543.75,2162.69,12.31,Debit Card
3964,2023-05-04 11:00:00,2110,Laptop,4,,7672.35,27.61,Credit Card
10673,2024-02-08 00:00:00,2674,Tablet,1,1363.33,1343.34,19.99,Credit Card
4282,2023-05-17 17:00:00,2107,Keyboard,4,1504.52,5998.66,19.42,Cash
5128,2023-06-21 23:00:00,2744,Laptop,1,849.93,775.9,74.03,Credit Card
1094,2023-01-04 21:00:00,2122,Keyboard,1,589.19,556.82,32.37,PayPal
10421,2024-01-28 12:00:00,2020,Laptop,1,672.97,664.8000000000001,8.17,Credit Card
7493,2023-09-28 12:00:00,2095,Tablet,3,76.38,207.98999999999998,21.15,Cash
8086,2023-10-23 05:00:00,2422,Tablet,4,310.69,1171.67,71.09,Debit Card
10863,2024-02-15 22:00:00,2939,Mouse,4,1228.7,4840.84,73.96,Cash
10656,2024-02-07 07:00:00,2017,Tablet,3,1768.67,5290.320000000001,15.69,Credit Card
6326,2023-08-10 21:00:00,2968,Headphones,1,328.77,286.72999999999996,42.04,PayPal
3752,2023-04-25 15:00:00,2957,Monitor,1,581.71,510.47,71.24,Cash
1293,2023-01-13 04:00:00,2443,Tablet,1,372.68,334.2,38.48,PayPal
1789,2023-02-02 20:00:00,2493,Monitor,4,624.29,2462.14,35.02,Cash
7785,2023-10-10 16:00:00,2772,Laptop,3,1367.67,4022.4900000000002,80.52,Debit Card
6399,2023-08-13 22:00:00,2726,Headphones,2,1608.1,3201.71,14.49,Debit Card
7207,2023-09-16 14:00:00,2583,Keyboard,4,,291.77,83.31,PayPal
6849,2023-09-01 16:00:00,2633,Monitor,2,44.76,-8.02000000000001,97.54,Cash
10429,2024-01-28 20:00:00,2577,Laptop,4,1964.95,7838.76,21.04,Credit Card
5994,2023-07-28 01:00:00,2339,Monitor,1,1939.42,1865.28,74.14,Debit Card
9736,2023-12-30 23:00:00,2244,Headphones,3,1362.46,4085.82,1.56,Credit Card
6552,2023-08-20 07:00:00,2022,Mouse,1,1438.37,1359.2299999999998,79.14,Cash
8979,2023-11-29 10:00:00,2168,Keyboard,4,1101.1,4358.95,45.45,Cash
2319,2023-02-24 22:00:00,2931,Mouse,2,199.32,304.13,94.51,PayPal
5964,2023-07-26 19:00:00,2409,Laptop,1,492.07,431.92,60.15,Credit Card
8594,2023-11-13 09:00:00,2048,Monitor,4,50.54,150.0,52.16,Debit Card
10891,2024-02-17 02:00:00,2360,Tablet,3,656.52,1937.78,31.78,Debit Card
3665,2023-04-22 00:00:00,2567,Keyboard,2,1113.97,2130.23,97.71,Debit Card
3070,2023-03-28 05:00:00,2919,Mouse,2,1900.58,3745.3999999999996,55.76,Credit Card
6867,2023-09-02 10:00:00,2123,Mouse,4,972.33,3867.6200000000003,21.7,PayPal
6710,2023-08-26 21:00:00,2371,Laptop,4,110.94,386.39,57.37,Credit Card
5808,2023-07-20 07:00:00,2354,Laptop,4,1790.99,7076.81,87.15,Credit Card
9772,2024-01-01 11:00:00,2206,Mouse,4,1547.51,6177.33,12.71,Credit Card
7506,2023-09-29 01:00:00,2878,Tablet,4,306.54,1135.8400000000001,90.32,Cash
9643,2023-12-27 02:00:00,2128,Keyboard,2,,3731.63,15.97,Debit Card
5202,2023-06-25 01:00:00,2732,Mouse,3,1086.53,3208.4900000000002,51.1,Credit Card
4953,2023-06-14 16:00:00,2027,Mouse,4,1811.41,7193.85,51.79,Debit Card
4127,2023-05-11 06:00:00,2641,Laptop,3,,879.82,32.09,PayPal
8733,2023-11-19 04:00:00,2774,Mouse,4,212.28,775.48,73.64,Cash
3975,2023-05-04 22:00:00,2201,Headphones,1,813.64,732.42,81.22,Cash
5505,2023-07-07 16:00:00,2059,Laptop,4,1377.19,5479.97,28.79,Cash
5182,2023-06-24 05:00:00,2906,Keyboard,3,966.92,2818.66,82.1,Cash
6378,2023-08-13 01:00:00,2536,Headphones,2,622.21,1201.3100000000002,43.11,Credit Card
7701,2023-10-07 04:00:00,2639,Keyboard,3,947.81,2773.72,69.71,Cash
4854,2023-06-10 13:00:00,2088,Laptop,4,1169.92,4631.66,48.02,Cash
3255,2023-04-04 22:00:00,2773,Mouse,1,576.9,546.43,30.47,Debit Card
9192,2023-12-08 07:00:00,2385,Tablet,2,217.12,393.32,40.92,PayPal
2965,2023-03-23 20:00:00,2954,Tablet,1,1363.67,1310.0700000000002,53.6,Debit Card
3305,2023-04-07 00:00:00,2746,Headphones,2,1798.62,3562.52,34.72,PayPal
3523,2023-04-16 02:00:00,2380,Tablet,2,1310.47,2582.19,38.75,Credit Card
1838,2023-02-04 21:00:00,2009,Mouse,1,1107.35,1092.24,15.11,Debit Card
7254,2023-09-18 13:00:00,2400,Monitor,2,802.41,1584.78,20.04,Debit Card
8160,2023-10-26 07:00:00,2304,Tablet,3,880.05,2590.1199999999994,50.03,Credit Card
1228,2023-01-10 11:00:00,2885,Headphones,2,622.36,1146.95,97.77,PayPal
4756,2023-06-06 11:00:00,2963,Tablet,4,879.26,3462.69,54.35,Cash
7406,2023-09-24 21:00:00,2582,Monitor,3,,2382.48,41.82,Credit Card
7597,2023-10-02 20:00:00,2360,Laptop,4,647.14,2572.74,15.82,Debit Card
9183,2023-12-07 22:00:00,2420,Laptop,4,1236.8,4926.15,21.05,Cash
4818,2023-06-09 01:00:00,2296,Keyboard,2,1102.55,2129.9,75.2,Credit Card
9518,2023-12-21 21:00:00,2974,Headphones,3,1038.39,3030.9700000000003,84.2,Credit Card
3856,2023-04-29 23:00:00,2791,Tablet,3,1611.19,4768.65,64.92,PayPal
9458,2023-12-19 09:00:00,2895,Monitor,4,320.66,1190.73,91.91,Debit Card
3037,2023-03-26 20:00:00,2180,Laptop,1,1164.19,1155.25,8.94,Debit Card
6650,2023-08-24 09:00:00,2361,Mouse,1,1915.91,1878.48,37.43,Debit Card
1158,2023-01-07 13:00:00,2230,Laptop,1,1682.39,1629.24,53.15,nan
3493,2023-04-14 20:00:00,2828,Monitor,4,1156.86,4543.5199999999995,83.92,Debit Card
7422,2023-09-25 13:00:00,2963,Laptop,3,1232.61,3672.0699999999997,25.76,Credit Card
9905,2024-01-07 00:00:00,2518,Mouse,4,1656.37,6554.83,70.65,Cash
4155,2023-05-12 10:00:00,2376,Headphones,3,1935.0,5775.02,29.98,PayPal
2442,2023-03-02 01:00:00,2189,Mouse,3,682.92,2016.6099999999997,32.15,Debit Card
10984,2024-02-20 23:00:00,2078,Monitor,1,494.46,413.07,81.39,Cash
8667,2023-11-16 10:00:00,2881,Headphones,1,1181.04,1125.74,55.3,PayPal
6581,2023-08-21 12:00:00,2155,Monitor,3,880.01,2587.99,52.04,Credit Card
1701,2023-01-30 04:00:00,2702,Tablet,4,1941.96,7714.71,53.13,PayPal
4903,2023-06-12 14:00:00,2684,Tablet,1,130.01,101.6,28.41,Cash
10230,2024-01-20 13:00:00,2443,Mouse,4,866.88,3422.38,45.14,Debit Card
3749,2023-04-25 12:00:00,2176,Tablet,3,1883.78,5612.35,38.99,Debit Card
3514,2023-04-15 17:00:00,2404,Laptop,2,531.09,977.1600000000001,85.02,PayPal
9360,2023-12-15 07:00:00,2790,Monitor,1,1537.78,1486.07,51.71,Debit Card
4574,2023-05-29 21:00:00,2282,Laptop,1,610.47,523.49,86.98,Credit Card
10717,2024-02-09 20:00:00,2490,Headphones,4,1416.8,5619.23,47.97,Credit Card
7456,2023-09-26 23:00:00,2254,Monitor,4,792.44,3106.09,63.67,Debit Card
6282,2023-08-09 01:00:00,2546,Tablet,3,1411.21,4140.7300000000005,92.9,Debit Card
5304,2023-06-29 07:00:00,2555,Laptop,1,795.31,705.5,89.81,PayPal
7988,2023-10-19 03:00:00,2433,Mouse,2,,526.75,81.87,Debit Card
10282,2024-01-22 17:00:00,2963,Keyboard,2,352.08,636.24,67.92,Cash
5141,2023-06-22 12:00:00,2105,Tablet,3,1839.56,5484.280000000001,34.4,Debit Card
7226,2023-09-17 09:00:00,2217,Keyboard,1,727.37,679.22,48.15,Credit Card
6891,2023-09-03 10:00:00,2374,Keyboard,4,573.11,2216.35,76.09,Credit Card
7694,2023-10-06 21:00:00,2356,Mouse,4,159.95,616.29,23.51,Debit Card
5585,2023-07-11 00:00:00,2498,Tablet,4,1354.05,5336.55,79.65,Cash
8049,2023-10-21 16:00:00,2923,Mouse,1,557.0,544.63,12.37,PayPal
5300,2023-06-29 03:00:00,2657,Tablet,4,1942.45,7729.51,40.29,PayPal
6227,2023-08-06 18:00:00,2994,Mouse,2,954.6,1814.98,94.22,Debit Card
9382,2023-12-16 05:00:00,2222,Tablet,4,1823.38,7223.64,69.88,PayPal
6372,2023-08-12 19:00:00,2951,Monitor,1,726.76,634.09,92.67,Debit Card
7248,2023-09-18 07:00:00,2811,Monitor,4,238.97,914.18,41.7,nan
1089,2023-01-04 16:00:00,2672,Laptop,4,1559.25,6212.44,24.56,Debit Card
2403,2023-02-28 10:00:00,2397,Monitor,3,499.68,1494.01,5.03,PayPal
2544,2023-03-06 07:00:00,2691,Laptop,4,139.28,496.76,60.36,PayPal
7492,2023-09-28 11:00:00,2024,Monitor,1,1416.15,1348.8700000000001,67.28,Cash
4915,2023-06-13 02:00:00,2192,Monitor,2,120.63,226.1,15.16,Cash
4704,2023-06-04 07:00:00,2336,Monitor,3,,1210.13,44.08,Cash
10123,2024-01-16 02:00:00,2169,Laptop,2,671.21,1335.14,7.28,Debit Card
7596,2023-10-02 19:00:00,2187,Laptop,3,1198.11,3575.61,18.72,PayPal
7272,2023-09-19 07:00:00,2258,Headphones,4,635.22,2519.5,21.38,PayPal
9800,2024-01-02 15:00:00,2356,Laptop,2,1106.87,2115.9599999999996,97.78,PayPal
9043,2023-12-02 02:00:00,2475,Headphones,4,,1427.71,48.17,Credit Card
4536,2023-05-28 07:00:00,2619,Mouse,1,1324.88,1278.73,46.15,PayPal
9232,2023-12-09 23:00:00,2597,Keyboard,3,590.9,1763.36,9.34,Credit Card
1604,2023-01-26 03:00:00,2321,Tablet,3,1793.56,5339.14,41.54,Cash
6933,2023-09-05 04:00:00,2986,Keyboard,4,1307.15,5227.33,1.27,Debit Card
5844,2023-07-21 19:00:00,2174,Tablet,1,1751.25,1656.9,94.35,Debit Card
4980,2023-06-15 19:00:00,2021,Keyboard,2,,884.4,47.34,PayPal
8285,2023-10-31 12:00:00,2976,Monitor,1,243.14,,71.29,Debit Card
1394,2023-01-17 09:00:00,2230,Laptop,4,1217.67,4803.02,67.66,Cash
2836,2023-03-18 11:00:00,2339,Headphones,1,1477.16,1412.47,64.69,Credit Card
10613,2024-02-05 12:00:00,2026,Keyboard,1,49.99,28.64,21.35,Credit Card
8021,2023-10-20 12:00:00,2602,Keyboard,2,1140.68,2222.02,59.34,Cash
5056,2023-06-18 23:00:00,2191,Keyboard,2,829.05,1616.01,42.09,PayPal
1096,2023-01-04 23:00:00,2709,Monitor,1,1077.49,1054.65,22.84,Cash
10384,2024-01-26 23:00:00,2307,Monitor,4,1090.69,4326.530000000001,36.23,Debit Card
9598,2023-12-25 05:00:00,2406,Keyboard,4,1772.6,7048.879999999999,41.52,Debit Card
6082,2023-07-31 17:00:00,2823,Monitor,1,653.19,580.6,72.59,Cash
5002,2023-06-16 17:00:00,2581,Tablet,1,,,49.52,Cash
3808,2023-04-27 23:00:00,2666,Laptop,2,354.23,644.21,64.25,Credit Card
3900,2023-05-01 19:00:00,2429,Laptop,2,543.59,1033.01,54.17,Credit Card
5540,2023-07-09 03:00:00,2063,Mouse,2,1963.13,3832.6800000000003,93.58,Credit Card
7667,2023-10-05 18:00:00,2463,Monitor,1,1719.7,1704.06,15.64,Cash
6387,2023-08-13 10:00:00,2177,Mouse,3,677.31,1979.59,52.34,Cash
5289,2023-06-28 16:00:00,2672,Laptop,3,1132.95,3365.05,33.8,Credit Card
5871,2023-07-22 22:00:00,2553,Headphones,3,1429.69,4248.679999999999,40.39,Cash
7935,2023-10-16 22:00:00,2576,Tablet,1,1186.44,1104.44,82.0,Debit Card
9122,2023-12-05 09:00:00,2584,Keyboard,3,265.16,724.85,70.63,PayPal
7408,2023-09-24 23:00:00,2985,Mouse,4,1503.37,5918.4,95.08,Cash
8257,2023-10-30 08:00:00,2142,Laptop,1,1537.53,,30.82,Cash
3111,2023-03-29 22:00:00,2906,Monitor,2,408.24,727.64,88.84,Cash
4618,2023-05-31 17:00:00,2614,Mouse,1,1823.23,1737.88,85.35,Debit Card
5120,2023-06-21 15:00:00,2714,Headphones,1,1789.93,1724.68,65.25,Debit Card
2632,2023-03-09 23:00:00,2527,Monitor,3,1526.95,4491.5,89.35,Debit Card
5314,2023-06-29 17:00:00,2091,Mouse,4,1246.08,4911.219999999999,73.1,Cash
4317,2023-05-19 04:00:00,2579,Tablet,4,487.8,1933.97,17.23,Cash
10244,2024-01-21 03:00:00,2289,Tablet,4,,6444.08,13.0,PayPal
5693,2023-07-15 12:00:00,2259,Keyboard,1,1964.61,1877.28,87.33,Credit Card
5866,2023-07-22 17:00:00,2415,Monitor,3,983.08,2883.5400000000004,65.7,Credit Card
4080,2023-05-09 07:00:00,2943,Monitor,4,1319.15,,49.52,Debit Card
2356,2023-02-26 11:00:00,2737,Keyboard,2,513.25,967.72,58.78,nan
6826,2023-08-31 17:00:00,2163,Monitor,2,584.89,1097.53,72.25,Cash
8670,2023-11-16 13:00:00,2001,Mouse,2,435.62,811.74,59.5,Cash
3129,2023-03-30 16:00:00,2010,Monitor,4,25.92,25.440000000000012,78.24,PayPal
6606,2023-08-22 13:00:00,2193,Laptop,4,1572.42,6219.56,70.12,Debit Card
3216,2023-04-03 07:00:00,2746,Mouse,1,1582.3,1564.47,17.83,Cash
4459,2023-05-25 02:00:00,2351,Keyboard,1,1698.28,1654.78,43.5,PayPal
6439,2023-08-15 14:00:00,2087,Monitor,4,657.59,2607.54,22.82,Debit Card
6278,2023-08-08 21:00:00,2297,Monitor,4,1299.32,5126.9,70.38,Debit Card
5225,2023-06-26 00:00:00,2185,Monitor,1,680.62,612.98,67.64,Cash
4464,2023-05-25 07:00:00,2696,Mouse,4,711.36,2787.07,58.37,PayPal
4334,2023-05-19 21:00:00,2433,Keyboard,4,1894.76,7520.2,58.84,Credit Card
6095,2023-08-01 06:00:00,2762,Mouse,3,646.32,1908.6000000000001,30.36,Debit Card
4471,2023-05-25 14:00:00,2786,Monitor,3,1152.17,3401.2400000000002,55.27,Cash
3274,2023-04-05 17:00:00,2463,Monitor,2,1425.5,2773.27,77.73,Debit Card
1020,2023-01-01 19:00:00,2641,Mouse,4,,7318.43,96.53,Cash
8526,2023-11-10 13:00:00,2554,Monitor,1,1598.68,1567.75,30.93,PayPal
4288,2023-05-17 23:00:00,2241,Mouse,3,1041.04,3095.0099999999998,28.11,Debit Card
4544,2023-05-28 15:00:00,2449,Keyboard,1,46.86,-24.72,71.58,PayPal
7005,2023-09-08 04:00:00,2665,Monitor,1,1224.66,1160.73,63.93,PayPal
2600,2023-03-08 15:00:00,2084,Tablet,3,1078.85,3159.7299999999996,76.82,Debit Card
9495,2023-12-20 22:00:00,2820,Laptop,3,857.82,2511.7,61.76,Cash
6059,2023-07-30 18:00:00,2545,Headphones,3,165.84,407.34999999999997,90.17,PayPal
4528,2023-05-27 23:00:00,2130,Tablet,2,184.16,274.26,94.06,Cash
8854,2023-11-24 05:00:00,2066,Monitor,1,,1005.9799999999999,89.37,Cash
7018,2023-09-08 17:00:00,2351,Tablet,2,1656.06,3288.46,23.66,PayPal
2951,2023-03-23 06:00:00,2568,Monitor,1,1728.8,1705.58,23.22,Credit Card
9584,2023-12-24 15:00:00,2208,Laptop,4,1330.75,5295.27,27.73,PayPal
8691,2023-11-17 10:00:00,2482,Mouse,3,1792.55,5361.549999999999,16.1,PayPal
6633,2023-08-23 16:00:00,2722,Keyboard,4,1732.05,6836.46,91.74,Credit Card
2262,2023-02-22 13:00:00,2909,Tablet,2,906.8,1797.54,16.06,Credit Card
3885,2023-05-01 04:00:00,2363,Mouse,2,798.43,1595.6399999999999,1.22,Debit Card
1810,2023-02-03 17:00:00,2441,Mouse,4,845.58,3293.77,88.55,Debit Card
6546,2023-08-20 01:00:00,2360,Keyboard,2,981.72,1948.3700000000001,15.07,PayPal
5798,2023-07-19 21:00:00,2198,Tablet,1,125.24,71.59,53.65,Debit Card
3908,2023-05-02 03:00:00,2782,Keyboard,4,759.01,2959.64,76.4,PayPal
3583,2023-04-18 14:00:00,2834,Headphones,1,1134.26,1126.2,8.06,Cash
10048,2024-01-12 23:00:00,2963,Laptop,1,113.4,45.47,67.93,Cash
8384,2023-11-04 15:00:00,2171,Mouse,1,725.06,630.9,94.16,PayPal
9893,2024-01-06 12:00:00,2817,Laptop,2,1668.56,3330.87,6.25,Debit Card
9199,2023-12-08 14:00:00,2132,Headphones,4,1828.57,7228.09,86.19,Cash
9162,2023-12-07 01:00:00,2745,Mouse,3,,3150.92,46.03,Credit Card
2143,2023-02-17 14:00:00,2590,Mouse,4,1084.44,4305.08,32.68,PayPal
8269,2023-10-30 20:00:00,2250,Headphones,3,,3018.2000000000003,45.85,Debit Card
2703,2023-03-12 22:00:00,2532,Keyboard,2,1469.72,2937.35,2.09,Debit Card
7679,2023-10-06 06:00:00,2148,Tablet,3,1903.7,5630.120000000001,80.98,PayPal
7119,2023-09-12 22:00:00,2577,Tablet,1,1689.73,1621.49,68.24,Debit Card
7101,2023-09-12 04:00:00,2503,Mouse,1,165.09,145.5,19.59,Credit Card
7897,2023-10-15 08:00:00,2659,Mouse,4,1986.56,7858.58,87.66,Debit Card
4461,2023-05-25 04:00:00,2258,Keyboard,2,1876.74,3655.7,97.78,PayPal
5809,2023-07-20 08:00:00,2487,Laptop,2,805.88,1535.84,75.92,Debit Card
6769,2023-08-29 08:00:00,2981,Monitor,2,1090.54,2101.93,79.15,Credit Card
7423,2023-09-25 14:00:00,2721,Keyboard,2,1132.0,2177.75,86.25,Debit Card
5354,2023-07-01 09:00:00,2485,Monitor,4,993.28,3873.46,99.66,Cash
10425,2024-01-28 16:00:00,2025,Keyboard,3,1987.37,5949.19,12.92,Debit Card
7642,2023-10-04 17:00:00,2019,Monitor,1,239.76,168.63,71.13,Debit Card
7068,2023-09-10 19:00:00,2834,Tablet,4,626.05,2461.12,43.08,Credit Card
6709,2023-08-26 20:00:00,2275,Monitor,3,322.25,955.79,10.96,Cash
9942,2024-01-08 13:00:00,2256,Keyboard,1,321.17,263.64,57.53,PayPal
10086,2024-01-14 13:00:00,2858,Tablet,1,336.01,287.74,48.27,Debit Card
10886,2024-02-16 21:00:00,2688,Headphones,3,1992.0,5926.08,49.92,Debit Card
6170,2023-08-04 09:00:00,2546,Laptop,2,1366.63,2713.8300000000004,19.43,Credit Card
10051,2024-01-13 02:00:00,2361,Keyboard,2,894.04,1729.58,58.5,PayPal
1621,2023-01-26 20:00:00,2756,Keyboard,4,420.17,1627.44,53.24,PayPal
9355,2023-12-15 02:00:00,2700,Keyboard,1,312.22,219.94000000000003,92.28,PayPal
7253,2023-09-18 12:00:00,2388,Tablet,3,1195.54,3528.0699999999997,58.55,Credit Card
8432,2023-11-06 15:00:00,2600,Laptop,4,1883.89,7511.400000000001,24.16,Cash
10951,2024-02-19 14:00:00,2610,Tablet,4,440.41,1674.6100000000001,87.03,Debit Card
4195,2023-05-14 02:00:00,2328,Tablet,3,646.46,1905.3200000000002,34.06,PayPal
4406,2023-05-22 21:00:00,2148,Monitor,3,1626.92,4828.29,52.47,Debit Card
3211,2023-04-03 02:00:00,2844,Laptop,1,1549.98,1510.72,39.26,Debit Card
2047,2023-02-13 14:00:00,2743,Mouse,2,835.69,1610.14,61.24,Cash
5239,2023-06-26 14:00:00,2337,Keyboard,2,460.3,914.45,6.15,Cash
7073,2023-09-11 00:00:00,2679,Laptop,1,1622.0,1542.85,79.15,Debit Card
9680,2023-12-28 15:00:00,2246,Tablet,4,420.24,1664.58,16.38,Debit Card
5701,2023-07-15 20:00:00,2153,Headphones,1,918.68,832.3299999999999,86.35,PayPal
2916,2023-03-21 19:00:00,2089,Laptop,3,1546.6,4568.429999999999,71.37,Debit Card
2569,2023-03-07 08:00:00,2594,Monitor,4,1506.7,6016.37,10.43,Debit Card
1463,2023-01-20 06:00:00,2424,Keyboard,4,774.85,3093.9500000000003,5.45,PayPal
1744,2023-01-31 23:00:00,2952,Mouse,3,1437.49,,44.97,Credit Card
1223,2023-01-10 06:00:00,2654,Keyboard,3,353.5,1003.5,57.0,Debit Card
6776,2023-08-29 15:00:00,2130,Headphones,3,155.98,451.59999999999997,16.34,PayPal
5003,2023-06-16 18:00:00,2384,Keyboard,4,1550.72,6150.87,52.01,Cash
1626,2023-01-27 01:00:00,2211,Headphones,2,716.6,1390.74,42.46,Debit Card
2865,2023-03-19 16:00:00,2481,Mouse,2,347.43,617.5600000000001,77.3,Credit Card
9202,2023-12-08 17:00:00,2049,Tablet,1,665.39,644.49,20.9,PayPal
6370,2023-08-12 17:00:00,2478,Keyboard,1,1883.94,1830.92,53.02,Credit Card
7046,2023-09-09 21:00:00,2973,Mouse,4,1201.89,4759.29,48.27,PayPal
4061,2023-05-08 12:00:00,2229,Monitor,3,875.29,2538.44,87.43,Cash
9551,2023-12-23 06:00:00,2409,Monitor,4,618.68,2386.52,88.2,Credit Card
9294,2023-12-12 13:00:00,2665,Keyboard,2,1040.2,2046.68,33.72,PayPal
5429,2023-07-04 12:00:00,2807,Monitor,2,278.73,497.36,60.1,nan
2316,2023-02-24 19:00:00,2682,Monitor,4,1565.61,6245.29,17.15,Debit Card
6404,2023-08-14 03:00:00,2040,Laptop,2,862.98,1659.63,66.33,Cash
3685,2023-04-22 20:00:00,2762,Keyboard,3,1845.91,5454.540000000001,83.19,Debit Card
7388,2023-09-24 03:00:00,2159,Monitor,1,680.27,611.18,69.09,PayPal
5130,2023-06-22 01:00:00,2601,Monitor,3,148.55,380.12,65.53,Debit Card
1354,2023-01-15 17:00:00,2895,Mouse,3,1822.31,5400.9800000000005,65.95,Credit Card
7775,2023-10-10 06:00:00,2630,Headphones,2,1301.4,2588.9300000000003,13.87,nan
1457,2023-01-20 00:00:00,2700,Mouse,4,1726.26,6862.96,42.08,Credit Card
7957,2023-10-17 20:00:00,2817,Monitor,3,1775.42,5240.34,85.92,Cash
4886,2023-06-11 21:00:00,2642,Headphones,4,1671.62,6658.12,28.36,Debit Card
1240,2023-01-10 23:00:00,2186,Tablet,4,879.73,3515.03,3.89,Cash
6362,2023-08-12 09:00:00,2880,Headphones,4,1562.24,6202.13,46.83,PayPal
9253,2023-12-10 20:00:00,2478,Laptop,3,679.21,1944.64,92.99,PayPal
9464,2023-12-19 15:00:00,2303,Mouse,2,1672.69,3304.96,40.42,Credit Card
7496,2023-09-28 15:00:00,2296,Tablet,2,1590.18,3146.9500000000003,33.41,Cash
2863,2023-03-19 14:00:00,2197,Mouse,4,746.21,2953.05,31.79,Cash
3993,2023-05-05 16:00:00,2393,Laptop,1,1907.49,1849.78,57.71,Debit Card
6995,2023-09-07 18:00:00,2146,Headphones,4,,3230.88,31.04,PayPal
3603,2023-04-19 10:00:00,2524,Keyboard,1,1683.43,1668.94,14.49,Cash
8860,2023-11-24 11:00:00,2370,Laptop,1,273.36,215.66000000000003,57.7,PayPal
2019,2023-02-12 10:00:00,2403,Monitor,2,696.95,1376.8700000000001,17.03,Credit Card
9983,2024-01-10 06:00:00,2763,Headphones,3,395.25,1166.05,19.7,Credit Card
7852,2023-10-13 11:00:00,2084,Tablet,2,448.3,852.85,43.75,PayPal
2594,2023-03-08 09:00:00,2624,Monitor,3,546.41,1596.63,42.6,Credit Card
2761,2023-03-15 08:00:00,2755,Headphones,4,1318.4,5231.06,42.54,Cash
3957,2023-05-04 04:00:00,2198,Headphones,2,990.66,1903.76,77.56,PayPal
8302,2023-11-01 05:00:00,2522,Monitor,3,1511.52,4483.379999999999,51.18,Debit Card
10223,2024-01-20 06:00:00,2286,Headphones,3,1755.12,5202.78,62.58,Credit Card
9912,2024-01-07 07:00:00,2639,Headphones,4,979.88,3869.5,50.02,nan
2671,2023-03-11 14:00:00,2990,Laptop,3,826.88,2407.2599999999998,73.38,Credit Card
2104,2023-02-15 23:00:00,2127,Laptop,3,1124.96,3295.85,79.03,Debit Card
9538,2023-12-22 17:00:00,2167,Tablet,3,63.23,153.23,36.46,Cash
9628,2023-12-26 11:00:00,2922,Headphones,3,866.23,2502.2400000000002,96.45,Credit Card
8934,2023-11-27 13:00:00,2410,Keyboard,2,1763.83,3461.73,65.93,Credit Card
10830,2024-02-14 13:00:00,2177,Keyboard,2,687.32,1352.5900000000001,22.05,Credit Card
3863,2023-04-30 06:00:00,2158,Mouse,4,1153.24,4604.57,8.39,Debit Card
5076,2023-06-19 19:00:00,2182,Keyboard,3,1634.43,4841.78,61.51,Credit Card
5953,2023-07-26 08:00:00,2429,Mouse,4,1761.71,7006.2300000000005,40.61,Cash
3424,2023-04-11 23:00:00,2729,Monitor,2,148.94,249.09,48.79,Credit Card
3895,2023-05-01 14:00:00,2414,Laptop,3,1993.69,5913.179999999999,67.89,PayPal
10920,2024-02-18 07:00:00,2065,Mouse,3,1596.99,4776.08,14.89,Cash
5247,2023-06-26 22:00:00,2365,Laptop,2,1451.65,2900.75,2.55,Cash
10706,2024-02-09 09:00:00,2141,Mouse,1,,799.9000000000001,92.05,PayPal
5030,2023-06-17 21:00:00,2810,Laptop,3,766.78,2237.32,63.02,Debit Card
10630,2024-02-06 05:00:00,2294,Monitor,3,1970.46,5849.03,62.35,PayPal
5054,2023-06-18 21:00:00,2806,Mouse,3,1709.55,5109.58,19.07,Credit Card
10931,2024-02-18 18:00:00,2550,Monitor,3,1692.54,5013.12,64.5,Debit Card
2384,2023-02-27 15:00:00,2416,Monitor,3,1427.26,4243.929999999999,37.85,Cash
10893,2024-02-17 04:00:00,2383,Headphones,3,1299.1,3880.37,16.93,Credit Card
9735,2023-12-30 22:00:00,2591,Monitor,1,480.16,477.55,2.61,Credit Card
3040,2023-03-26 23:00:00,2598,Mouse,3,1814.19,5414.61,27.96,Cash
1218,2023-01-10 01:00:00,2150,Tablet,1,,500.2,53.04,PayPal
6584,2023-08-21 15:00:00,2376,Monitor,1,865.52,830.13,35.39,Cash
7700,2023-10-07 03:00:00,2969,Laptop,4,105.2,370.84000000000003,49.96,Debit Card
9469,2023-12-19 20:00:00,2286,Mouse,3,597.93,1697.8799999999999,95.91,nan
10631,2024-02-06 06:00:00,2149,Mouse,3,774.49,2244.9,78.57,Credit Card
4398,2023-05-22 13:00:00,2615,Keyboard,1,1997.29,1977.99,19.3,PayPal
2035,2023-02-13 02:00:00,2301,Laptop,2,908.45,1741.1200000000001,75.78,Cash
1217,2023-01-10 00:00:00,2762,Headphones,3,117.91,309.44,44.29,Debit Card
6293,2023-08-09 12:00:00,2261,Mouse,2,1334.49,2576.93,92.05,Credit Card
5803,2023-07-20 02:00:00,2047,Mouse,4,908.91,3581.81,53.83,Cash
10542,2024-02-02 13:00:00,2900,Mouse,2,1647.98,3234.9700000000003,60.99,Debit Card
3626,2023-04-20 09:00:00,2043,Headphones,2,1734.9,3421.52,48.28,Debit Card
1907,2023-02-07 18:00:00,2707,Mouse,2,91.37,170.0,12.74,PayPal
5900,2023-07-24 03:00:00,2966,Keyboard,2,908.45,1767.2900000000002,49.61,Cash
7915,2023-10-16 02:00:00,2456,Monitor,3,536.18,1562.72,45.82,PayPal
7293,2023-09-20 04:00:00,2674,Monitor,1,1010.07,994.3000000000001,15.77,Debit Card
8776,2023-11-20 23:00:00,2234,Mouse,1,534.38,521.92,12.46,Cash
7727,2023-10-08 06:00:00,2247,Keyboard,1,1955.01,1891.39,63.62,Cash
7415,2023-09-25 06:00:00,2716,Laptop,3,245.28,686.5,49.34,Credit Card
9376,2023-12-15 23:00:00,2786,Keyboard,2,419.07,823.26,14.88,Credit Card
6093,2023-08-01 04:00:00,2576,Monitor,2,157.93,,63.03,Cash
5792,2023-07-19 15:00:00,2515,Headphones,3,770.17,2261.6499999999996,48.86,Cash
4839,2023-06-09 22:00:00,2440,Monitor,2,1000.17,1973.11,27.23,Cash
1334,2023-01-14 21:00:00,2340,Mouse,4,1663.87,6561.99,93.49,PayPal
9201,2023-12-08 16:00:00,2816,Keyboard,4,938.28,,37.72,Credit Card
7462,2023-09-27 05:00:00,2235,Mouse,3,1480.81,4388.900000000001,53.53,PayPal
9521,2023-12-22 00:00:00,2499,Headphones,3,1043.35,3053.7299999999996,76.32,PayPal
2784,2023-03-16 07:00:00,2242,Laptop,1,234.67,136.38,98.29,Credit Card
9311,2023-12-13 06:00:00,2649,Mouse,2,832.76,1584.51,81.01,Debit Card
4350,2023-05-20 13:00:00,2505,Keyboard,1,989.61,955.6800000000001,33.93,Cash
3407,2023-04-11 06:00:00,2428,Laptop,2,570.91,1046.31,95.51,PayPal
1853,2023-02-05 12:00:00,2765,Headphones,3,991.83,2942.2000000000003,33.29,Debit Card
3827,2023-04-28 18:00:00,2222,Keyboard,1,1121.8,1041.84,79.96,Cash
6198,2023-08-05 13:00:00,2935,Monitor,3,1675.27,4986.179999999999,39.63,Cash
3311,2023-04-07 06:00:00,2401,Monitor,1,692.55,658.8,33.75,Cash
9284,2023-12-12 03:00:00,2646,Laptop,1,,1290.88,7.76,PayPal
3222,2023-04-03 13:00:00,2209,Headphones,1,1079.89,1040.0400000000002,39.85,Credit Card
7504,2023-09-28 23:00:00,2888,Tablet,2,829.38,1600.19,58.57,Cash
5533,2023-07-08 20:00:00,2064,Monitor,4,1937.52,7739.4,10.68,Debit Card
6472,2023-08-16 23:00:00,2428,Tablet,4,142.43,527.09,42.63,PayPal
6731,2023-08-27 18:00:00,2431,Laptop,3,861.35,2554.32,29.73,PayPal
3945,2023-05-03 16:00:00,2576,Laptop,4,784.21,3043.4700000000003,93.37,Debit Card
9194,2023-12-08 09:00:00,2275,Tablet,1,1706.56,1617.06,89.5,Cash
2902,2023-03-21 05:00:00,2576,Headphones,3,1105.76,3241.24,76.04,Credit Card
2711,2023-03-13 06:00:00,2653,Laptop,4,1991.22,7891.62,73.26,PayPal
4603,2023-05-31 02:00:00,2603,Laptop,2,143.03,251.57,34.49,Credit Card
4932,2023-06-13 19:00:00,2724,Monitor,2,1802.06,3558.04,46.08,Credit Card
3699,2023-04-23 10:00:00,2296,Keyboard,1,1987.74,1959.11,28.63,Debit Card
1748,2023-02-01 03:00:00,2161,Mouse,3,186.04,553.41,4.71,Debit Card
3271,2023-04-05 14:00:00,2735,Mouse,2,1838.68,3598.81,78.55,Debit Card
6047,2023-07-30 06:00:00,2475,Monitor,2,264.38,486.40999999999997,42.35,Credit Card
2570,2023-03-07 09:00:00,2571,Headphones,3,1598.25,4783.28,11.47,Debit Card
6852,2023-09-01 19:00:00,2413,Mouse,4,1239.51,4896.67,61.37,PayPal
1348,2023-01-15 11:00:00,2944,Headphones,3,189.51,554.18,14.35,Credit Card
2243,2023-02-21 18:00:00,2313,Keyboard,1,196.07,101.69999999999999,94.37,PayPal
5216,2023-06-25 15:00:00,2109,Laptop,4,1443.39,5755.490000000001,18.07,Debit Card
5681,2023-07-15 00:00:00,2284,Monitor,1,346.14,295.91999999999996,50.22,Credit Card
8704,2023-11-17 23:00:00,2679,Headphones,3,627.15,1806.5299999999997,74.92,Credit Card
3326,2023-04-07 21:00:00,2386,Monitor,3,725.05,2081.6199999999994,93.53,Cash
5099,2023-06-20 18:00:00,2586,Headphones,4,227.77,836.47,74.61,nan
9769,2024-01-01 08:00:00,2333,Monitor,1,,1167.3999999999999,35.94,Credit Card
7736,2023-10-08 15:00:00,2786,Tablet,2,1691.34,3320.74,61.94,Cash
4920,2023-06-13 07:00:00,2454,Tablet,2,1824.85,3596.5,53.2,Cash
10160,2024-01-17 15:00:00,2645,Headphones,4,479.99,1899.24,20.72,Debit Card
9023,2023-12-01 06:00:00,2621,Tablet,3,747.72,2160.96,82.2,Debit Card
9777,2024-01-01 16:00:00,2037,Headphones,1,1713.13,1694.88,18.25,Cash
7022,2023-09-08 21:00:00,2872,Keyboard,1,1865.03,1861.47,3.56,Credit Card
10686,2024-02-08 13:00:00,2722,Tablet,4,1823.28,7259.16,33.96,PayPal
6580,2023-08-21 11:00:00,2868,Monitor,1,1472.63,1421.17,51.46,Cash
6901,2023-09-03 20:00:00,2956,Tablet,4,1683.19,6707.12,25.64,Cash
9075,2023-12-03 10:00:00,2125,Monitor,2,,1136.4,76.78,Debit Card
5031,2023-06-17 22:00:00,2079,Laptop,2,441.41,873.09,9.73,Credit Card
1764,2023-02-01 19:00:00,2452,Tablet,4,1386.73,5469.84,77.08,Debit Card
5077,2023-06-19 20:00:00,2921,Keyboard,1,622.57,547.1500000000001,75.42,Credit Card
10489,2024-01-31 08:00:00,2594,Monitor,4,1070.19,4271.6900000000005,9.07,Cash
10238,2024-01-20 21:00:00,2717,Laptop,2,1699.84,3373.2999999999997,26.38,Credit Card
9245,2023-12-10 12:00:00,2982,Laptop,1,145.85,,34.9,Cash
10298,2024-01-23 09:00:00,2204,Headphones,3,87.1,194.50999999999993,66.79,Cash
10233,2024-01-20 16:00:00,2068,Mouse,4,298.73,1111.0600000000002,83.86,Debit Card
2487,2023-03-03 22:00:00,2504,Monitor,2,573.65,1119.46,27.84,PayPal
2223,2023-02-20 22:00:00,2662,Keyboard,2,,14.880000000000003,33.36,PayPal
9175,2023-12-07 14:00:00,2672,Monitor,3,1692.51,5058.45,19.08,Cash
5281,2023-06-28 08:00:00,2825,Headphones,3,1793.0,5304.3,74.7,Credit Card
10431,2024-01-28 22:00:00,2234,Tablet,1,1771.7,1758.39,13.31,Credit Card
5790,2023-07-19 13:00:00,2506,Tablet,2,1080.08,2109.79,50.37,Debit Card
9166,2023-12-07 05:00:00,2098,Laptop,3,1802.31,5320.9800000000005,85.95,Debit Card
7766,2023-10-09 21:00:00,2455,Monitor,2,1978.39,3925.09,31.69,PayPal
9006,2023-11-30 13:00:00,2581,Mouse,3,1515.98,4523.1900000000005,24.75,Cash
7890,2023-10-15 01:00:00,2622,Mouse,2,1593.96,3162.58,25.34,Debit Card
9537,2023-12-22 16:00:00,2704,Mouse,3,440.81,1268.14,54.29,PayPal
9846,2024-01-04 13:00:00,2090,Laptop,1,507.16,480.69000000000005,26.47,PayPal
6480,2023-08-17 07:00:00,2934,Laptop,4,916.53,3600.02,66.1,Debit Card
1709,2023-01-30 12:00:00,2379,Tablet,3,1577.22,4688.11,43.55,Credit Card
3693,2023-04-23 04:00:00,2212,Keyboard,4,1794.33,7088.48,88.84,Credit Card
2576,2023-03-07 15:00:00,2474,Laptop,3,79.66,,5.43,Cash
1510,2023-01-22 05:00:00,2066,Tablet,2,573.75,1051.5,96.0,Debit Card
7110,2023-09-12 13:00:00,2335,Monitor,3,1305.27,3840.4,75.41,Cash
1500,2023-01-21 19:00:00,2670,Headphones,4,1370.1,5410.629999999999,69.77,Debit Card
8031,2023-10-20 22:00:00,2863,Keyboard,2,729.67,1381.34,78.0,PayPal
5694,2023-07-15 13:00:00,2951,Tablet,3,129.7,315.71,73.39,Cash
4663,2023-06-02 14:00:00,2038,Tablet,2,1770.46,3485.86,55.06,Credit Card
5024,2023-06-17 15:00:00,2032,Headphones,3,1685.78,5002.09,55.25,PayPal
9281,2023-12-12 00:00:00,2220,Keyboard,1,903.94,867.7,36.24,Credit Card
7221,2023-09-17 04:00:00,2810,Keyboard,4,1689.22,6748.99,7.89,Cash
4306,2023-05-18 17:00:00,2615,Laptop,3,,2239.8,25.5,Debit Card
10470,2024-01-30 13:00:00,2149,Keyboard,3,906.28,2660.1800000000003,58.66,PayPal
2260,2023-02-22 11:00:00,2609,Tablet,3,401.15,1111.7299999999998,91.72,Debit Card
8925,2023-11-27 04:00:00,2893,Laptop,3,538.04,1521.37,92.75,Credit Card
6594,2023-08-22 01:00:00,2685,Monitor,3,345.5,939.87,96.63,Debit Card
9377,2023-12-16 00:00:00,2895,Tablet,1,797.22,789.97,7.25,Debit Card
5956,2023-07-26 11:00:00,2244,Monitor,4,1573.51,6203.56,90.48,Credit Card
3304,2023-04-06 23:00:00,2069,Tablet,3,1032.94,3068.0,30.82,PayPal
9329,2023-12-14 00:00:00,2800,Headphones,2,639.17,1259.74,18.6,PayPal
1712,2023-01-30 15:00:00,2020,Mouse,2,658.44,1247.0700000000002,69.81,Credit Card
10963,2024-02-20 02:00:00,2027,Laptop,2,1720.83,3401.3999999999996,40.26,Cash
10592,2024-02-04 15:00:00,2105,Monitor,4,292.2,1104.93,63.87,PayPal
7875,2023-10-14 10:00:00,2403,Mouse,2,387.05,766.39,7.71,Debit Card
4762,2023-06-06 17:00:00,2907,Tablet,3,1200.32,3523.7,77.26,PayPal
8365,2023-11-03 20:00:00,2187,Headphones,1,1785.19,1741.6100000000001,43.58,Cash
2373,2023-02-27 04:00:00,2248,Monitor,2,127.82,250.70999999999998,4.93,Debit Card
2794,2023-03-16 17:00:00,2993,Mouse,2,538.13,1067.28,8.98,Cash
4013,2023-05-06 12:00:00,2536,Keyboard,4,389.84,1509.1299999999999,50.23,PayPal
1713,2023-01-30 16:00:00,2597,Mouse,3,1261.47,3783.8599999999997,0.55,PayPal
9828,2024-01-03 19:00:00,2131,Laptop,2,1008.69,1965.5800000000002,51.8,PayPal
2246,2023-02-21 21:00:00,2355,Laptop,3,1659.47,4924.51,53.9,Cash
3361,2023-04-09 08:00:00,2414,Headphones,1,914.36,906.26,8.1,Credit Card
10010,2024-01-11 09:00:00,2082,Tablet,3,615.88,1814.53,33.11,PayPal
4502,2023-05-26 21:00:00,2108,Mouse,2,651.43,1252.4499999999998,50.41,PayPal
6701,2023-08-26 12:00:00,2872,Monitor,3,827.6,2455.11,27.69,Credit Card
3474,2023-04-14 01:00:00,2595,Tablet,2,71.81,135.03,8.59,Debit Card
6712,2023-08-26 23:00:00,2802,Laptop,2,1111.24,2182.28,40.2,PayPal
8377,2023-11-04 08:00:00,2797,Tablet,2,1055.27,2069.72,40.82,PayPal
1716,2023-01-30 19:00:00,2765,Keyboard,4,1676.75,6647.65,59.35,Credit Card
9276,2023-12-11 19:00:00,2470,Tablet,1,1028.29,966.0899999999999,62.2,Cash
10290,2024-01-23 01:00:00,2822,Laptop,4,24.92,24.52000000000001,75.16,Debit Card
2483,2023-03-03 18:00:00,2550,Headphones,1,531.28,518.11,13.17,Credit Card
4209,2023-05-14 16:00:00,2434,Monitor,2,535.39,1068.17,2.61,Credit Card
7830,2023-10-12 13:00:00,2785,Tablet,2,,1436.25,83.91,Cash
3702,2023-04-23 13:00:00,2525,Tablet,2,1958.72,3876.4,41.04,Credit Card
2795,2023-03-16 18:00:00,2409,Laptop,1,999.61,923.16,76.45,PayPal
5254,2023-06-27 05:00:00,2048,Keyboard,4,1814.94,7213.4800000000005,46.28,Cash
8984,2023-11-29 15:00:00,2895,Mouse,1,746.76,694.12,52.64,Cash
10252,2024-01-21 11:00:00,2290,Laptop,3,1985.7,5884.650000000001,72.45,PayPal
7256,2023-09-18 15:00:00,2959,Mouse,2,241.78,,60.38,Cash
4705,2023-06-04 08:00:00,2195,Monitor,2,1106.62,2178.6099999999997,34.63,PayPal
8019,2023-10-20 10:00:00,2856,Keyboard,4,107.68,416.02000000000004,14.7,Cash
2742,2023-03-14 13:00:00,2171,Tablet,1,64.4,56.59,7.81,Cash
3031,2023-03-26 14:00:00,2082,Laptop,3,545.35,1632.6800000000003,3.37,PayPal
2659,2023-03-11 02:00:00,2529,Mouse,2,1345.31,2661.63,28.99,Cash
1213,2023-01-09 20:00:00,2015,Headphones,1,1925.21,1896.5900000000001,28.62,Debit Card
10484,2024-01-31 03:00:00,2644,Monitor,1,38.14,,15.39,Debit Card
3535,2023-04-16 14:00:00,2465,Headphones,4,,3256.67,3.77,PayPal
6007,2023-07-28 14:00:00,2067,Monitor,3,1016.75,3025.6,24.65,PayPal
2011,2023-02-12 02:00:00,2123,Mouse,2,1717.05,3346.35,87.75,Debit Card
1324,2023-01-14 11:00:00,2823,Headphones,1,1299.8,1200.44,99.36,Credit Card
5059,2023-06-19 02:00:00,2341,Keyboard,4,335.62,1342.1100000000001,0.37,Cash
2098,2023-02-15 17:00:00,2220,Monitor,1,1649.23,1594.28,54.95,PayPal
10273,2024-01-22 08:00:00,2161,Monitor,1,382.33,340.0,42.33,Credit Card
4892,2023-06-12 03:00:00,2293,Headphones,1,1065.67,1060.03,5.64,PayPal
1335,2023-01-14 22:00:00,2363,Mouse,4,783.3,3120.79,12.41,Debit Card
2614,2023-03-09 05:00:00,2272,Mouse,2,1596.34,3109.68,83.0,PayPal
7215,2023-09-16 22:00:00,2522,Tablet,4,737.89,2949.79,1.77,Credit Card
1793,2023-02-03 00:00:00,2147,Monitor,4,1581.8,6231.11,96.09,Credit Card
1234,2023-01-10 17:00:00,2313,Keyboard,1,796.23,774.62,21.61,Debit Card
5082,2023-06-20 01:00:00,2726,Keyboard,4,827.73,3304.04,6.88,Cash
9617,2023-12-26 00:00:00,2270,Keyboard,3,1679.21,,91.79,nan
7540,2023-09-30 11:00:00,2296,Tablet,4,279.07,1086.1,30.18,PayPal
8906,2023-11-26 09:00:00,2771,Headphones,2,90.15,171.73000000000002,8.57,PayPal
2632,2023-03-09 23:00:00,2527,Monitor,3,1526.95,4491.5,89.35,Debit Card
8252,2023-10-30 03:00:00,2844,Headphones,2,1121.61,2146.91,96.31,Cash
5162,2023-06-23 09:00:00,2287,Tablet,2,,392.36,36.88,PayPal
4818,2023-06-09 01:00:00,2296,Keyboard,2,1102.55,2129.9,75.2,Credit Card
3849,2023-04-29 16:00:00,2629,Keyboard,4,1039.69,4110.530000000001,48.23,Credit Card
10625,2024-02-06 00:00:00,2658,Headphones,3,1755.89,5192.17,75.5,Credit Card
3076,2023-03-28 11:00:00,2580,Headphones,1,607.98,559.28,48.7,Cash
1872,2023-02-06 07:00:00,2513,Mouse,2,298.09,575.0799999999999,21.1,Cash
2264,2023-02-22 15:00:00,2066,Monitor,4,275.7,1002.91,99.89,Credit Card
2619,2023-03-09 10:00:00,2906,Tablet,2,1486.88,2964.44,9.32,PayPal
6237,2023-08-07 04:00:00,2477,Keyboard,4,,4066.79,66.33,Credit Card
6361,2023-08-12 08:00:00,2204,Mouse,1,1243.43,1225.23,18.2,Credit Card
5794,2023-07-19 17:00:00,2478,Mouse,3,1585.79,4745.09,12.28,Cash
6200,2023-08-05 15:00:00,2698,Tablet,3,47.15,107.88999999999999,33.56,Cash
3413,2023-04-11 12:00:00,2713,Keyboard,4,1530.79,6083.55,39.61,Credit Card
2221,2023-02-20 20:00:00,2556,Monitor,4,1418.29,5590.13,83.03,Debit Card
4246,2023-05-16 05:00:00,2700,Laptop,4,1239.84,4871.549999999999,87.81,Cash
2766,2023-03-15 13:00:00,2437,Mouse,3,435.46,1259.87,46.51,Credit Card
5869,2023-07-22 20:00:00,2025,Mouse,1,505.76,423.44,82.32,Debit Card
7045,2023-09-09 20:00:00,2608,Laptop,4,1608.6,6350.32,84.08,Cash
7818,2023-10-12 01:00:00,2500,Monitor,4,391.69,1481.91,84.85,Debit Card
2514,2023-03-05 01:00:00,2108,Mouse,1,1399.94,1347.18,52.76,Debit Card
8326,2023-11-02 05:00:00,2951,Tablet,4,72.47,280.15999999999997,9.72,Cash
6560,2023-08-20 15:00:00,2854,Keyboard,2,1074.81,2075.93,73.69,PayPal
3520,2023-04-15 23:00:00,2489,Headphones,1,441.06,421.63,19.43,Cash
10749,2024-02-11 04:00:00,2514,Monitor,1,369.07,321.69,47.38,Credit Card
10674,2024-02-08 01:00:00,2298,Tablet,2,164.26,238.86999999999998,89.65,Cash
6741,2023-08-28 04:00:00,2515,Tablet,2,1523.05,3006.5299999999997,39.57,PayPal
10949,2024-02-19 12:00:00,2013,Laptop,1,523.0,439.19,83.81,PayPal
10041,2024-01-12 16:00:00,2461,Monitor,4,1689.77,6707.35,51.73,PayPal
8842,2023-11-23 17:00:00,2977,Laptop,4,603.62,2369.2400000000002,45.24,Cash
5158,2023-06-23 05:00:00,2873,Headphones,2,53.57,30.019999999999996,77.12,Debit Card
9441,2023-12-18 16:00:00,2653,Laptop,3,1792.66,5341.21,36.77,Cash
7773,2023-10-10 04:00:00,2499,Keyboard,3,800.46,2362.9300000000003,38.45,Cash
1618,2023-01-26 17:00:00,2553,Tablet,4,1802.44,7147.110000000001,62.65,PayPal
9907,2024-01-07 02:00:00,2012,Laptop,4,474.36,1886.93,10.51,Debit Card
9730,2023-12-30 17:00:00,2912,Mouse,1,686.07,607.1,78.97,Credit Card
1746,2023-02-01 01:00:00,2799,Laptop,2,1441.03,2835.2799999999997,46.78,Debit Card
3824,2023-04-28 15:00:00,2179,Tablet,4,1068.65,4200.4800000000005,74.12,Cash
3848,2023-04-29 15:00:00,2113,Keyboard,3,1742.47,5210.48,16.93,PayPal
6791,2023-08-30 06:00:00,2003,Headphones,4,264.2,1048.61,8.19,Debit Card
10418,2024-01-28 09:00:00,2144,Mouse,2,268.15,517.0999999999999,19.2,Debit Card
10309,2024-01-23 20:00:00,2119,Tablet,4,1447.82,5732.78,58.5,Debit Card
8921,2023-11-27 00:00:00,2573,Mouse,3,573.11,1629.1999999999998,90.13,Credit Card
5672,2023-07-14 15:00:00,2337,Headphones,2,365.76,678.11,53.41,Cash
5886,2023-07-23 13:00:00,2648,Mouse,4,1061.71,4161.4800000000005,85.36,Debit Card
5732,2023-07-17 03:00:00,2791,Laptop,2,708.88,1381.11,36.65,PayPal
4207,2023-05-14 14:00:00,2927,Headphones,3,1283.44,3836.9900000000002,13.33,Credit Card
4990,2023-06-16 05:00:00,2038,Tablet,2,542.79,1053.1599999999999,32.42,Debit Card
6358,2023-08-12 05:00:00,2001,Laptop,2,1511.61,3017.1099999999997,6.11,Cash
4400,2023-05-22 15:00:00,2170,Keyboard,3,1087.62,3196.5499999999997,66.31,Debit Card
2314,2023-02-24 17:00:00,2651,Keyboard,4,,7610.42,14.42,Debit Card
3890,2023-05-01 09:00:00,2602,Tablet,1,314.49,306.02,8.47,PayPal
4430,2023-05-23 21:00:00,2736,Tablet,1,1741.97,1664.73,77.24,Cash
5852,2023-07-22 03:00:00,2763,Monitor,2,1523.45,3009.4900000000002,37.41,Cash
10946,2024-02-19 09:00:00,2539,Tablet,3,,3033.7499999999995,55.8,Debit Card
7577,2023-10-02 00:00:00,2222,Mouse,2,1986.26,3884.2599999999998,88.26,Debit Card
5490,2023-07-07 01:00:00,2777,Monitor,4,1195.87,4693.219999999999,90.26,Cash
1654,2023-01-28 05:00:00,2323,Keyboard,4,1473.47,5794.82,99.06,Cash
9506,2023-12-21 09:00:00,2185,Laptop,4,1229.62,4829.549999999999,88.93,Debit Card
8911,2023-11-26 14:00:00,2192,Keyboard,4,1094.2,4291.2300000000005,85.57,Debit Card
3621,2023-04-20 04:00:00,2106,Headphones,4,1348.3,5362.599999999999,30.6,Debit Card
10588,2024-02-04 11:00:00,2969,Mouse,4,801.59,3152.28,54.08,PayPal
7680,2023-10-06 07:00:00,2621,Tablet,4,995.47,3967.58,14.3,Debit Card
7009,2023-09-08 08:00:00,2893,Laptop,2,1171.38,2280.01,62.75,Credit Card
6750,2023-08-28 13:00:00,2857,Keyboard,1,61.04,,18.91,Cash
7232,2023-09-17 15:00:00,2581,Mouse,4,190.26,740.61,20.43,PayPal
1612,2023-01-26 11:00:00,2987,Monitor,4,1541.96,6161.33,6.51,Credit Card
6455,2023-08-16 06:00:00,2833,Tablet,4,293.35,1170.17,3.23,PayPal
3115,2023-03-30 02:00:00,2882,Headphones,1,696.62,678.1,18.52,Debit Card
5719,2023-07-16 14:00:00,2776,Headphones,4,952.05,3727.73,80.47,Debit Card
1512,2023-01-22 07:00:00,2693,Laptop,4,1565.35,6203.339999999999,58.06,Cash
5831,2023-07-21 06:00:00,2829,Keyboard,4,1535.31,6049.73,91.51,PayPal
3614,2023-04-19 21:00:00,2273,Mouse,4,1953.19,7805.54,7.22,PayPal
7962,2023-10-18 01:00:00,2341,Laptop,1,438.49,420.25,18.24,PayPal
4653,2023-06-02 04:00:00,2610,Laptop,1,420.44,385.85,34.59,Debit Card
8511,2023-11-09 22:00:00,2693,Keyboard,2,748.42,1418.49,78.35,Debit Card
3817,2023-04-28 08:00:00,2525,Headphones,4,1594.39,,64.24,Cash
7578,2023-10-02 01:00:00,2658,Headphones,4,1370.53,5414.88,67.24,PayPal
7588,2023-10-02 11:00:00,2407,Laptop,3,744.79,2161.29,73.08,Credit Card
6764,2023-08-29 03:00:00,2860,Mouse,1,752.84,747.9200000000001,4.92,PayPal
5004,2023-06-16 19:00:00,2767,Tablet,4,1221.86,4824.429999999999,63.01,Credit Card
5721,2023-07-16 16:00:00,2063,Monitor,2,1567.97,3062.43,73.51,Credit Card
9354,2023-12-15 01:00:00,2357,Tablet,3,524.9,1492.6,82.1,PayPal
6197,2023-08-05 12:00:00,2376,Headphones,3,783.89,2299.73,51.94,Cash
5382,2023-07-02 13:00:00,2570,Headphones,1,1476.04,1472.93,3.11,PayPal
9310,2023-12-13 05:00:00,2189,Monitor,2,1292.83,2490.2799999999997,95.38,Cash
10095,2024-01-14 22:00:00,2892,Monitor,1,737.6,666.88,70.72,PayPal
7835,2023-10-12 18:00:00,2192,Laptop,3,1515.46,4500.72,45.66,Cash
10217,2024-01-20 00:00:00,2932,Headphones,3,174.66,515.21,8.77,Credit Card
2110,2023-02-16 05:00:00,2356,Headphones,1,831.64,816.54,15.1,Credit Card
7346,2023-09-22 09:00:00,2821,Mouse,1,586.58,532.99,53.59,Credit Card
6616,2023-08-22 23:00:00,2194,Headphones,1,931.41,868.15,63.26,Credit Card
2039,2023-02-13 06:00:00,2427,Headphones,1,1412.6,1319.36,93.24,Cash
1021,2023-01-01 20:00:00,2291,Monitor,2,444.27,,59.82,Credit Card
5206,2023-06-25 05:00:00,2510,Headphones,2,1340.56,2646.77,34.35,PayPal
8061,2023-10-22 04:00:00,2977,Monitor,1,160.54,60.78999999999999,99.75,Credit Card
5642,2023-07-13 09:00:00,2868,Mouse,3,40.37,44.19999999999999,76.91,PayPal
4072,2023-05-08 23:00:00,2611,Headphones,4,531.71,2054.4,72.44,Credit Card
1935,2023-02-08 22:00:00,2800,Keyboard,1,1030.93,1029.3700000000001,1.56,Credit Card
10500,2024-01-31 19:00:00,2871,Tablet,2,855.57,1620.44,90.7,PayPal
7954,2023-10-17 17:00:00,2250,Keyboard,1,1174.94,1123.05,51.89,Debit Card
1395,2023-01-17 10:00:00,2087,Mouse,1,526.83,453.74,73.09,Debit Card
7652,2023-10-05 03:00:00,2368,Keyboard,3,1799.62,5305.8099999999995,93.05,Credit Card
2738,2023-03-14 09:00:00,2697,Laptop,3,1730.78,5134.97,57.37,Credit Card
3166,2023-04-01 05:00:00,2880,Tablet,2,744.48,,1.93,Debit Card
1562,2023-01-24 09:00:00,2059,Keyboard,1,1118.44,1116.46,1.98,PayPal
2163,2023-02-18 10:00:00,2168,Monitor,2,1891.9,3766.77,17.03,PayPal
5709,2023-07-16 04:00:00,2553,Laptop,1,584.94,533.85,51.09,PayPal
7373,2023-09-23 12:00:00,2385,Laptop,1,1591.09,1527.99,63.1,Debit Card
4321,2023-05-19 08:00:00,2081,Tablet,2,587.35,1097.72,76.98,Cash
2528,2023-03-05 15:00:00,2241,Mouse,1,810.12,800.76,9.36,Debit Card
4644,2023-06-01 19:00:00,2002,Tablet,1,206.34,161.7,44.64,Credit Card
4486,2023-05-26 05:00:00,2214,Keyboard,3,1307.0,3893.04,27.96,Cash
1059,2023-01-03 10:00:00,2307,Laptop,1,1547.95,1455.17,92.78,Cash
9951,2024-01-08 22:00:00,2581,Monitor,2,1357.74,2643.53,71.95,Debit Card
7222,2023-09-17 05:00:00,2746,Headphones,4,1701.38,6757.84,47.68,Debit Card
4170,2023-05-13 01:00:00,2592,Keyboard,3,83.12,234.76000000000002,14.6,Cash
7681,2023-10-06 08:00:00,2143,Headphones,3,979.64,2864.73,74.19,PayPal
3565,2023-04-17 20:00:00,2396,Mouse,4,1799.1,7110.87,85.53,nan
3949,2023-05-03 20:00:00,2478,Keyboard,2,202.23,353.75,50.71,Debit Card
4791,2023-06-07 22:00:00,2538,Monitor,2,1094.51,2153.63,35.39,Debit Card
10109,2024-01-15 12:00:00,2392,Mouse,4,368.02,1448.82,23.26,Debit Card
8877,2023-11-25 04:00:00,2036,Tablet,2,,572.15,47.89,Debit Card
1415,2023-01-18 06:00:00,2595,Mouse,1,1885.1,1824.75,60.35,Debit Card
10977,2024-02-20 16:00:00,2401,Monitor,3,1914.01,5647.509999999999,94.52,Cash
8477,2023-11-08 12:00:00,2093,Monitor,4,1508.91,5947.62,88.02,Debit Card
6304,2023-08-09 23:00:00,2976,Keyboard,3,1887.01,5587.759999999999,73.27,PayPal
3517,2023-04-15 20:00:00,2462,Laptop,4,174.86,642.1600000000001,57.28,PayPal
9168,2023-12-07 07:00:00,2428,Monitor,2,1535.39,,76.59,Debit Card
8829,2023-11-23 04:00:00,2426,Keyboard,1,1252.99,1181.15,71.84,Debit Card
10783,2024-02-12 14:00:00,2907,Headphones,4,1812.69,7233.76,17.0,PayPal
6829,2023-08-31 20:00:00,2560,Mouse,1,1203.22,1153.63,49.59,PayPal
8022,2023-10-20 13:00:00,2798,Monitor,2,1310.4,2619.51,1.29,Debit Card
9161,2023-12-07 00:00:00,2835,Headphones,2,658.88,1236.48,81.28,Debit Card
3134,2023-03-30 21:00:00,2545,Tablet,1,1049.77,1028.3899999999999,21.38,Debit Card
2898,2023-03-21 01:00:00,2335,Headphones,1,1943.51,1911.18,32.33,Credit Card
8377,2023-11-04 08:00:00,2797,Tablet,2,1055.27,2069.72,40.82,PayPal
6380,2023-08-13 03:00:00,2603,Tablet,4,1867.61,7377.509999999999,92.93,nan
8320,2023-11-01 23:00:00,2671,Laptop,1,830.94,749.25,81.69,Debit Card
5333,2023-06-30 12:00:00,2961,Monitor,4,1590.17,,77.02,Credit Card
7102,2023-09-12 05:00:00,2666,Mouse,4,1081.7,4263.78,63.02,PayPal
2818,2023-03-17 17:00:00,2538,Monitor,3,976.59,2887.33,42.44,Cash
2938,2023-03-22 17:00:00,2321,Keyboard,2,591.12,1177.9,4.34,Cash
6862,2023-09-02 05:00:00,2745,Mouse,3,157.67,416.75,56.26,Cash
3073,2023-03-28 08:00:00,2231,Monitor,2,630.21,1194.5500000000002,65.87,Credit Card
2727,2023-03-13 22:00:00,2380,Keyboard,2,164.62,274.45,54.79,PayPal
2048,2023-02-13 15:00:00,2991,Monitor,4,570.71,2246.27,36.57,Cash
6459,2023-08-16 10:00:00,2266,Laptop,4,1029.04,4059.68,56.48,Credit Card
5075,2023-06-19 18:00:00,2416,Mouse,3,1327.73,3968.56,14.63,Credit Card
4383,2023-05-21 22:00:00,2386,Keyboard,3,1546.39,4562.64,76.53,PayPal
1767,2023-02-01 22:00:00,2822,Tablet,4,76.93,298.88000000000005,8.84,PayPal
2145,2023-02-17 16:00:00,2451,Laptop,4,326.01,1278.93,25.11,nan
9022,2023-12-01 05:00:00,2529,Tablet,4,1071.42,4267.21,18.47,Credit Card
8415,2023-11-05 22:00:00,2933,Tablet,4,134.1,457.19,79.21,Debit Card
5683,2023-07-15 02:00:00,2960,Headphones,2,645.14,1233.7,56.58,nan
9552,2023-12-23 07:00:00,2423,Laptop,1,278.16,223.86,54.3,Credit Card
7970,2023-10-18 09:00:00,2769,Tablet,1,1142.75,1126.39,16.36,Cash
5646,2023-07-13 13:00:00,2514,Mouse,1,1544.27,1450.72,93.55,PayPal
4783,2023-06-07 14:00:00,2034,Headphones,1,1731.81,1674.94,56.87,Debit Card
4828,2023-06-09 11:00:00,2538,Keyboard,1,1001.94,950.1700000000001,51.77,Cash
4095,2023-05-09 22:00:00,2638,Keyboard,4,423.6,1685.5,8.9,Credit Card
1829,2023-02-04 12:00:00,2179,Mouse,2,925.72,1781.3700000000001,70.07,Credit Card
8202,2023-10-28 01:00:00,2094,Keyboard,4,,7611.01,41.03,Debit Card
2673,2023-03-11 16:00:00,2817,Mouse,2,52.32,70.75,33.89,PayPal
4626,2023-06-01 01:00:00,2759,Laptop,2,468.56,868.24,68.88,PayPal
7365,2023-09-23 04:00:00,2030,Tablet,1,1667.16,1629.3400000000001,37.82,Credit Card
7479,2023-09-27 22:00:00,2531,Tablet,1,1656.35,1564.77,91.58,Credit Card
3456,2023-04-13 07:00:00,2434,Monitor,1,,134.41,39.16,PayPal
3985,2023-05-05 08:00:00,2414,Laptop,2,1045.9,2081.67,10.13,PayPal
8045,2023-10-21 12:00:00,2633,Keyboard,2,797.61,1554.26,40.96,Cash
3046,2023-03-27 05:00:00,2532,Tablet,4,1761.71,7022.46,24.38,Cash
8199,2023-10-27 22:00:00,2863,Tablet,3,1536.16,4608.02,0.46,Debit Card
6573,2023-08-21 04:00:00,2400,Keyboard,2,189.78,334.12,45.44,Cash
4740,2023-06-05 19:00:00,2900,Monitor,1,1086.38,1056.3300000000002,30.05,Debit Card
2296,2023-02-23 23:00:00,2476,Keyboard,3,588.09,1697.09,67.18,Credit Card
5334,2023-06-30 13:00:00,2352,Monitor,1,1403.3,1376.7,26.6,Cash
1592,2023-01-25 15:00:00,2910,Monitor,2,590.2,1164.66,15.74,Debit Card
1222,2023-01-10 05:00:00,2577,Laptop,3,1770.01,5269.969999999999,40.06,Credit Card
7383,2023-09-23 22:00:00,2594,Laptop,2,265.79,469.76000000000005,61.82,Cash
10344,2024-01-25 07:00:00,2672,Headphones,4,1858.9,7412.38,23.22,Cash
6226,2023-08-06 17:00:00,2881,Monitor,1,184.71,112.35000000000001,72.36,Debit Card
1859,2023-02-05 18:00:00,2260,Headphones,3,913.58,2645.4700000000003,95.27,Cash
4509,2023-05-27 04:00:00,2740,Headphones,2,1833.79,3609.1,58.48,Debit Card
9254,2023-12-10 21:00:00,2595,Headphones,1,791.4,784.28,7.12,nan
6169,2023-08-04 08:00:00,2076,Keyboard,1,1754.36,1686.6499999999999,67.71,PayPal
1842,2023-02-05 01:00:00,2976,Tablet,3,,4889.85,68.88,Debit Card
7787,2023-10-10 18:00:00,2941,Headphones,2,1014.67,1938.9299999999998,90.41,PayPal
9707,2023-12-29 18:00:00,2212,Keyboard,3,448.55,1337.43,8.22,Debit Card
9053,2023-12-02 12:00:00,2989,Keyboard,4,1426.15,5615.490000000001,89.11,nan
1995,2023-02-11 10:00:00,2759,Headphones,1,744.27,661.0799999999999,83.19,Cash
4071,2023-05-08 22:00:00,2639,Keyboard,4,,5650.54,1.18,Cash
2555,2023-03-06 18:00:00,2895,Headphones,3,1367.78,4094.6600000000003,8.68,Credit Card
5603,2023-07-11 18:00:00,2502,Laptop,2,806.81,1599.6599999999999,13.96,Credit Card
3725,2023-04-24 12:00:00,2506,Laptop,3,1051.19,3103.84,49.73,PayPal
9188,2023-12-08 03:00:00,2355,Laptop,2,1396.2,2746.23,46.17,Cash
3616,2023-04-19 23:00:00,2173,Monitor,3,1661.98,4889.43,96.51,Credit Card
10188,2024-01-18 19:00:00,2545,Monitor,2,288.35,521.23,55.47,PayPal
10829,2024-02-14 12:00:00,2793,Monitor,4,803.97,3130.9100000000003,84.97,Cash
6268,2023-08-08 11:00:00,2071,Laptop,2,940.25,1877.42,3.08,PayPal
8862,2023-11-24 13:00:00,2578,Keyboard,3,1126.21,3374.21,4.42,Debit Card
7034,2023-09-09 09:00:00,2965,Laptop,3,1957.89,,79.4,Cash
4124,2023-05-11 03:00:00,2557,Monitor,3,833.19,2448.54,51.03,Credit Card
6147,2023-08-03 10:00:00,2678,Headphones,2,796.88,1553.93,39.83,PayPal
3234,2023-04-04 01:00:00,2098,Mouse,1,1753.91,1712.0700000000002,41.84,PayPal
10257,2024-01-21 16:00:00,2362,Monitor,2,1230.68,2399.4100000000003,61.95,Credit Card
1401,2023-01-17 16:00:00,2423,Monitor,4,,6609.360000000001,62.48,Credit Card
6922,2023-09-04 17:00:00,2567,Keyboard,4,280.75,1111.44,11.56,Cash
4393,2023-05-22 08:00:00,2157,Mouse,1,972.41,889.1899999999999,83.22,PayPal
6621,2023-08-23 04:00:00,2279,Laptop,2,1392.83,2784.1,1.56,Debit Card
3378,2023-04-10 01:00:00,2531,Monitor,4,832.11,3322.26,6.18,Debit Card
8082,2023-10-23 01:00:00,2994,Headphones,3,1840.91,5511.84,10.89,Cash
3484,2023-04-14 11:00:00,2418,Mouse,4,914.62,3561.5,96.98,Debit Card
1060,2023-01-03 11:00:00,2879,Monitor,1,678.27,668.34,9.93,PayPal
4313,2023-05-19 00:00:00,2127,Mouse,4,388.54,1455.65,98.51,PayPal
6016,2023-07-28 23:00:00,2793,Tablet,4,1230.2,4847.08,73.72,nan
4525,2023-05-27 20:00:00,2244,Headphones,3,1806.4,5336.93,82.27,PayPal
9142,2023-12-06 05:00:00,2614,Laptop,1,236.02,168.49,67.53,nan
2329,2023-02-25 08:00:00,2917,Mouse,4,1061.53,4191.2699999999995,54.85,PayPal
3545,2023-04-17 00:00:00,2413,Tablet,4,106.29,361.86,63.3,Credit Card
3488,2023-04-14 15:00:00,2640,Keyboard,2,1474.26,2920.5099999999998,28.01,Credit Card
4743,2023-06-05 22:00:00,2031,Tablet,3,1574.04,4624.05,98.07,PayPal
6505,2023-08-18 08:00:00,2713,Keyboard,4,924.99,3655.38,44.58,Credit Card
2551,2023-03-06 14:00:00,2428,Mouse,3,849.63,2501.81,47.08,Debit Card
2010,2023-02-12 01:00:00,2387,Keyboard,4,871.32,3398.5800000000004,86.7,Credit Card
2613,2023-03-09 04:00:00,2524,Mouse,3,374.6,1027.2300000000002,96.57,Debit Card
8402,2023-11-05 09:00:00,2752,Laptop,1,1522.02,1502.72,19.3,Credit Card
7486,2023-09-28 05:00:00,2604,Keyboard,3,803.71,2395.15,15.98,Debit Card
1649,2023-01-28 00:00:00,2971,Mouse,1,1281.19,1270.38,10.81,Credit Card
1880,2023-02-06 15:00:00,2509,Laptop,2,263.4,453.35999999999996,73.44,Debit Card
7836,2023-10-12 19:00:00,2691,Laptop,3,99.97,295.54999999999995,4.36,Cash
7501,2023-09-28 20:00:00,2909,Monitor,1,1412.97,1379.6100000000001,33.36,Credit Card
7803,2023-10-11 10:00:00,2377,Mouse,3,1042.38,3057.4500000000003,69.69,PayPal
1551,2023-01-23 22:00:00,2137,Headphones,1,,1396.23,12.33,Credit Card
8619,2023-11-14 10:00:00,2146,Keyboard,4,1094.63,4330.200000000001,48.32,PayPal
5270,2023-06-27 21:00:00,2591,Mouse,1,1505.83,1473.81,32.02,PayPal
7631,2023-10-04 06:00:00,2388,Tablet,1,1581.27,1571.95,9.32,Debit Card
6649,2023-08-24 08:00:00,2703,Headphones,3,735.89,2124.8,82.87,Cash
1212,2023-01-09 19:00:00,2398,Headphones,1,56.71,-31.130000000000003,87.84,PayPal
5555,2023-07-09 18:00:00,2162,Mouse,4,142.15,519.01,49.59,Debit Card
4695,2023-06-03 22:00:00,2402,Headphones,2,36.92,-0.060000000000002274,73.9,Credit Card
10186,2024-01-18 17:00:00,2388,Laptop,4,766.2,3011.38,53.42,Debit Card
5098,2023-06-20 17:00:00,2083,Headphones,4,550.38,2142.48,59.04,Debit Card
9721,2023-12-30 08:00:00,2981,Tablet,4,233.56,903.52,30.72,PayPal
2439,2023-03-01 22:00:00,2775,Headphones,1,503.3,405.31,97.99,Credit Card
6404,2023-08-14 03:00:00,2040,Laptop,2,862.98,1659.63,66.33,Cash
1697,2023-01-30 00:00:00,2769,Laptop,4,1748.25,6896.61,96.39,Credit Card
8172,2023-10-26 19:00:00,2171,Headphones,4,846.9,3291.22,96.38,Debit Card
6130,2023-08-02 17:00:00,2804,Mouse,2,1771.47,3517.73,25.21,Cash
7152,2023-09-14 07:00:00,2078,Monitor,1,1507.82,1454.8799999999999,52.94,Credit Card
2315,2023-02-24 18:00:00,2819,Keyboard,2,147.96,224.0,71.92,Cash
10207,2024-01-19 14:00:00,2162,Laptop,3,119.06,344.01,13.17,Cash
3610,2023-04-19 17:00:00,2225,Monitor,2,325.65,570.8299999999999,80.47,Cash
1013,2023-01-01 12:00:00,2552,Laptop,4,907.64,3553.45,77.11,Debit Card
3499,2023-04-15 02:00:00,2162,Headphones,2,583.72,,27.63,Cash
8128,2023-10-24 23:00:00,2677,Mouse,4,1225.26,4815.16,85.88,Debit Card
2347,2023-02-26 02:00:00,2958,Headphones,4,1891.2,7511.68,53.12,Credit Card
9363,2023-12-15 10:00:00,2517,Monitor,2,1723.61,3383.45,63.77,Debit Card
1454,2023-01-19 21:00:00,2679,Headphones,2,1030.44,2006.0800000000002,54.8,Cash
6982,2023-09-07 05:00:00,2519,Mouse,2,1228.11,2398.35,57.87,PayPal
4423,2023-05-23 14:00:00,2769,Tablet,2,1828.97,3638.38,19.56,Cash
3733,2023-04-24 20:00:00,2161,Laptop,2,527.61,988.8000000000001,66.42,Credit Card
10172,2024-01-18 03:00:00,2747,Tablet,2,1527.59,3006.3599999999997,48.82,Cash
10330,2024-01-24 17:00:00,2186,Mouse,4,1370.04,5387.09,93.07,PayPal
1038,2023-01-02 13:00:00,2480,Mouse,2,1544.57,3082.1299999999997,7.01,Cash
2044,2023-02-13 11:00:00,2218,Keyboard,1,,1677.19,99.53,Credit Card
5984,2023-07-27 15:00:00,2730,Laptop,3,1857.96,5533.900000000001,39.98,Debit Card
1941,2023-02-09 04:00:00,2662,Tablet,2,1637.02,3209.32,64.72,Credit Card
5293,2023-06-28 20:00:00,2552,Laptop,2,1859.01,3666.7599999999998,51.26,Debit Card
6830,2023-08-31 21:00:00,2626,Tablet,1,278.79,230.65000000000003,48.14,Cash
4750,2023-06-06 05:00:00,2453,Monitor,3,,2852.83,17.81,Credit Card
1539,2023-01-23 10:00:00,2541,Keyboard,1,213.7,142.93,70.77,nan
5804,2023-07-20 03:00:00,2848,Tablet,3,1813.91,5393.870000000001,47.86,Cash
10070,2024-01-13 21:00:00,2750,Keyboard,1,694.6,674.87,19.73,Debit Card
2401,2023-02-28 08:00:00,2503,Mouse,1,978.1,973.4200000000001,4.68,Debit Card
7861,2023-10-13 20:00:00,2944,Mouse,2,68.84,113.39000000000001,24.29,PayPal
5116,2023-06-21 11:00:00,2178,Headphones,3,1649.18,4862.17,85.37,PayPal
9063,2023-12-02 22:00:00,2214,Mouse,1,1547.97,1499.75,48.22,Credit Card
10099,2024-01-15 02:00:00,2321,Tablet,3,1852.01,5554.889999999999,1.14,Debit Card
7144,2023-09-13 23:00:00,2131,Keyboard,4,1544.35,6093.96,83.44,Cash
5731,2023-07-17 02:00:00,2609,Tablet,2,1533.89,2986.1400000000003,81.64,Debit Card
10044,2024-01-12 19:00:00,2967,Mouse,2,776.02,1545.55,6.49,Credit Card
2579,2023-03-07 18:00:00,2621,Headphones,4,186.2,684.14,60.66,PayPal
5475,2023-07-06 10:00:00,2834,Tablet,3,374.45,1091.48,31.87,PayPal
5171,2023-06-23 18:00:00,2265,Laptop,2,1310.29,2541.0099999999998,79.57,Credit Card
3620,2023-04-20 03:00:00,2159,Mouse,4,1327.32,5221.49,87.79,Credit Card
8378,2023-11-04 09:00:00,2739,Mouse,3,1572.64,4648.25,69.67,Credit Card
9761,2024-01-01 00:00:00,2630,Headphones,3,796.92,2307.5099999999998,83.25,Cash
7926,2023-10-16 13:00:00,2362,Monitor,4,921.52,3650.24,35.84,Cash
10565,2024-02-03 12:00:00,2966,Mouse,2,1093.52,2151.43,35.61,Credit Card
4388,2023-05-22 03:00:00,2335,Headphones,3,584.91,1684.42,70.31,Cash
7591,2023-10-02 14:00:00,2453,Keyboard,1,1069.58,1017.65,51.93,Cash
6203,2023-08-05 18:00:00,2371,Headphones,2,561.07,1091.26,30.88,Credit Card
2740,2023-03-14 11:00:00,2635,Headphones,2,654.93,,60.64,Credit Card
7885,2023-10-14 20:00:00,2493,Monitor,3,1574.67,4682.08,41.93,Debit Card
6091,2023-08-01 02:00:00,2603,Tablet,2,48.78,17.650000000000006,79.91,Cash
8400,2023-11-05 07:00:00,2592,Monitor,3,694.51,2070.2499999999995,13.28,PayPal
9037,2023-12-01 20:00:00,2311,Keyboard,2,274.58,488.40999999999997,60.75,Cash
7225,2023-09-17 08:00:00,2686,Mouse,3,1224.96,3645.13,29.75,PayPal
10461,2024-01-30 04:00:00,2151,Mouse,4,877.63,3453.72,56.8,Debit Card
8516,2023-11-10 03:00:00,2075,Tablet,3,377.49,1105.1000000000001,27.37,Debit Card
2564,2023-03-07 03:00:00,2357,Mouse,2,1802.44,3599.15,5.73,Cash
4799,2023-06-08 06:00:00,2689,Keyboard,4,1862.28,7442.79,6.33,Credit Card
7150,2023-09-14 05:00:00,2576,Tablet,1,1522.19,1487.4,34.79,Debit Card
9599,2023-12-25 06:00:00,2934,Tablet,4,434.36,1722.02,15.42,nan
5310,2023-06-29 13:00:00,2127,Monitor,1,1520.04,1435.58,84.46,Credit Card
5632,2023-07-12 23:00:00,2221,Monitor,3,252.79,694.6,63.77,Debit Card
9342,2023-12-14 13:00:00,2603,Headphones,2,165.45,268.28999999999996,62.61,PayPal
10401,2024-01-27 16:00:00,2156,Monitor,1,1891.74,1875.08,16.66,Debit Card
10742,2024-02-10 21:00:00,2553,Tablet,1,1195.85,1141.33,54.52,Credit Card
4778,2023-06-07 09:00:00,2646,Headphones,3,1668.8,4953.629999999999,52.77,Debit Card
4788,2023-06-07 19:00:00,2532,Tablet,4,751.19,2971.8300000000004,32.93,Debit Card
8847,2023-11-23 22:00:00,2685,Monitor,1,1646.23,,53.13,Cash
4885,2023-06-11 20:00:00,2579,Laptop,4,693.63,2746.89,27.63,Cash
9989,2024-01-10 12:00:00,2562,Laptop,3,1208.84,3585.7299999999996,40.79,PayPal
10118,2024-01-15 21:00:00,2219,Tablet,1,375.63,357.88,17.75,Cash
3886,2023-05-01 05:00:00,2026,Monitor,3,867.32,2574.41,27.55,Debit Card
10682,2024-02-08 09:00:00,2398,Tablet,1,606.72,552.64,54.08,Credit Card
3214,2023-04-03 05:00:00,2773,Mouse,4,332.45,1238.3999999999999,91.4,Credit Card
1834,2023-02-04 17:00:00,2473,Tablet,4,296.87,1100.38,87.1,Credit Card
10137,2024-01-16 16:00:00,2890,Headphones,1,525.82,448.25000000000006,77.57,Cash
9399,2023-12-16 22:00:00,2383,Laptop,4,367.1,1431.9,36.5,Cash
7387,2023-09-24 02:00:00,2813,Headphones,4,1856.37,7412.2,13.28,Cash
8768,2023-11-20 15:00:00,2725,Laptop,2,1839.9,3676.28,3.52,Cash
8826,2023-11-23 01:00:00,2098,Headphones,2,1464.52,2914.08,14.96,Credit Card
5689,2023-07-15 08:00:00,2748,Mouse,4,,7150.25,56.83,Credit Card
6582,2023-08-21 13:00:00,2752,Keyboard,4,125.78,460.29,42.83,Cash
6019,2023-07-29 02:00:00,2305,Keyboard,1,1998.71,1933.78,64.93,Credit Card
5813,2023-07-20 12:00:00,2646,Tablet,1,913.2,841.5400000000001,71.66,PayPal
4022,2023-05-06 21:00:00,2368,Laptop,3,,4235.849999999999,94.26,PayPal
4694,2023-06-03 21:00:00,2221,Laptop,4,1485.79,5926.23,16.93,PayPal
10501,2024-01-31 20:00:00,2507,Tablet,1,1607.9,1514.19,93.71,Credit Card
3816,2023-04-28 07:00:00,2218,Keyboard,4,43.2,167.08,5.72,PayPal
8954,2023-11-28 09:00:00,2082,Tablet,1,,628.93,23.12,PayPal
4534,2023-05-28 05:00:00,2291,Laptop,3,1830.91,5443.09,49.64,Debit Card
2198,2023-02-19 21:00:00,2804,Mouse,3,1551.09,4630.629999999999,22.64,Cash
6628,2023-08-23 11:00:00,2480,Monitor,2,333.09,601.54,64.64,Cash
7654,2023-10-05 05:00:00,2022,Mouse,4,407.52,1620.6699999999998,9.41,Debit Card
8034,2023-10-21 01:00:00,2824,Keyboard,2,892.72,1696.72,88.72,Credit Card
2430,2023-03-01 13:00:00,2555,Mouse,1,531.87,513.26,18.61,PayPal
7757,2023-10-09 12:00:00,2844,Headphones,1,1153.06,1099.19,53.87,Credit Card
8090,2023-10-23 09:00:00,2582,Headphones,1,1036.59,942.2299999999999,94.36,Credit Card
2154,2023-02-18 01:00:00,2021,Mouse,2,655.19,1303.0700000000002,7.31,Debit Card
3026,2023-03-26 09:00:00,2203,Laptop,2,1073.23,2107.07,39.39,Credit Card
6964,2023-09-06 11:00:00,2647,Mouse,2,,1268.66,57.54,Cash
9482,2023-12-20 09:00:00,2133,Laptop,3,1152.45,3401.9500000000003,55.4,Debit Card
8033,2023-10-21 00:00:00,2152,Tablet,3,1305.88,3874.4900000000002,43.15,Debit Card
6287,2023-08-09 06:00:00,2715,Laptop,2,154.1,278.05,30.15,Credit Card
1965,2023-02-10 04:00:00,2710,Mouse,2,442.46,786.49,98.43,PayPal
6158,2023-08-03 21:00:00,2048,Laptop,3,100.41,246.53000000000003,54.7,Credit Card
7202,2023-09-16 09:00:00,2003,Laptop,2,1149.43,2203.58,95.28,PayPal
5961,2023-07-26 16:00:00,2597,Tablet,2,344.39,600.68,88.1,PayPal
10350,2024-01-25 13:00:00,2981,Laptop,4,232.49,837.6700000000001,92.29,Credit Card
2484,2023-03-03 19:00:00,2336,Headphones,2,1023.88,2044.08,3.68,Debit Card
10514,2024-02-01 09:00:00,2442,Keyboard,4,969.71,3802.36,76.48,PayPal
4542,2023-05-28 13:00:00,2799,Laptop,2,141.72,195.64,87.8,nan
6305,2023-08-10 00:00:00,2883,Mouse,3,1712.52,5120.94,16.62,nan
7002,2023-09-08 01:00:00,2059,Keyboard,1,1145.91,1107.43,38.48,Debit Card
2427,2023-03-01 10:00:00,2050,Tablet,2,1835.73,3593.23,78.23,Debit Card
5105,2023-06-21 00:00:00,2902,Mouse,1,1835.33,1788.6699999999998,46.66,Cash
3179,2023-04-01 18:00:00,2255,Tablet,1,1346.34,1265.12,81.22,Credit Card
7227,2023-09-17 10:00:00,2510,Monitor,2,1487.95,2936.85,39.05,Debit Card
7190,2023-09-15 21:00:00,2258,Mouse,4,554.05,2181.79,34.41,PayPal
2058,2023-02-14 01:00:00,2943,Monitor,4,730.76,2917.7,5.34,PayPal
7361,2023-09-23 00:00:00,2784,Laptop,3,751.06,2175.5,77.68,Cash
9630,2023-12-26 13:00:00,2486,Headphones,4,1455.1,5736.929999999999,83.47,Credit Card
8587,2023-11-13 02:00:00,2246,Mouse,3,221.52,603.8800000000001,60.68,Cash
9398,2023-12-16 21:00:00,2055,Tablet,3,529.44,1507.4500000000003,80.87,Debit Card
7498,2023-09-28 17:00:00,2180,Tablet,4,392.05,1475.29,92.91,Debit Card
10642,2024-02-06 17:00:00,2967,Headphones,3,307.1,823.6100000000001,97.69,Credit Card
2545,2023-03-06 08:00:00,2083,Headphones,1,526.26,439.44,86.82,PayPal
8663,2023-11-16 06:00:00,2195,Keyboard,2,1390.1,2760.6299999999997,19.57,PayPal
7974,2023-10-18 13:00:00,2301,Keyboard,4,1563.48,6226.4400000000005,27.48,PayPal
7292,2023-09-20 03:00:00,2968,Tablet,2,638.73,1243.21,34.25,Cash
8965,2023-11-28 20:00:00,2193,Mouse,1,311.45,240.17,71.28,Cash
1725,2023-01-31 04:00:00,2282,Laptop,2,1620.69,3187.6,53.78,Cash
5776,2023-07-18 23:00:00,2433,Keyboard,1,602.28,523.76,78.52,Credit Card
9172,2023-12-07 11:00:00,2598,Laptop,3,785.25,2328.9,26.85,Cash
2128,2023-02-16 23:00:00,2267,Monitor,3,1793.94,5347.96,33.86,PayPal
4633,2023-06-01 08:00:00,2357,Keyboard,4,1232.33,4857.929999999999,71.39,Debit Card
10486,2024-01-31 05:00:00,2917,Keyboard,4,,6787.13,35.39,PayPal
6340,2023-08-11 11:00:00,2188,Tablet,1,1534.96,1456.3,78.66,Cash
5033,2023-06-18 00:00:00,2302,Laptop,3,1615.6,4796.98,49.82,Cash
3593,2023-04-19 00:00:00,2353,Tablet,2,1611.23,3130.48,91.98,Credit Card
3639,2023-04-20 22:00:00,2615,Laptop,1,1706.2,1695.04,11.16,Credit Card
6859,2023-09-02 02:00:00,2166,Laptop,2,187.01,294.72999999999996,79.29,Credit Card
2562,2023-03-07 01:00:00,2056,Monitor,1,1630.02,1561.17,68.85,Credit Card
5448,2023-07-05 07:00:00,2941,Laptop,1,653.02,604.72,48.3,Credit Card
8738,2023-11-19 09:00:00,2008,Keyboard,4,1263.2,5033.25,19.55,Credit Card
5685,2023-07-15 04:00:00,2339,Keyboard,1,497.14,468.46,28.68,PayPal
10060,2024-01-13 11:00:00,2037,Keyboard,3,1250.04,3710.93,39.19,Cash
7093,2023-09-11 20:00:00,2727,Monitor,4,48.06,168.12,24.12,Debit Card
4285,2023-05-17 20:00:00,2227,Keyboard,4,1517.98,5992.67,79.25,Debit Card
10416,2024-01-28 07:00:00,2778,Laptop,1,1347.97,1257.6,90.37,Debit Card
4028,2023-05-07 03:00:00,2627,Monitor,2,128.56,183.43,73.69,PayPal
3909,2023-05-02 04:00:00,2970,Keyboard,3,341.87,940.0700000000002,85.54,Credit Card
9621,2023-12-26 04:00:00,2636,Laptop,3,586.87,1742.7800000000002,17.83,PayPal
10691,2024-02-08 18:00:00,2171,Headphones,4,647.48,2567.62,22.3,Credit Card
7949,2023-10-17 12:00:00,2423,Mouse,2,1816.64,3596.0600000000004,37.22,Debit Card
4521,2023-05-27 16:00:00,2631,Headphones,4,1540.13,6120.400000000001,40.12,Credit Card
9700,2023-12-29 11:00:00,2569,Tablet,4,1850.61,7390.799999999999,11.64,PayPal
9406,2023-12-17 05:00:00,2143,Mouse,2,259.14,432.09999999999997,86.18,Debit Card
9271,2023-12-11 14:00:00,2863,Laptop,1,877.85,830.21,47.64,PayPal
2393,2023-02-28 00:00:00,2132,Laptop,3,1094.82,3217.2200000000003,67.24,PayPal
1753,2023-02-01 08:00:00,2080,Headphones,2,1890.35,3697.7999999999997,82.9,Debit Card
6379,2023-08-13 02:00:00,2082,Headphones,1,339.63,,35.95,Credit Card
5318,2023-06-29 21:00:00,2025,Headphones,1,561.67,550.91,10.76,PayPal
4996,2023-06-16 11:00:00,2912,Headphones,4,500.18,1936.38,64.34,Credit Card
9794,2024-01-02 09:00:00,2733,Monitor,3,352.92,973.76,85.0,Credit Card
1018,2023-01-01 17:00:00,2544,Tablet,1,360.38,292.09,68.29,Debit Card
2771,2023-03-15 18:00:00,2204,Laptop,2,1638.35,3180.2599999999998,96.44,Cash
2889,2023-03-20 16:00:00,2792,Laptop,1,546.45,518.58,27.87,Cash
2643,2023-03-10 10:00:00,2828,Keyboard,4,312.99,1199.21,52.75,PayPal
3317,2023-04-07 12:00:00,2546,Tablet,2,401.13,767.86,34.4,PayPal
1133,2023-01-06 12:00:00,2362,Mouse,4,221.14,884.04,0.52,PayPal
6397,2023-08-13 20:00:00,2564,Laptop,4,441.41,1742.6100000000001,23.03,Cash
3772,2023-04-26 11:00:00,2207,Monitor,1,1377.51,1335.64,41.87,PayPal
10855,2024-02-15 14:00:00,2800,Laptop,1,81.07,-13.830000000000013,94.9,Cash
9422,2023-12-17 21:00:00,2978,Monitor,1,1428.5,1357.91,70.59,nan
2096,2023-02-15 15:00:00,2821,Mouse,3,90.55,224.60999999999999,47.04,Credit Card
8458,2023-11-07 17:00:00,2592,Keyboard,2,693.2,1306.3700000000001,80.03,nan
5386,2023-07-02 17:00:00,2601,Laptop,1,916.23,834.6700000000001,81.56,PayPal
1528,2023-01-22 23:00:00,2762,Keyboard,1,1033.0,952.84,80.16,Credit Card
10799,2024-02-13 06:00:00,2950,Laptop,3,777.4,2273.7999999999997,58.4,Cash
3003,2023-03-25 10:00:00,2943,Headphones,3,1462.53,4296.71,90.88,Cash
7673,2023-10-06 00:00:00,2817,Mouse,4,104.31,409.99,7.25,Credit Card
1169,2023-01-08 00:00:00,2402,Laptop,2,763.54,1512.01,15.07,Credit Card
10785,2024-02-12 16:00:00,2707,Monitor,2,1866.76,3652.79,80.73,Debit Card
8582,2023-11-12 21:00:00,2878,Headphones,2,680.39,1299.02,61.76,Debit Card
2920,2023-03-21 23:00:00,2350,Keyboard,2,1344.25,2688.0,0.5,Credit Card
1702,2023-01-30 05:00:00,2757,Mouse,1,1484.59,1392.9099999999999,91.68,Cash
6096,2023-08-01 07:00:00,2650,Headphones,2,1617.62,3192.3199999999997,42.92,Cash
5465,2023-07-06 00:00:00,2210,Tablet,3,321.77,951.27,14.04,Credit Card
7460,2023-09-27 03:00:00,2862,Laptop,4,944.82,3779.09,0.19,Cash
8558,2023-11-11 21:00:00,2265,Keyboard,3,391.37,1125.73,48.38,PayPal
9182,2023-12-07 21:00:00,2852,Monitor,3,211.31,538.0,95.93,Credit Card
8229,2023-10-29 04:00:00,2723,Mouse,3,1074.77,3190.72,33.59,Debit Card
1773,2023-02-02 04:00:00,2658,Tablet,3,1987.64,5926.29,36.63,Cash
2299,2023-02-24 02:00:00,2110,Keyboard,4,1120.44,4456.33,25.43,Cash
7880,2023-10-14 15:00:00,2277,Monitor,2,231.26,408.46999999999997,54.05,Credit Card
2353,2023-02-26 08:00:00,2006,Mouse,3,1599.53,4741.41,57.18,Debit Card
4659,2023-06-02 10:00:00,2840,Mouse,3,511.19,1457.23,76.34,Credit Card
9186,2023-12-08 01:00:00,2434,Mouse,4,916.42,3643.1499999999996,22.53,nan
2288,2023-02-23 15:00:00,2870,Keyboard,4,1795.95,7147.25,36.55,PayPal
8782,2023-11-21 05:00:00,2145,Laptop,2,443.37,861.57,25.17,PayPal
10162,2024-01-17 17:00:00,2610,Monitor,4,895.29,3494.92,86.24,PayPal
9616,2023-12-25 23:00:00,2578,Monitor,1,872.22,864.44,7.78,Credit Card
6008,2023-07-28 15:00:00,2653,Mouse,3,741.92,2133.06,92.7,Credit Card
8384,2023-11-04 15:00:00,2171,Mouse,1,725.06,630.9,94.16,PayPal
3014,2023-03-25 21:00:00,2338,Laptop,1,866.56,847.29,19.27,Debit Card
10745,2024-02-11 00:00:00,2094,Tablet,4,1759.43,6986.95,50.77,Credit Card
9016,2023-11-30 23:00:00,2649,Keyboard,3,492.14,1407.64,68.78,Cash
5848,2023-07-21 23:00:00,2158,Keyboard,1,657.22,565.57,91.65,Cash
3770,2023-04-26 09:00:00,2065,Keyboard,3,121.08,284.41,78.83,Debit Card
10246,2024-01-21 05:00:00,2090,Laptop,1,1107.62,1038.2299999999998,69.39,Debit Card
3148,2023-03-31 11:00:00,2936,Tablet,1,,280.40999999999997,8.11,Cash
5246,2023-06-26 21:00:00,2050,Headphones,3,1881.73,5546.39,98.8,Debit Card
8428,2023-11-06 11:00:00,2693,Monitor,2,1007.77,1924.36,91.18,Credit Card
10228,2024-01-20 11:00:00,2275,Monitor,3,361.06,1040.05,43.13,PayPal
1450,2023-01-19 17:00:00,2083,Tablet,1,1511.45,1497.53,13.92,Credit Card
5231,2023-06-26 06:00:00,2928,Headphones,4,126.54,475.73,30.43,Cash
6602,2023-08-22 09:00:00,2973,Tablet,2,28.89,,59.19,Credit Card
8262,2023-10-30 13:00:00,2301,Mouse,2,,3682.0,35.66,Credit Card
1811,2023-02-03 18:00:00,2067,Laptop,3,,3892.45,33.98,Credit Card
8192,2023-10-27 15:00:00,2649,Monitor,3,651.42,1911.1699999999998,43.09,Debit Card
10189,2024-01-18 20:00:00,2859,Tablet,1,1095.04,1020.01,75.03,Debit Card
5065,2023-06-19 08:00:00,2340,Mouse,3,194.65,495.91,88.04,PayPal
10990,2024-02-21 05:00:00,2550,Tablet,3,1643.65,4877.110000000001,53.84,Cash
8769,2023-11-20 16:00:00,2964,Mouse,2,494.11,928.65,59.57,Debit Card
2091,2023-02-15 10:00:00,2313,Keyboard,3,871.17,2552.62,60.89,Credit Card
8066,2023-10-22 09:00:00,2082,Tablet,3,499.53,1433.1299999999999,65.46,Debit Card
7819,2023-10-12 02:00:00,2798,Keyboard,1,421.26,407.3,13.96,Cash
2478,2023-03-03 13:00:00,2580,Keyboard,3,953.39,2802.4500000000003,57.72,Cash
2791,2023-03-16 14:00:00,2606,Mouse,3,880.03,2617.2400000000002,22.85,PayPal
3334,2023-04-08 05:00:00,2211,Keyboard,4,965.93,3862.35,1.37,Cash
3009,2023-03-25 16:00:00,2637,Mouse,2,,1642.6100000000001,47.77,PayPal
1683,2023-01-29 10:00:00,2988,Headphones,4,1071.43,4264.59,21.13,Cash
10373,2024-01-26 12:00:00,2254,Headphones,1,1022.26,1016.46,5.8,Debit Card
6757,2023-08-28 20:00:00,2794,Tablet,1,,513.23,24.0,PayPal
6332,2023-08-11 03:00:00,2108,Laptop,2,1984.64,3946.44,22.84,Cash
1058,2023-01-03 09:00:00,2174,Headphones,3,1817.46,5381.05,71.33,Cash
8171,2023-10-26 18:00:00,2256,Headphones,1,157.97,146.04,11.93,Debit Card
9803,2024-01-02 18:00:00,2564,Mouse,1,1726.68,1633.72,92.96,Cash
9110,2023-12-04 21:00:00,2293,Tablet,1,664.05,600.4,63.65,PayPal
4657,2023-06-02 08:00:00,2413,Laptop,3,423.48,1228.04,42.4,Credit Card
5820,2023-07-20 19:00:00,2321,Laptop,4,624.74,2463.27,35.69,Credit Card
1047,2023-01-02 22:00:00,2338,Tablet,4,467.08,1782.3,86.02,PayPal
1031,2023-01-02 06:00:00,2121,Laptop,3,494.24,1419.8700000000001,62.85,PayPal
4993,2023-06-16 08:00:00,2473,Mouse,1,562.71,557.1,5.61,Debit Card
6156,2023-08-03 19:00:00,2485,Headphones,1,1540.83,1499.09,41.74,PayPal
2469,2023-03-03 04:00:00,2588,Mouse,1,1753.4,1691.3500000000001,62.05,Cash
2666,2023-03-11 09:00:00,2438,Headphones,3,817.74,2357.96,95.26,Debit Card
2417,2023-03-01 00:00:00,2748,Mouse,4,1826.41,7267.610000000001,38.03,Credit Card
8956,2023-11-28 11:00:00,2379,Tablet,4,392.47,1522.1000000000001,47.78,Credit Card
3359,2023-04-09 06:00:00,2622,Keyboard,2,774.3,1500.25,48.35,Cash
3936,2023-05-03 07:00:00,2005,Keyboard,2,521.98,1015.61,28.35,Credit Card
10684,2024-02-08 11:00:00,2126,Headphones,4,1358.56,5400.87,33.37,Credit Card
9020,2023-12-01 03:00:00,2606,Laptop,2,1252.69,2418.19,87.19,Cash
5627,2023-07-12 18:00:00,2743,Tablet,3,1290.74,3838.67,33.55,PayPal
1430,2023-01-18 21:00:00,2412,Laptop,2,228.4,445.7,11.1,PayPal
6827,2023-08-31 18:00:00,2150,Monitor,2,779.94,1483.95,75.93,Cash
3596,2023-04-19 03:00:00,2481,Mouse,4,1135.35,4478.549999999999,62.85,Debit Card
1386,2023-01-17 01:00:00,2953,Headphones,3,631.28,1879.22,14.62,PayPal
2946,2023-03-23 01:00:00,2297,Mouse,1,1285.41,1207.3300000000002,78.08,Cash
8273,2023-10-31 00:00:00,2450,Headphones,4,1865.23,7370.59,90.33,Credit Card
4707,2023-06-04 10:00:00,2464,Keyboard,1,,1886.48,63.55,PayPal
1474,2023-01-20 17:00:00,2966,Headphones,1,809.83,726.07,83.76,Cash
3612,2023-04-19 19:00:00,2894,Tablet,3,1986.05,5893.719999999999,64.43,PayPal
4352,2023-05-20 15:00:00,2154,Mouse,1,49.9,-2.469999999999999,52.37,Credit Card
10104,2024-01-15 07:00:00,2552,Mouse,3,1619.23,4788.900000000001,68.79,Cash
10145,2024-01-17 00:00:00,2038,Monitor,2,1260.5,2472.02,48.98,Credit Card
8750,2023-11-19 21:00:00,2584,Monitor,3,1083.64,3241.59,9.33,Cash
2056,2023-02-13 23:00:00,2614,Tablet,3,60.65,89.72999999999999,92.22,Cash
3282,2023-04-06 01:00:00,2448,Headphones,2,1985.15,3954.4300000000003,15.87,Credit Card
6654,2023-08-24 13:00:00,2697,Headphones,1,1917.49,1837.64,79.85,Debit Card
4718,2023-06-04 21:00:00,2672,Laptop,2,,122.92000000000002,72.88,PayPal
5211,2023-06-25 10:00:00,2619,Headphones,4,325.39,1252.99,48.57,Debit Card
7452,2023-09-26 19:00:00,2067,Keyboard,4,,5079.16,73.04,Debit Card
6194,2023-08-05 09:00:00,2132,Laptop,4,1915.91,7658.33,5.31,Credit Card
1812,2023-02-03 19:00:00,2734,Mouse,3,1179.71,3441.34,97.79,PayPal
6072,2023-07-31 07:00:00,2692,Tablet,1,,850.84,48.92,Credit Card
9035,2023-12-01 18:00:00,2720,Tablet,1,1969.7,1928.1200000000001,41.58,Debit Card
3923,2023-05-02 18:00:00,2792,Monitor,3,30.37,73.7,17.41,Credit Card
5985,2023-07-27 16:00:00,2458,Monitor,1,720.31,637.0899999999999,83.22,Debit Card
7904,2023-10-15 15:00:00,2893,Laptop,4,1840.23,7269.7,91.22,Debit Card
1112,2023-01-05 15:00:00,2112,Tablet,4,1808.65,7205.52,29.08,Cash
10361,2024-01-26 00:00:00,2061,Headphones,2,1882.9,3736.46,29.34,Cash
3847,2023-04-29 14:00:00,2923,Tablet,4,1205.92,4766.84,56.84,Credit Card
2746,2023-03-14 17:00:00,2521,Tablet,1,329.0,328.66,0.34,Debit Card
4128,2023-05-11 07:00:00,2693,Laptop,3,1909.03,5712.28,14.81,Credit Card
2453,2023-03-02 12:00:00,2564,Tablet,2,1941.52,3822.59,60.45,Cash
3150,2023-03-31 13:00:00,2382,Tablet,4,,3865.15,67.73,Cash
1320,2023-01-14 07:00:00,2890,Tablet,4,488.49,1900.44,53.52,Debit Card
8347,2023-11-03 02:00:00,2636,Mouse,3,1315.4,3903.7000000000003,42.5,Debit Card
5484,2023-07-06 19:00:00,2388,Headphones,1,1847.98,1819.47,28.51,PayPal
2923,2023-03-22 02:00:00,2405,Laptop,1,648.85,607.83,41.02,Credit Card
7503,2023-09-28 22:00:00,2008,Laptop,2,1876.98,3656.57,97.39,PayPal
10623,2024-02-05 22:00:00,2636,Keyboard,1,1770.06,1706.1299999999999,63.93,Cash
5053,2023-06-18 20:00:00,2641,Monitor,2,172.65,304.04,41.26,PayPal
5735,2023-07-17 06:00:00,2892,Laptop,2,1580.16,3089.9900000000002,70.33,Debit Card
10149,2024-01-17 04:00:00,2248,Laptop,3,1655.76,4886.96,80.32,Credit Card
3130,2023-03-30 17:00:00,2973,Tablet,1,399.96,307.67999999999995,92.28,Credit Card
8173,2023-10-26 20:00:00,2552,Keyboard,3,1098.12,3287.1699999999996,7.19,Credit Card
10040,2024-01-12 15:00:00,2193,Laptop,1,800.25,718.01,82.24,Debit Card
10714,2024-02-09 17:00:00,2391,Laptop,3,913.18,2724.94,14.6,Debit Card
7114,2023-09-12 17:00:00,2218,Monitor,1,125.13,76.91999999999999,48.21,Debit Card
9237,2023-12-10 04:00:00,2676,Laptop,3,1504.64,4504.76,9.16,PayPal
8145,2023-10-25 16:00:00,2613,Laptop,4,1426.62,5607.049999999999,99.43,Credit Card
6697,2023-08-26 08:00:00,2886,Mouse,3,1283.17,3799.11,50.4,Credit Card
6835,2023-09-01 02:00:00,2585,Monitor,4,1894.92,7519.71,59.97,Debit Card
2053,2023-02-13 20:00:00,2590,Monitor,3,512.81,1518.12,20.31,Cash
9854,2024-01-04 21:00:00,2749,Mouse,4,222.54,819.25,70.91,PayPal
10173,2024-01-18 04:00:00,2133,Headphones,2,58.1,50.71000000000001,65.49,Credit Card
1100,2023-01-05 03:00:00,2929,Mouse,1,1234.51,,78.56,PayPal
10287,2024-01-22 22:00:00,2439,Tablet,2,24.17,-15.419999999999995,63.76,PayPal
2457,2023-03-02 16:00:00,2464,Mouse,2,623.26,1154.43,92.09,Debit Card
1362,2023-01-16 01:00:00,2032,Laptop,3,957.83,2797.1800000000003,76.31,Credit Card
1813,2023-02-03 20:00:00,2774,Mouse,2,690.49,1379.42,1.56,Debit Card
2093,2023-02-15 12:00:00,2504,Monitor,4,540.13,2071.43,89.09,Debit Card
4023,2023-05-06 22:00:00,2805,Monitor,1,219.92,153.57999999999998,66.34,Cash
10991,2024-02-21 06:00:00,2698,Laptop,3,427.43,1230.1399999999999,52.15,Debit Card
5368,2023-07-01 23:00:00,2609,Mouse,3,1369.93,4107.23,2.56,Cash
5743,2023-07-17 14:00:00,2228,Monitor,4,1574.81,6225.98,73.26,Cash
7833,2023-10-12 16:00:00,2025,Mouse,2,1676.6,3349.8199999999997,3.38,PayPal
9060,2023-12-02 19:00:00,2547,Tablet,1,1020.45,1004.32,16.13,Cash
6596,2023-08-22 03:00:00,2324,Keyboard,4,1036.02,4044.5299999999997,99.55,Credit Card
2415,2023-02-28 22:00:00,2561,Headphones,4,414.41,1608.0900000000001,49.55,Cash
1541,2023-01-23 12:00:00,2312,Tablet,3,42.11,39.47,86.86,Cash
8970,2023-11-29 01:00:00,2244,Headphones,1,1951.87,1930.1399999999999,21.73,Debit Card
5413,2023-07-03 20:00:00,2199,Headphones,4,1917.26,7586.5,82.54,PayPal
2147,2023-02-17 18:00:00,2931,Mouse,1,951.97,936.75,15.22,Cash
7993,2023-10-19 08:00:00,2476,Laptop,2,876.76,1659.01,94.51,PayPal
1755,2023-02-01 10:00:00,2425,Laptop,3,1145.95,3389.6400000000003,48.21,Debit Card
10306,2024-01-23 17:00:00,2929,Mouse,1,1556.55,1512.11,44.44,Credit Card
4245,2023-05-16 04:00:00,2816,Tablet,3,,1088.68,31.55,PayPal
3743,2023-04-25 06:00:00,2630,Laptop,3,935.54,2721.14,85.48,Credit Card
6014,2023-07-28 21:00:00,2305,Tablet,2,567.1,1064.0900000000001,70.11,Debit Card
10998,2024-02-21 13:00:00,2496,Headphones,4,786.39,3080.99,64.57,Credit Card
7205,2023-09-16 12:00:00,2765,Mouse,1,,1085.1200000000001,61.09,Cash
7142,2023-09-13 21:00:00,2544,Mouse,4,1074.75,4205.11,93.89,Cash
5419,2023-07-04 02:00:00,2124,Mouse,4,246.1,973.81,10.59,PayPal
7335,2023-09-21 22:00:00,2103,Keyboard,4,263.38,954.52,99.0,Debit Card
8458,2023-11-07 17:00:00,2592,Keyboard,2,693.2,1306.3700000000001,80.03,nan
4906,2023-06-12 17:00:00,2953,Mouse,2,725.81,1419.9199999999998,31.7,PayPal
5767,2023-07-18 14:00:00,2118,Headphones,2,1592.29,3094.56,90.02,Cash
6909,2023-09-04 04:00:00,2273,Tablet,3,1114.25,3249.22,93.53,Cash
7755,2023-10-09 10:00:00,2376,Headphones,1,690.32,593.4100000000001,96.91,Credit Card
10245,2024-01-21 04:00:00,2878,Mouse,4,729.99,2830.81,89.15,PayPal
10561,2024-02-03 08:00:00,2772,Mouse,4,1812.58,7214.66,35.66,Debit Card
3862,2023-04-30 05:00:00,2163,Laptop,3,1612.36,4755.79,81.29,Credit Card
5872,2023-07-22 23:00:00,2434,Laptop,4,,6138.03,40.89,Credit Card
9061,2023-12-02 20:00:00,2947,Tablet,4,1111.44,4436.22,9.54,Debit Card
1602,2023-01-26 01:00:00,2852,Keyboard,2,1367.44,2687.92,46.96,PayPal
3931,2023-05-03 02:00:00,2398,Keyboard,1,636.67,541.7099999999999,94.96,Debit Card
10371,2024-01-26 10:00:00,2783,Mouse,4,207.41,732.34,97.3,Credit Card
10028,2024-01-12 03:00:00,2965,Keyboard,3,1550.29,4622.07,28.8,PayPal
3914,2023-05-02 09:00:00,2168,Headphones,4,316.24,1187.22,77.74,Credit Card
10126,2024-01-16 05:00:00,2575,Mouse,3,551.81,1577.87,77.56,PayPal
6503,2023-08-18 06:00:00,2597,Keyboard,1,1564.16,1543.28,20.88,Cash
6236,2023-08-07 03:00:00,2660,Headphones,2,1371.11,2727.5499999999997,14.67,Cash
2045,2023-02-13 12:00:00,2329,Mouse,1,1847.52,1819.25,28.27,Debit Card
9123,2023-12-05 10:00:00,2553,Mouse,1,680.23,667.59,12.64,Credit Card
2558,2023-03-06 21:00:00,2997,Keyboard,2,858.99,1692.8,25.18,PayPal
9372,2023-12-15 19:00:00,2905,Laptop,2,659.18,1246.25,72.11,Credit Card
2488,2023-03-03 23:00:00,2299,Keyboard,1,777.16,738.98,38.18,Cash
5124,2023-06-21 19:00:00,2848,Tablet,4,1401.7,5595.87,10.93,Cash
1181,2023-01-08 12:00:00,2639,Monitor,4,518.29,1993.32,79.84,PayPal
6010,2023-07-28 17:00:00,2534,Laptop,2,444.22,861.5100000000001,26.93,Cash
3116,2023-03-30 03:00:00,2662,Tablet,2,1161.59,2264.6299999999997,58.55,Debit Card
2700,2023-03-12 19:00:00,2514,Laptop,3,1430.01,4193.7699999999995,96.26,Credit Card
2380,2023-02-27 11:00:00,2386,Headphones,3,1304.74,3884.42,29.8,Debit Card
10467,2024-01-30 10:00:00,2464,Mouse,4,1321.71,5207.7,79.14,Cash
8112,2023-10-24 07:00:00,2626,Monitor,3,1284.25,3852.29,0.46,Credit Card
9004,2023-11-30 11:00:00,2028,Laptop,4,734.7,2864.02,74.78,Credit Card
7693,2023-10-06 20:00:00,2771,Keyboard,4,679.08,2648.86,67.46,Credit Card
1619,2023-01-26 18:00:00,2321,Monitor,3,539.32,1590.1100000000001,27.85,Credit Card
6991,2023-09-07 14:00:00,2790,Mouse,4,1238.24,4897.61,55.35,PayPal
9135,2023-12-05 22:00:00,2100,Headphones,3,61.52,111.7,72.86,Credit Card
2601,2023-03-08 16:00:00,2398,Tablet,1,436.31,372.06,64.25,Credit Card
7352,2023-09-22 15:00:00,2336,Keyboard,2,641.65,1266.77,16.53,PayPal
7607,2023-10-03 06:00:00,2083,Monitor,4,1406.46,5529.32,96.52,Debit Card
2616,2023-03-09 07:00:00,2163,Tablet,4,1928.33,7627.82,85.5,Debit Card
7560,2023-10-01 07:00:00,2522,Headphones,3,23.86,46.2,25.38,Cash
1439,2023-01-19 06:00:00,2284,Tablet,4,218.71,843.15,31.69,Debit Card
5422,2023-07-04 05:00:00,2965,Keyboard,2,1984.81,3878.96,90.66,Debit Card
3084,2023-03-28 19:00:00,2818,Headphones,2,1521.57,2971.9,71.24,PayPal
9743,2023-12-31 06:00:00,2634,Mouse,4,1726.87,6841.25,66.23,Debit Card
10648,2024-02-06 23:00:00,2833,Monitor,3,489.39,1385.89,82.28,Debit Card
6688,2023-08-25 23:00:00,2594,Keyboard,4,1124.91,4414.070000000001,85.57,Debit Card
6808,2023-08-30 23:00:00,2819,Laptop,4,542.97,,60.01,Credit Card
6441,2023-08-15 16:00:00,2611,Monitor,3,365.31,1040.8600000000001,55.07,Cash
8546,2023-11-11 09:00:00,2848,Tablet,4,1342.28,5327.3099999999995,41.81,Credit Card
5329,2023-06-30 08:00:00,2246,Tablet,3,1136.01,3375.41,32.62,Debit Card
3546,2023-04-17 01:00:00,2531,Keyboard,3,1781.92,5326.62,19.14,Debit Card
9560,2023-12-23 15:00:00,2610,Mouse,2,1579.87,3087.0,72.74,PayPal
9750,2023-12-31 13:00:00,2041,Headphones,2,731.19,1405.8400000000001,56.54,Credit Card
10972,2024-02-20 11:00:00,2077,Monitor,2,1438.76,2874.79,2.73,Credit Card
2919,2023-03-21 22:00:00,2842,Mouse,2,314.18,567.15,61.21,PayPal
9746,2023-12-31 09:00:00,2254,Mouse,1,531.73,469.18,62.55,PayPal
7324,2023-09-21 11:00:00,2512,Mouse,1,272.06,187.38,84.68,Cash
9205,2023-12-08 20:00:00,2172,Headphones,2,1928.07,3826.4,29.74,PayPal
8938,2023-11-27 17:00:00,2397,Headphones,1,587.03,506.96,80.07,Cash
10023,2024-01-11 22:00:00,2825,Tablet,1,626.58,531.57,95.01,Credit Card
3055,2023-03-27 14:00:00,2910,Monitor,2,1573.04,3050.98,95.1,PayPal
9103,2023-12-04 14:00:00,2240,Mouse,1,187.29,97.88,89.41,PayPal
10677,2024-02-08 04:00:00,2702,Mouse,2,,2920.04,53.9,Credit Card
3363,2023-04-09 10:00:00,2613,Keyboard,2,1994.6,3961.06,28.14,PayPal
3226,2023-04-03 17:00:00,2094,Keyboard,3,1935.81,5725.75,81.68,Debit Card
5460,2023-07-05 19:00:00,2863,Headphones,1,,60.32,62.49,Debit Card
2127,2023-02-16 22:00:00,2564,Monitor,3,1841.99,5469.39,56.58,Debit Card
5152,2023-06-22 23:00:00,2386,Monitor,4,1375.23,5440.68,60.24,Credit Card
10994,2024-02-21 09:00:00,2433,Keyboard,1,167.11,102.29000000000002,64.82,Credit Card
5454,2023-07-05 13:00:00,2128,Mouse,1,1063.94,994.8700000000001,69.07,Credit Card
8655,2023-11-15 22:00:00,2065,Mouse,1,750.4,750.0799999999999,0.32,Debit Card
3445,2023-04-12 20:00:00,2292,Tablet,2,1877.91,3740.6200000000003,15.2,Debit Card
6744,2023-08-28 07:00:00,2615,Mouse,3,1433.9,4282.56,19.14,Debit Card
2323,2023-02-25 02:00:00,2658,Mouse,1,187.96,103.87,84.09,Cash
2604,2023-03-08 19:00:00,2561,Mouse,2,94.89,175.33,14.45,PayPal
7118,2023-09-12 21:00:00,2852,Mouse,4,167.93,589.5,82.22,Cash
9208,2023-12-08 23:00:00,2824,Tablet,1,1429.36,1388.5,40.86,Credit Card
5890,2023-07-23 17:00:00,2708,Keyboard,2,775.47,1452.54,98.4,Cash
7822,2023-10-12 05:00:00,2362,Headphones,1,704.57,619.6400000000001,84.93,Cash
6637,2023-08-23 20:00:00,2560,Mouse,1,1994.91,1928.5900000000001,66.32,Cash
6545,2023-08-20 00:00:00,2691,Tablet,1,1857.38,1834.72,22.66,Cash
4838,2023-06-09 21:00:00,2090,Mouse,4,92.55,313.21,56.99,Debit Card
10815,2024-02-13 22:00:00,2369,Mouse,3,,518.3299999999999,54.58,PayPal
8069,2023-10-22 12:00:00,2933,Monitor,1,1132.55,1075.24,57.31,Credit Card
2508,2023-03-04 19:00:00,2720,Monitor,3,1956.06,5801.33,66.85,Debit Card
8329,2023-11-02 08:00:00,2361,Mouse,2,328.83,598.0999999999999,59.56,Debit Card
2560,2023-03-06 23:00:00,2078,Monitor,4,1782.95,7090.38,41.42,PayPal
7928,2023-10-16 15:00:00,2658,Keyboard,3,265.67,733.51,63.5,Cash
8856,2023-11-24 07:00:00,2324,Mouse,4,161.11,549.4200000000001,95.02,Debit Card
4048,2023-05-07 23:00:00,2719,Keyboard,4,1602.42,6320.700000000001,88.98,Cash
9574,2023-12-24 05:00:00,2284,Keyboard,2,1140.12,2258.66,21.58,Cash
2837,2023-03-18 12:00:00,2147,Keyboard,3,1161.45,3390.2500000000005,94.1,Debit Card
5348,2023-07-01 03:00:00,2245,Headphones,3,839.4,2433.29,84.91,PayPal
7995,2023-10-19 10:00:00,2641,Keyboard,1,926.93,883.5699999999999,43.36,Credit Card
1982,2023-02-10 21:00:00,2654,Tablet,3,172.52,424.74000000000007,92.82,PayPal
9799,2024-01-02 14:00:00,2980,Mouse,4,940.45,3760.78,1.02,Cash
2355,2023-02-26 10:00:00,2449,Keyboard,1,354.95,290.78,64.17,Debit Card
1046,2023-01-02 21:00:00,2991,Laptop,1,468.76,369.56,99.2,Credit Card
3543,2023-04-16 22:00:00,2791,Laptop,4,439.12,1739.97,16.51,Credit Card
8300,2023-11-01 03:00:00,2919,Tablet,4,266.38,1029.32,36.2,Debit Card
1749,2023-02-01 04:00:00,2264,Monitor,4,1964.46,7771.28,86.56,Debit Card
10154,2024-01-17 09:00:00,2855,Monitor,3,1938.91,5747.97,68.76,PayPal
6509,2023-08-18 12:00:00,2301,Mouse,4,1502.44,5922.75,87.01,nan
7088,2023-09-11 15:00:00,2357,Keyboard,4,1379.42,5465.610000000001,52.07,PayPal
5565,2023-07-10 04:00:00,2152,Monitor,3,1072.28,3126.86,89.98,Credit Card
6981,2023-09-07 04:00:00,2975,Tablet,3,1383.21,4112.86,36.77,Debit Card
8666,2023-11-16 09:00:00,2674,Monitor,3,1352.45,3969.7900000000004,87.56,PayPal
1536,2023-01-23 07:00:00,2584,Laptop,2,680.6,1285.64,75.56,PayPal
7741,2023-10-08 20:00:00,2581,Keyboard,2,299.53,519.6199999999999,79.44,Cash
6749,2023-08-28 12:00:00,2742,Monitor,1,1914.78,1875.25,39.53,Debit Card
9961,2024-01-09 08:00:00,2623,Tablet,1,790.14,745.01,45.13,Cash
3252,2023-04-04 19:00:00,2618,Laptop,4,590.01,2340.13,19.91,Cash
4722,2023-06-05 01:00:00,2448,Monitor,4,772.39,3062.57,26.99,PayPal
4146,2023-05-12 01:00:00,2611,Laptop,1,1501.91,1471.3000000000002,30.61,Credit Card
9631,2023-12-26 14:00:00,2422,Tablet,2,474.53,896.06,53.0,Cash
10754,2024-02-11 09:00:00,2668,Monitor,4,350.33,1331.55,69.77,Debit Card
9884,2024-01-06 03:00:00,2603,Laptop,4,,1515.06,19.02,Cash
10739,2024-02-10 18:00:00,2563,Tablet,1,933.17,905.6999999999999,27.47,Credit Card
7206,2023-09-16 13:00:00,2723,Mouse,4,1351.78,5324.33,82.79,Cash
10573,2024-02-03 20:00:00,2377,Tablet,1,1333.16,1325.8300000000002,7.33,Debit Card
10165,2024-01-17 20:00:00,2989,Tablet,3,311.11,853.99,79.34,Cash
7070,2023-09-10 21:00:00,2972,Mouse,1,792.18,765.9899999999999,26.19,Cash
5696,2023-07-15 15:00:00,2669,Tablet,4,585.24,2324.27,16.69,PayPal
8433,2023-11-06 16:00:00,2125,Mouse,2,288.9,524.74,53.06,PayPal
1665,2023-01-28 16:00:00,2369,Laptop,2,836.61,1610.8700000000001,62.35,Credit Card
3837,2023-04-29 04:00:00,2453,Headphones,4,1072.14,4226.55,62.01,PayPal
10874,2024-02-16 09:00:00,2629,Monitor,2,1579.15,3088.07,70.23,Credit Card
10591,2024-02-04 14:00:00,2060,Mouse,2,1621.88,3172.1200000000003,71.64,Debit Card
5023,2023-06-17 14:00:00,2203,Tablet,2,1449.87,2899.72,0.02,Debit Card
6862,2023-09-02 05:00:00,2745,Mouse,3,157.67,416.75,56.26,Cash
9779,2024-01-01 18:00:00,2391,Laptop,1,1559.72,1475.03,84.69,Cash
1676,2023-01-29 03:00:00,2695,Monitor,4,727.2,2811.3300000000004,97.47,Credit Card
4679,2023-06-03 06:00:00,2648,Mouse,3,227.52,667.5400000000001,15.02,Debit Card
7188,2023-09-15 19:00:00,2301,Monitor,1,337.6,281.23,56.37,Cash
4510,2023-05-27 05:00:00,2759,Monitor,4,547.7,2128.86,61.94,Credit Card
9479,2023-12-20 06:00:00,2867,Tablet,4,1461.11,5746.11,98.33,Credit Card
2963,2023-03-23 18:00:00,2264,Headphones,4,376.69,1407.6399999999999,99.12,Cash
2841,2023-03-18 16:00:00,2411,Mouse,3,1276.61,3775.69,54.14,Credit Card
8572,2023-11-12 11:00:00,2877,Mouse,3,1121.2,,71.06,Credit Card
7250,2023-09-18 09:00:00,2634,Headphones,3,1432.56,4274.76,22.92,PayPal
5227,2023-06-26 02:00:00,2915,Laptop,4,59.68,228.28,10.44,PayPal
7251,2023-09-18 10:00:00,2941,Laptop,3,685.92,2037.8799999999997,19.88,PayPal
7795,2023-10-11 02:00:00,2255,Laptop,1,1688.91,1665.25,23.66,Cash
6398,2023-08-13 21:00:00,2061,Headphones,1,802.94,748.8000000000001,54.14,Debit Card
3933,2023-05-03 04:00:00,2950,Keyboard,3,441.47,1315.3700000000001,9.04,Credit Card
5849,2023-07-22 00:00:00,2651,Tablet,4,720.91,2798.48,85.16,Cash
8227,2023-10-29 02:00:00,2386,Tablet,4,1292.22,5073.93,94.95,Credit Card
7888,2023-10-14 23:00:00,2685,Monitor,1,95.24,66.89999999999999,28.34,PayPal
7323,2023-09-21 10:00:00,2640,Tablet,1,1704.61,1690.26,14.35,Cash
8810,2023-11-22 09:00:00,2703,Headphones,4,808.46,3142.19,91.65,PayPal
1412,2023-01-18 03:00:00,2211,Keyboard,2,732.51,1398.36,66.66,Credit Card
1614,2023-01-26 13:00:00,2501,Laptop,2,1846.65,3622.94,70.36,Credit Card
1519,2023-01-22 14:00:00,2358,Keyboard,4,631.34,2506.75,18.61,PayPal
7179,2023-09-15 10:00:00,2861,Mouse,2,859.96,1688.0700000000002,31.85,Cash
2431,2023-03-01 14:00:00,2136,Headphones,4,1435.35,5686.57,54.83,Credit Card
8909,2023-11-26 12:00:00,2310,Headphones,1,837.62,814.77,22.85,Cash
10927,2024-02-18 14:00:00,2613,Keyboard,3,,2820.93,37.98,Cash
5393,2023-07-03 00:00:00,2579,Laptop,1,,-9.330000000000005,52.27,Debit Card
5449,2023-07-05 08:00:00,2854,Keyboard,3,882.41,2559.68,87.55,PayPal
7001,2023-09-08 00:00:00,2715,Laptop,3,854.46,2543.86,19.52,PayPal
2418,2023-03-01 01:00:00,2861,Tablet,3,606.09,1719.93,98.34,Credit Card
8421,2023-11-06 04:00:00,2101,Keyboard,4,930.17,3640.8199999999997,79.86,Credit Card
1605,2023-01-26 04:00:00,2095,Headphones,4,1653.15,6543.860000000001,68.74,Debit Card
2273,2023-02-23 00:00:00,2252,Tablet,2,1839.8,3628.79,50.81,Debit Card
6853,2023-09-01 20:00:00,2003,Keyboard,4,679.58,2713.63,4.69,Debit Card
8064,2023-10-22 07:00:00,2621,Mouse,2,1749.52,3436.05,62.99,Cash
9175,2023-12-07 14:00:00,2672,Monitor,3,1692.51,5058.45,19.08,Cash
5374,2023-07-02 05:00:00,2007,Keyboard,4,168.42,593.18,80.5,PayPal
1248,2023-01-11 07:00:00,2320,Monitor,4,1555.98,6167.66,56.26,Debit Card
9964,2024-01-09 11:00:00,2588,Mouse,4,27.83,14.959999999999994,96.36,PayPal
2983,2023-03-24 14:00:00,2767,Mouse,1,1625.62,1593.12,32.5,Credit Card
10448,2024-01-29 15:00:00,2792,Keyboard,3,946.99,2797.4500000000003,43.52,PayPal
6921,2023-09-04 16:00:00,2180,Monitor,1,192.8,131.86,60.94,Cash
1200,2023-01-09 07:00:00,2617,Tablet,4,1253.73,4965.1,49.82,Cash
8508,2023-11-09 19:00:00,2781,Mouse,2,,1548.44,32.08,PayPal
1486,2023-01-21 05:00:00,2048,Tablet,1,1888.32,1877.45,10.87,PayPal
7740,2023-10-08 19:00:00,2441,Monitor,3,1004.51,2999.45,14.08,Cash
5092,2023-06-20 11:00:00,2075,Keyboard,3,1880.75,5593.99,48.26,Cash
1456,2023-01-19 23:00:00,2297,Monitor,4,1432.42,5659.62,70.06,Debit Card
5424,2023-07-04 07:00:00,2134,Headphones,3,1073.27,3197.19,22.62,Debit Card
10276,2024-01-22 11:00:00,2421,Mouse,2,,2656.6000000000004,1.68,Cash
9737,2023-12-31 00:00:00,2830,Tablet,3,1105.64,3247.66,69.26,PayPal
2722,2023-03-13 17:00:00,2547,Monitor,3,847.3,2509.3899999999994,32.51,PayPal
7128,2023-09-13 07:00:00,2232,Keyboard,2,100.34,129.02,71.66,Credit Card
10015,2024-01-11 14:00:00,2676,Headphones,4,61.59,196.25,50.11,Cash
9589,2023-12-24 20:00:00,2254,Headphones,2,318.53,607.1899999999999,29.87,PayPal
3795,2023-04-27 10:00:00,2877,Keyboard,3,1439.59,4307.48,11.29,PayPal
7390,2023-09-24 05:00:00,2826,Laptop,2,1622.91,3154.03,91.79,PayPal
7443,2023-09-26 10:00:00,2573,Mouse,2,1634.4,3177.15,91.65,Cash
10456,2024-01-29 23:00:00,2507,Keyboard,1,1243.07,1169.96,73.11,Cash
1863,2023-02-05 22:00:00,2872,Tablet,4,1504.26,5944.35,72.69,Credit Card
3095,2023-03-29 06:00:00,2996,Headphones,2,1089.09,2078.2,99.98,Cash
1948,2023-02-09 11:00:00,2612,Laptop,1,785.6,771.44,14.16,Cash
7031,2023-09-09 06:00:00,2984,Monitor,2,,149.51,6.93,PayPal
2445,2023-03-02 04:00:00,2550,Monitor,2,680.68,1287.26,74.1,Cash
2281,2023-02-23 08:00:00,2786,Mouse,1,132.88,,49.4,Credit Card
10872,2024-02-16 07:00:00,2018,Laptop,1,1327.57,1324.37,3.2,Credit Card
10759,2024-02-11 14:00:00,2314,Headphones,2,1786.39,3508.2000000000003,64.58,Credit Card
5924,2023-07-25 03:00:00,2655,Keyboard,2,1431.69,2833.75,29.63,PayPal
8212,2023-10-28 11:00:00,2607,Laptop,3,1535.09,4591.36,13.91,Credit Card
9041,2023-12-02 00:00:00,2991,Mouse,3,1230.1,3616.33,73.97,Credit Card
5996,2023-07-28 03:00:00,2464,Monitor,2,356.9,674.8399999999999,38.96,PayPal
3303,2023-04-06 22:00:00,2288,Keyboard,3,762.81,2259.66,28.77,Debit Card
3005,2023-03-25 12:00:00,2599,Tablet,1,725.5,713.4,12.1,Credit Card
5274,2023-06-28 01:00:00,2317,Mouse,4,1538.32,6135.96,17.32,Cash
10143,2024-01-16 22:00:00,2843,Mouse,1,388.78,305.84,82.94,PayPal
2006,2023-02-11 21:00:00,2308,Mouse,1,1598.94,1577.27,21.67,PayPal
4995,2023-06-16 10:00:00,2251,Headphones,4,430.88,1700.46,23.06,PayPal
8407,2023-11-05 14:00:00,2969,Laptop,2,1130.91,2246.4500000000003,15.37,Cash
4376,2023-05-21 15:00:00,2795,Tablet,1,646.9,577.12,69.78,Cash
6485,2023-08-17 12:00:00,2268,Tablet,3,1126.04,3285.1,93.02,Debit Card
3133,2023-03-30 20:00:00,2936,Keyboard,4,1029.35,4111.639999999999,5.76,Credit Card
5723,2023-07-16 18:00:00,2097,Mouse,4,1409.87,5544.419999999999,95.06,Credit Card
8845,2023-11-23 20:00:00,2317,Headphones,2,127.75,180.95,74.55,Cash
3058,2023-03-27 17:00:00,2059,Monitor,4,332.35,1259.0900000000001,70.31,PayPal
6054,2023-07-30 13:00:00,2759,Mouse,4,1382.7,5475.91,54.89,Debit Card
1230,2023-01-10 13:00:00,2283,Headphones,4,1786.32,7087.59,57.69,Debit Card
4543,2023-05-28 14:00:00,2637,Laptop,4,377.37,1441.26,68.22,PayPal
10543,2024-02-02 14:00:00,2280,Mouse,4,1421.53,5670.61,15.51,Cash
10598,2024-02-04 21:00:00,2644,Tablet,2,,1879.02,63.18,Debit Card
8339,2023-11-02 18:00:00,2846,Tablet,1,1726.94,1677.04,49.9,nan
3996,2023-05-05 19:00:00,2882,Tablet,2,1635.35,3252.54,18.16,Cash
8851,2023-11-24 02:00:00,2830,Mouse,3,504.0,1487.53,24.47,Debit Card
9797,2024-01-02 12:00:00,2029,Laptop,4,423.38,1619.56,73.96,Cash
1210,2023-01-09 17:00:00,2822,Mouse,1,1987.98,1913.21,74.77,Credit Card
5732,2023-07-17 03:00:00,2791,Laptop,2,708.88,1381.11,36.65,PayPal
3751,2023-04-25 14:00:00,2036,Laptop,3,,2259.1000000000004,23.39,Cash
10728,2024-02-10 07:00:00,2001,Monitor,1,418.24,345.87,72.37,PayPal
5703,2023-07-15 22:00:00,2134,Monitor,3,1001.49,2989.15,15.32,Credit Card
8881,2023-11-25 08:00:00,2528,Tablet,3,1226.66,3587.4700000000003,92.51,Credit Card
4469,2023-05-25 12:00:00,2865,Laptop,2,1761.23,3495.41,27.05,Debit Card
7316,2023-09-21 03:00:00,2096,Monitor,2,1232.46,2430.64,34.28,PayPal
6285,2023-08-09 04:00:00,2966,Laptop,4,238.34,867.9200000000001,85.44,Credit Card
7459,2023-09-27 02:00:00,2005,Tablet,1,595.06,587.9499999999999,7.11,Credit Card
2729,2023-03-14 00:00:00,2884,Tablet,2,,1643.59,5.73,Debit Card
6248,2023-08-07 15:00:00,2073,Headphones,1,653.29,565.15,88.14,Debit Card
1338,2023-01-15 01:00:00,2215,Laptop,4,1855.81,7402.889999999999,20.35,Cash
10806,2024-02-13 13:00:00,2183,Keyboard,2,1802.94,3600.8900000000003,4.99,PayPal
3651,2023-04-21 10:00:00,2846,Tablet,4,467.74,1852.6200000000001,18.34,PayPal
4563,2023-05-29 10:00:00,2275,Monitor,1,,310.17,55.38,Debit Card
9028,2023-12-01 11:00:00,2141,Keyboard,2,342.2,599.87,84.53,PayPal
10732,2024-02-10 11:00:00,2495,Headphones,2,1195.75,2356.86,34.64,PayPal
10746,2024-02-11 01:00:00,2189,Tablet,3,1736.2,5175.070000000001,33.53,Debit Card
2227,2023-02-21 02:00:00,2830,Tablet,3,1469.84,4336.679999999999,72.84,Debit Card
5041,2023-06-18 08:00:00,2460,Keyboard,2,1703.32,3324.48,82.16,Credit Card
5784,2023-07-19 07:00:00,2019,Headphones,3,207.91,548.51,75.22,Cash
3145,2023-03-31 08:00:00,2813,Keyboard,4,74.59,267.57,30.79,Debit Card
10219,2024-01-20 02:00:00,2681,Laptop,2,1047.87,2042.3799999999999,53.36,Cash
5619,2023-07-12 10:00:00,2582,Tablet,4,691.02,2678.23,85.85,Debit Card
3112,2023-03-29 23:00:00,2357,Headphones,3,384.42,1132.23,21.03,Credit Card
5032,2023-06-17 23:00:00,2136,Mouse,4,1878.81,7486.24,29.0,Credit Card
4419,2023-05-23 10:00:00,2114,Headphones,3,1327.16,3937.0200000000004,44.46,Debit Card
5563,2023-07-10 02:00:00,2074,Tablet,4,1926.47,7671.400000000001,34.48,Debit Card
2018,2023-02-12 09:00:00,2732,Laptop,1,128.05,87.30000000000001,40.75,Debit Card
8614,2023-11-14 05:00:00,2929,Monitor,4,,548.5699999999999,29.95,PayPal
4444,2023-05-24 11:00:00,2812,Tablet,3,,2747.94,90.9,Debit Card
6565,2023-08-20 20:00:00,2656,Laptop,2,1106.8,2209.8199999999997,3.78,PayPal
2929,2023-03-22 08:00:00,2758,Headphones,1,977.94,896.01,81.93,Cash
1351,2023-01-15 14:00:00,2659,Mouse,3,537.76,1585.3899999999999,27.89,Credit Card
4379,2023-05-21 18:00:00,2848,Headphones,4,1412.31,5619.16,30.08,PayPal
3202,2023-04-02 17:00:00,2285,Laptop,2,1863.87,3634.7999999999997,92.94,Credit Card
5641,2023-07-13 08:00:00,2469,Monitor,4,403.24,1583.96,29.0,PayPal
2935,2023-03-22 14:00:00,2852,Headphones,2,1835.53,3595.54,75.52,PayPal
3971,2023-05-04 18:00:00,2016,Keyboard,1,584.46,,85.51,Credit Card
8650,2023-11-15 17:00:00,2382,Monitor,2,269.75,473.87,65.63,Credit Card
10883,2024-02-16 18:00:00,2943,Laptop,3,1773.09,5292.37,26.9,Debit Card
9545,2023-12-23 00:00:00,2314,Monitor,4,637.16,2513.6099999999997,35.03,Cash
7877,2023-10-14 12:00:00,2586,Headphones,2,768.85,1443.51,94.19,PayPal
1565,2023-01-24 12:00:00,2331,Tablet,3,916.01,2675.9199999999996,72.11,nan
2583,2023-03-07 22:00:00,2331,Tablet,3,912.39,2720.62,16.55,Debit Card
5238,2023-06-26 13:00:00,2498,Monitor,1,1209.88,1118.42,91.46,Credit Card
3176,2023-04-01 15:00:00,2017,Mouse,1,605.54,509.80999999999995,95.73,Debit Card
8218,2023-10-28 17:00:00,2006,Keyboard,1,1997.81,1987.33,10.48,Cash
3541,2023-04-16 20:00:00,2472,Headphones,4,738.11,2934.7200000000003,17.72,PayPal
7336,2023-09-21 23:00:00,2738,Keyboard,2,806.77,1522.79,90.75,Credit Card
3708,2023-04-23 19:00:00,2062,Mouse,3,940.4,2728.35,92.85,Cash
10101,2024-01-15 04:00:00,2254,Mouse,4,778.9,3038.47,77.13,PayPal
3229,2023-04-03 20:00:00,2163,Keyboard,4,925.15,3621.3199999999997,79.28,Credit Card
2116,2023-02-16 11:00:00,2895,Laptop,3,788.73,2352.03,14.16,Credit Card
7441,2023-09-26 08:00:00,2598,Monitor,3,470.25,1349.45,61.3,Debit Card
5149,2023-06-22 20:00:00,2496,Laptop,1,1229.51,1130.7,98.81,Debit Card
5090,2023-06-20 09:00:00,2209,Tablet,2,1946.48,3810.9700000000003,81.99,Credit Card
10248,2024-01-21 07:00:00,2575,Monitor,3,1126.18,3346.49,32.05,PayPal
6184,2023-08-04 23:00:00,2305,Laptop,2,1373.51,2689.02,58.0,Debit Card
7391,2023-09-24 06:00:00,2949,Tablet,3,467.69,1319.6299999999999,83.44,Cash
9240,2023-12-10 07:00:00,2530,Tablet,1,1149.61,1137.5,12.11,PayPal
1822,2023-02-04 05:00:00,2925,Keyboard,1,632.22,534.24,97.98,Credit Card
8507,2023-11-09 18:00:00,2504,Mouse,1,103.04,57.970000000000006,45.07,Cash
3273,2023-04-05 16:00:00,2939,Mouse,3,1770.16,5257.85,52.63,Credit Card
10080,2024-01-14 07:00:00,2530,Tablet,2,87.48,146.16,28.8,PayPal
1082,2023-01-04 09:00:00,2099,Mouse,1,1596.21,,13.62,Credit Card
2324,2023-02-25 03:00:00,2398,Headphones,1,121.33,112.28,9.05,Credit Card
6861,2023-09-02 04:00:00,2060,Keyboard,4,1249.98,4933.96,65.96,PayPal
8672,2023-11-16 15:00:00,2923,Monitor,3,63.98,123.02,68.92,PayPal
2615,2023-03-09 06:00:00,2737,Keyboard,1,1010.84,998.0300000000001,12.81,Cash
3698,2023-04-23 09:00:00,2657,Keyboard,2,1269.76,2466.11,73.41,Cash
1832,2023-02-04 15:00:00,2030,Monitor,4,1003.86,3926.85,88.59,Credit Card
5418,2023-07-04 01:00:00,2893,Monitor,3,1389.01,4157.07,9.96,Cash
6719,2023-08-27 06:00:00,2628,Laptop,1,1143.32,1076.57,66.75,Debit Card
3421,2023-04-11 20:00:00,2121,Headphones,2,566.22,1073.75,58.69,Credit Card
5950,2023-07-26 05:00:00,2109,Laptop,3,1493.9,4458.410000000001,23.29,Credit Card
4370,2023-05-21 09:00:00,2887,Mouse,1,276.36,192.64000000000001,83.72,Debit Card
3834,2023-04-29 01:00:00,2337,Laptop,2,1192.67,2334.4700000000003,50.87,PayPal
4102,2023-05-10 05:00:00,2983,Headphones,3,563.39,1660.19,29.98,Credit Card
2650,2023-03-10 17:00:00,2800,Tablet,2,514.39,943.24,85.54,Cash
5519,2023-07-08 06:00:00,2738,Keyboard,2,1513.7,3009.38,18.02,Credit Card
8509,2023-11-09 20:00:00,2527,Mouse,3,1733.92,5117.2,84.56,Credit Card
4299,2023-05-18 10:00:00,2248,Keyboard,3,1297.98,3830.04,63.9,PayPal
4144,2023-05-11 23:00:00,2080,Laptop,2,679.89,1276.48,83.3,Debit Card
8453,2023-11-07 12:00:00,2049,Tablet,3,825.56,2421.1499999999996,55.53,Cash
9313,2023-12-13 08:00:00,2990,Laptop,3,1101.93,3229.86,75.93,PayPal
8636,2023-11-15 03:00:00,2555,Monitor,1,1134.61,1079.9299999999998,54.68,Credit Card
4965,2023-06-15 04:00:00,2950,Keyboard,4,1570.3,6198.23,82.97,Debit Card
3690,2023-04-23 01:00:00,2385,Laptop,2,1102.54,2171.1,33.98,PayPal
8926,2023-11-27 05:00:00,2128,Laptop,2,1637.07,3269.85,4.29,Credit Card
3628,2023-04-20 11:00:00,2194,Tablet,2,1446.01,2870.0099999999998,22.01,PayPal
1750,2023-02-01 05:00:00,2702,Monitor,3,190.37,529.22,41.89,Cash
7975,2023-10-18 14:00:00,2654,Keyboard,1,64.96,4.309999999999995,60.65,Cash
3374,2023-04-09 21:00:00,2142,Headphones,4,774.95,3058.9100000000003,40.89,Debit Card
3443,2023-04-12 18:00:00,2998,Headphones,1,1686.79,1675.42,11.37,Credit Card
7429,2023-09-25 20:00:00,2665,Laptop,4,,2739.12,25.4,Cash
7637,2023-10-04 12:00:00,2195,Laptop,2,38.02,3.700000000000003,72.34,Debit Card
3759,2023-04-25 22:00:00,2363,Headphones,2,1936.13,3831.61,40.65,PayPal
4007,2023-05-06 06:00:00,2021,Mouse,4,1017.93,4051.31,20.41,Debit Card
9351,2023-12-14 22:00:00,2369,Headphones,1,733.12,670.2,62.92,Debit Card
9786,2024-01-02 01:00:00,2356,Headphones,3,1274.42,3775.28,47.98,Cash
8059,2023-10-22 02:00:00,2829,Laptop,1,1010.05,987.3499999999999,22.7,PayPal
9087,2023-12-03 22:00:00,2527,Keyboard,4,119.47,460.08,17.8,Debit Card
7502,2023-09-28 21:00:00,2533,Mouse,2,814.04,1531.96,96.12,Debit Card
6154,2023-08-03 17:00:00,2808,Laptop,3,946.22,2744.45,94.21,Credit Card
7241,2023-09-18 00:00:00,2658,Tablet,4,,4174.46,4.7,Credit Card
6886,2023-09-03 05:00:00,2918,Keyboard,4,1109.97,4387.07,52.81,PayPal
9847,2024-01-04 14:00:00,2885,Headphones,3,1297.7,3814.3600000000006,78.74,Credit Card
6971,2023-09-06 18:00:00,2217,Laptop,1,1063.96,973.57,90.39,Cash
10641,2024-02-06 16:00:00,2447,Tablet,1,,1090.43,71.46,Cash
6392,2023-08-13 15:00:00,2268,Monitor,3,1504.62,4449.37,64.49,Cash
2140,2023-02-17 11:00:00,2325,Tablet,4,1398.87,5559.469999999999,36.01,Cash
9318,2023-12-13 13:00:00,2398,Monitor,3,835.18,2470.04,35.5,Credit Card
3232,2023-04-03 23:00:00,2242,Monitor,1,1609.6,1521.0,88.6,Cash
3165,2023-04-01 04:00:00,2167,Keyboard,3,327.15,979.6199999999999,1.83,Credit Card
3887,2023-05-01 06:00:00,2784,Headphones,3,739.86,2190.29,29.29,PayPal
5773,2023-07-18 20:00:00,2374,Monitor,3,1989.86,5964.51,5.07,Debit Card
9433,2023-12-18 08:00:00,2180,Tablet,3,,4688.26,99.83,PayPal
3778,2023-04-26 17:00:00,2995,Tablet,2,1025.76,1981.04,70.48,Credit Card
10014,2024-01-11 13:00:00,2748,Keyboard,3,873.05,2560.45,58.7,Credit Card
4044,2023-05-07 19:00:00,2297,Headphones,3,804.74,2349.4500000000003,64.77,Debit Card
2571,2023-03-07 10:00:00,2578,Tablet,4,1738.44,6948.93,4.83,Cash
1173,2023-01-08 04:00:00,2154,Mouse,4,950.45,3765.77,36.03,Cash
8933,2023-11-27 12:00:00,2904,Laptop,2,81.61,118.28,44.94,Credit Card
3088,2023-03-28 23:00:00,2010,Headphones,2,573.29,1118.31,28.27,Debit Card
10264,2024-01-21 23:00:00,2591,Tablet,1,1091.28,1004.36,86.92,PayPal
9185,2023-12-08 00:00:00,2977,Mouse,2,598.96,1197.7,0.22,Cash
9758,2023-12-31 21:00:00,2461,Headphones,4,1530.42,6049.150000000001,72.53,Debit Card
8029,2023-10-20 20:00:00,2432,Laptop,4,1102.81,4338.49,72.75,Cash
6462,2023-08-16 13:00:00,2292,Headphones,2,667.63,1305.99,29.27,PayPal
3234,2023-04-04 01:00:00,2098,Mouse,1,1753.91,1712.0700000000002,41.84,PayPal
4280,2023-05-17 15:00:00,2176,Mouse,3,664.03,1975.29,16.8,PayPal
2833,2023-03-18 08:00:00,2436,Headphones,2,1426.71,2828.39,25.03,Credit Card
6675,2023-08-25 10:00:00,2428,Tablet,2,371.98,665.27,78.69,PayPal
6795,2023-08-30 10:00:00,2811,Monitor,3,1308.69,3902.0800000000004,23.99,Credit Card
10593,2024-02-04 16:00:00,2426,Monitor,1,1967.34,1876.49,90.85,Cash
10367,2024-01-26 06:00:00,2256,Laptop,1,458.45,379.76,78.69,Credit Card
8096,2023-10-23 15:00:00,2479,Headphones,4,1220.52,4804.38,77.7,PayPal
5442,2023-07-05 01:00:00,2211,Keyboard,2,1813.78,3538.06,89.5,Credit Card
6614,2023-08-22 21:00:00,2827,Headphones,2,500.25,960.12,40.38,Credit Card
1835,2023-02-04 18:00:00,2996,Monitor,4,1151.8,4554.54,52.66,Debit Card
3487,2023-04-14 14:00:00,2082,Mouse,4,1052.19,4129.77,78.99,Debit Card
8560,2023-11-11 23:00:00,2402,Tablet,1,592.93,502.29999999999995,90.63,Debit Card
5771,2023-07-18 18:00:00,2753,Tablet,4,223.46,819.87,73.97,Debit Card
6031,2023-07-29 14:00:00,2783,Tablet,4,1231.03,4923.45,0.67,Debit Card
10224,2024-01-20 07:00:00,2182,Tablet,4,1009.99,3951.3,88.66,Cash
5561,2023-07-10 00:00:00,2300,Monitor,4,818.55,3252.0499999999997,22.15,Cash
5975,2023-07-27 06:00:00,2149,Headphones,1,235.91,209.63,26.28,Cash
1820,2023-02-04 03:00:00,2314,Headphones,3,594.59,1686.73,97.04,Credit Card
1066,2023-01-03 17:00:00,2053,Mouse,3,812.64,2339.4700000000003,98.45,PayPal
5257,2023-06-27 08:00:00,2992,Laptop,4,1171.37,4590.29,95.19,Cash
7232,2023-09-17 15:00:00,2581,Mouse,4,190.26,740.61,20.43,PayPal
3025,2023-03-26 08:00:00,2923,Mouse,1,653.95,629.69,24.26,PayPal
5739,2023-07-17 10:00:00,2773,Keyboard,2,1199.76,2311.45,88.07,Credit Card
1355,2023-01-15 18:00:00,2119,Monitor,3,965.42,2797.7599999999998,98.5,Debit Card
6851,2023-09-01 18:00:00,2996,Headphones,3,112.57,307.96999999999997,29.74,Debit Card
10216,2024-01-19 23:00:00,2463,Laptop,4,1322.78,5262.0599999999995,29.06,PayPal
9263,2023-12-11 06:00:00,2956,Headphones,1,1777.16,1764.52,12.64,Cash
2809,2023-03-17 08:00:00,2113,Keyboard,4,1540.92,6113.070000000001,50.61,Credit Card
8473,2023-11-08 08:00:00,2247,Headphones,3,698.65,2021.61,74.34,Credit Card
5048,2023-06-18 15:00:00,2595,Tablet,3,1581.87,4731.46,14.15,Debit Card
5569,2023-07-10 08:00:00,2815,Monitor,3,,2767.0099999999998,93.52,PayPal
9526,2023-12-22 05:00:00,2379,Mouse,3,589.39,1726.5,41.67,Credit Card
7685,2023-10-06 12:00:00,2929,Monitor,3,1541.43,4572.7699999999995,51.52,Credit Card
6051,2023-07-30 10:00:00,2210,Monitor,3,233.64,657.43,43.49,Debit Card
1473,2023-01-20 16:00:00,2063,Tablet,4,1614.05,6429.74,26.46,Credit Card
8357,2023-11-03 12:00:00,2939,Tablet,3,419.41,1224.3,33.93,Cash
4083,2023-05-09 10:00:00,2158,Keyboard,4,456.03,1778.29,45.83,Cash
6838,2023-09-01 05:00:00,2362,Laptop,2,1033.21,2032.54,33.88,Credit Card
7862,2023-10-13 21:00:00,2097,Monitor,1,848.81,761.2099999999999,87.6,PayPal
4062,2023-05-08 13:00:00,2753,Mouse,2,814.97,1533.44,96.5,Credit Card
4380,2023-05-21 19:00:00,2408,Laptop,1,1123.22,1116.67,6.55,Debit Card
1869,2023-02-06 04:00:00,2304,Monitor,2,393.26,692.05,94.47,Debit Card
5696,2023-07-15 15:00:00,2669,Tablet,4,585.24,2324.27,16.69,PayPal
9070,2023-12-03 05:00:00,2744,Headphones,2,1051.27,2096.64,5.9,Cash
2507,2023-03-04 18:00:00,2111,Monitor,4,621.87,2439.6,47.88,Cash
6730,2023-08-27 17:00:00,2539,Keyboard,4,841.77,3365.97,1.11,Credit Card
9328,2023-12-13 23:00:00,2862,Headphones,1,1515.07,1485.55,29.52,Cash
8403,2023-11-05 10:00:00,2785,Mouse,1,871.36,848.6,22.76,Debit Card
10417,2024-01-28 08:00:00,2602,Headphones,4,285.01,1088.8899999999999,51.15,Cash
3771,2023-04-26 10:00:00,2194,Mouse,3,232.45,665.68,31.67,PayPal
10802,2024-02-13 09:00:00,2866,Laptop,1,,1373.62,29.93,Credit Card
10743,2024-02-10 22:00:00,2311,Monitor,4,157.53,623.34,6.78,Credit Card
6831,2023-08-31 22:00:00,2505,Keyboard,3,1532.67,4554.12,43.89,Debit Card
5360,2023-07-01 15:00:00,2318,Tablet,2,663.95,1260.3500000000001,67.55,Cash
2076,2023-02-14 19:00:00,2821,Mouse,3,775.78,2233.1200000000003,94.22,PayPal
9548,2023-12-23 03:00:00,2129,Laptop,2,891.4,1702.78,80.02,Cash
5420,2023-07-04 03:00:00,2200,Tablet,3,1501.27,4439.219999999999,64.59,Credit Card
8486,2023-11-08 21:00:00,2831,Keyboard,4,1793.12,7097.879999999999,74.6,Debit Card
7404,2023-09-24 19:00:00,2147,Laptop,3,1425.66,4253.4400000000005,23.54,nan
10938,2024-02-19 01:00:00,2181,Keyboard,1,1478.88,1421.0600000000002,57.82,Credit Card
6279,2023-08-08 22:00:00,2388,Laptop,3,1347.44,3950.88,91.44,PayPal
5594,2023-07-11 09:00:00,2478,Tablet,2,,1048.91,98.49,Cash
10393,2024-01-27 08:00:00,2563,Headphones,1,1983.19,1887.0,96.19,Debit Card
7544,2023-09-30 15:00:00,2701,Keyboard,1,272.75,258.61,14.14,Credit Card
8931,2023-11-27 10:00:00,2624,Laptop,4,888.8,3456.41,98.79,Credit Card
1074,2023-01-04 01:00:00,2141,Mouse,2,,1861.67,40.03,Credit Card
6289,2023-08-09 08:00:00,2641,Keyboard,1,1063.25,1000.76,62.49,Cash
5377,2023-07-02 08:00:00,2893,Keyboard,3,1299.71,3887.6800000000003,11.45,Cash
10944,2024-02-19 07:00:00,2224,Monitor,4,1943.06,7713.61,58.63,PayPal
9615,2023-12-25 22:00:00,2877,Laptop,1,767.58,693.8900000000001,73.69,PayPal
5864,2023-07-22 15:00:00,2595,Laptop,3,1706.28,5026.860000000001,91.98,Credit Card
2102,2023-02-15 21:00:00,2989,Mouse,3,71.84,192.53,22.99,nan
9140,2023-12-06 03:00:00,2347,Mouse,2,1751.51,3439.11,63.91,Debit Card
1583,2023-01-25 06:00:00,2364,Mouse,1,358.78,292.53,66.25,Debit Card
1314,2023-01-14 01:00:00,2035,Laptop,1,660.65,616.77,43.88,Debit Card
4335,2023-05-19 22:00:00,2805,Monitor,2,608.21,1181.65,34.77,Credit Card
9319,2023-12-13 14:00:00,2410,Keyboard,3,183.91,470.61,81.12,Debit Card
1119,2023-01-05 22:00:00,2940,Keyboard,2,1748.63,3482.1200000000003,15.14,nan
3023,2023-03-26 06:00:00,2151,Mouse,4,1562.54,6235.389999999999,14.77,Debit Card
7177,2023-09-15 08:00:00,2314,Laptop,1,861.26,804.33,56.93,PayPal
4133,2023-05-11 12:00:00,2754,Headphones,1,1765.36,1751.78,13.58,Credit Card
3035,2023-03-26 18:00:00,2183,Headphones,1,1872.83,1804.46,68.37,Credit Card
10919,2024-02-18 06:00:00,2689,Laptop,3,765.79,2233.22,64.15,Debit Card
3857,2023-04-30 00:00:00,2098,Keyboard,1,595.18,,67.19,PayPal
10101,2024-01-15 04:00:00,2254,Mouse,4,778.9,3038.47,77.13,PayPal
5229,2023-06-26 04:00:00,2505,Monitor,3,1214.26,3627.9799999999996,14.8,PayPal
2220,2023-02-20 19:00:00,2069,Tablet,4,1603.51,6405.18,8.86,Cash
8007,2023-10-19 22:00:00,2721,Monitor,1,1551.79,1514.28,37.51,PayPal
5609,2023-07-12 00:00:00,2119,Tablet,2,1489.14,2939.2400000000002,39.04,PayPal
6124,2023-08-02 11:00:00,2889,Keyboard,3,317.79,884.3300000000002,69.04,Debit Card
10320,2024-01-24 07:00:00,2600,Monitor,4,1719.42,6806.16,71.52,PayPal
3511,2023-04-15 14:00:00,2951,Monitor,2,1010.8,2012.2099999999998,9.39,Cash
6310,2023-08-10 05:00:00,2189,Headphones,3,867.33,2534.0200000000004,67.97,Cash
7168,2023-09-14 23:00:00,2823,Headphones,4,1323.66,5261.4800000000005,33.16,Credit Card
5566,2023-07-10 05:00:00,2581,Monitor,4,1645.4,6536.780000000001,44.82,Cash
5979,2023-07-27 10:00:00,2684,Laptop,3,161.91,425.26,60.47,PayPal
8079,2023-10-22 22:00:00,2868,Mouse,3,1015.41,2979.95,66.28,Debit Card
8638,2023-11-15 05:00:00,2209,Monitor,4,300.59,,49.96,Debit Card
4934,2023-06-13 21:00:00,2635,Mouse,4,1218.52,4835.58,38.5,PayPal
1178,2023-01-08 09:00:00,2845,Monitor,2,1936.43,3857.36,15.5,Credit Card
2644,2023-03-10 11:00:00,2910,Tablet,3,643.12,1901.69,27.67,Debit Card
10760,2024-02-11 15:00:00,2943,Mouse,3,881.29,,86.86,PayPal
4468,2023-05-25 11:00:00,2534,Tablet,1,628.28,576.6,51.68,Debit Card
9304,2023-12-12 23:00:00,2761,Tablet,2,1246.98,2435.4900000000002,58.47,PayPal
2375,2023-02-27 06:00:00,2525,Headphones,4,810.74,3201.75,41.21,Credit Card
2721,2023-03-13 16:00:00,2044,Laptop,2,1208.93,2370.06,47.8,Credit Card
6696,2023-08-26 07:00:00,2723,Headphones,3,964.0,2813.34,78.66,Cash
5443,2023-07-05 02:00:00,2761,Monitor,1,1929.85,1925.98,3.87,Debit Card
3265,2023-04-05 08:00:00,2134,Laptop,3,856.52,2543.58,25.98,PayPal
1088,2023-01-04 15:00:00,2325,Monitor,4,1257.26,4961.24,67.8,Credit Card
9456,2023-12-19 07:00:00,2861,Mouse,4,,3544.22,67.5,Cash
7283,2023-09-19 18:00:00,2983,Keyboard,1,270.99,240.78,30.21,PayPal
10125,2024-01-16 04:00:00,2072,Keyboard,2,1906.76,3715.44,98.08,PayPal
1404,2023-01-17 19:00:00,2608,Monitor,3,1744.34,5158.639999999999,74.38,Cash
4800,2023-06-08 07:00:00,2705,Tablet,3,,4741.119999999999,24.68,PayPal
8059,2023-10-22 02:00:00,2829,Laptop,1,1010.05,987.3499999999999,22.7,PayPal
7734,2023-10-08 13:00:00,2503,Headphones,2,1381.59,2756.29,6.89,Credit Card
8579,2023-11-12 18:00:00,2386,Tablet,2,,2663.5,4.34,Credit Card
8256,2023-10-30 07:00:00,2454,Laptop,2,881.82,1664.2900000000002,99.35,Credit Card
3457,2023-04-13 08:00:00,2074,Monitor,4,152.13,559.76,48.76,Credit Card
10488,2024-01-31 07:00:00,2092,Tablet,4,1484.12,5863.7,72.78,Cash
3215,2023-04-03 06:00:00,2514,Mouse,4,1177.83,4619.58,91.74,Credit Card
2028,2023-02-12 19:00:00,2610,Keyboard,2,368.94,703.29,34.59,PayPal
9404,2023-12-17 03:00:00,2450,Laptop,1,1325.23,1295.85,29.38,Credit Card
2422,2023-03-01 05:00:00,2791,Keyboard,1,1462.12,1444.83,17.29,Cash
3437,2023-04-12 12:00:00,2558,Laptop,2,906.47,1770.92,42.02,Credit Card
8627,2023-11-14 18:00:00,2498,Laptop,2,1587.04,3157.19,16.89,Cash
7965,2023-10-18 04:00:00,2441,Mouse,2,1670.42,3334.8,6.04,Credit Card
10546,2024-02-02 17:00:00,2881,Headphones,2,632.57,1229.26,35.88,Cash
2279,2023-02-23 06:00:00,2652,Monitor,3,1510.4,4509.820000000001,21.38,PayPal
6181,2023-08-04 20:00:00,2241,Headphones,4,1620.52,6389.5,92.58,Cash
3761,2023-04-26 00:00:00,2134,Keyboard,1,1138.11,1110.57,27.54,Credit Card
7635,2023-10-04 10:00:00,2226,Monitor,3,1942.4,5727.820000000001,99.38,Credit Card
6624,2023-08-23 07:00:00,2042,Tablet,2,875.05,1718.62,31.48,Cash
8646,2023-11-15 13:00:00,2136,Headphones,3,1047.54,3049.77,92.85,Credit Card
2979,2023-03-24 10:00:00,2872,Tablet,2,296.68,580.21,13.15,Cash
2062,2023-02-14 05:00:00,2348,Laptop,3,416.16,1207.57,40.91,Cash
2426,2023-03-01 09:00:00,2896,Tablet,2,492.29,910.7900000000001,73.79,Debit Card
6028,2023-07-29 11:00:00,2030,Laptop,4,1088.31,4296.349999999999,56.89,Cash
8745,2023-11-19 16:00:00,2854,Laptop,1,458.62,436.32,22.3,Cash
6080,2023-07-31 15:00:00,2019,Mouse,1,523.03,508.15,14.88,PayPal
2503,2023-03-04 14:00:00,2132,Keyboard,4,707.75,2805.86,25.14,Credit Card
7424,2023-09-25 15:00:00,2487,Monitor,2,1487.58,2897.91,77.25,Credit Card
9999,2024-01-10 22:00:00,2878,Monitor,1,608.5,550.47,58.03,PayPal
9405,2023-12-17 04:00:00,2480,Tablet,2,572.65,1077.79,67.51,Credit Card
4974,2023-06-15 13:00:00,2159,Headphones,4,1704.18,6785.27,31.45,Cash
10016,2024-01-11 15:00:00,2877,Mouse,3,1696.58,5017.3099999999995,72.43,PayPal
6457,2023-08-16 08:00:00,2394,Laptop,2,418.95,831.89,6.01,Debit Card
1679,2023-01-29 06:00:00,2626,Monitor,3,,,49.35,Debit Card
3578,2023-04-18 09:00:00,2315,Mouse,1,1922.92,1870.28,52.64,PayPal
4488,2023-05-26 07:00:00,2902,Mouse,4,1203.05,4768.46,43.74,Cash
4099,2023-05-10 02:00:00,2956,Tablet,1,633.71,,91.92,Cash
7525,2023-09-29 20:00:00,2625,Tablet,3,1466.32,4312.17,86.79,Cash
9543,2023-12-22 22:00:00,2228,Mouse,4,1526.63,6047.870000000001,58.65,Debit Card
10076,2024-01-14 03:00:00,2734,Laptop,4,1212.26,4815.17,33.87,Cash
9248,2023-12-10 15:00:00,2148,Tablet,1,736.97,652.72,84.25,PayPal
1103,2023-01-05 06:00:00,2889,Mouse,4,1571.34,6262.2699999999995,23.09,Credit Card
1958,2023-02-09 21:00:00,2012,Tablet,1,552.74,509.89,42.85,Cash
8943,2023-11-27 22:00:00,2319,Laptop,3,49.78,99.66,49.68,Credit Card
9642,2023-12-27 01:00:00,2643,Laptop,2,1695.27,,88.97,nan
7308,2023-09-20 19:00:00,2193,Mouse,3,1058.6,3081.0299999999997,94.77,Cash
8943,2023-11-27 22:00:00,2319,Laptop,3,49.78,99.66,49.68,Credit Card
9675,2023-12-28 10:00:00,2666,Headphones,3,1020.15,3003.25,57.2,Cash
3689,2023-04-23 00:00:00,2729,Mouse,4,939.59,3733.1800000000003,25.18,PayPal
10193,2024-01-19 00:00:00,2581,Keyboard,2,1501.31,2989.52,13.1,PayPal
7648,2023-10-04 23:00:00,2515,Monitor,1,1203.09,1176.49,26.6,PayPal
8991,2023-11-29 22:00:00,2064,Keyboard,3,246.18,685.0999999999999,53.44,Debit Card
9512,2023-12-21 15:00:00,2719,Monitor,4,840.11,3355.96,4.48,Debit Card
9840,2024-01-04 07:00:00,2199,Mouse,4,784.81,3053.02,86.22,Credit Card
8720,2023-11-18 15:00:00,2619,Monitor,1,1417.2,1335.21,81.99,Cash
9535,2023-12-22 14:00:00,2276,Keyboard,4,534.0,2071.34,64.66,PayPal
1419,2023-01-18 10:00:00,2153,Tablet,4,1501.86,5985.089999999999,22.35,Debit Card
6366,2023-08-12 13:00:00,2938,Mouse,2,364.3,728.24,0.36,PayPal
7960,2023-10-17 23:00:00,2263,Headphones,3,,1923.45,26.55,Credit Card
4674,2023-06-03 01:00:00,2463,Headphones,2,926.47,1774.72,78.22,Cash
2948,2023-03-23 03:00:00,2619,Keyboard,3,881.55,2561.95,82.7,PayPal
3319,2023-04-07 14:00:00,2598,Laptop,1,1046.97,1046.3700000000001,0.6,Cash
3300,2023-04-06 19:00:00,2608,Headphones,1,1253.92,1171.0600000000002,82.86,PayPal
6023,2023-07-29 06:00:00,2773,Tablet,2,1805.15,3533.07,77.23,Cash
7420,2023-09-25 11:00:00,2536,Keyboard,2,660.9,1306.0,15.8,Credit Card
1209,2023-01-09 16:00:00,2837,Mouse,3,538.76,1561.52,54.76,PayPal
6937,2023-09-05 08:00:00,2369,Tablet,1,1279.46,1237.76,41.7,Debit Card
5203,2023-06-25 02:00:00,2456,Keyboard,4,1453.41,5732.860000000001,80.78,Debit Card
8770,2023-11-20 17:00:00,2630,Tablet,4,1428.1,5631.16,81.24,Credit Card
1529,2023-01-23 00:00:00,2807,Tablet,3,677.24,1956.04,75.68,Debit Card
2234,2023-02-21 09:00:00,2638,Tablet,2,882.9,1696.36,69.44,Debit Card
1780,2023-02-02 11:00:00,2889,Mouse,1,275.64,176.76999999999998,98.87,Credit Card
1723,2023-01-31 02:00:00,2514,Laptop,3,1369.51,4054.5199999999995,54.01,Debit Card
7998,2023-10-19 13:00:00,2034,Keyboard,2,1245.35,2488.98,1.72,Debit Card
4648,2023-06-01 23:00:00,2015,Monitor,3,947.12,2813.59,27.77,Credit Card
2861,2023-03-19 12:00:00,2470,Mouse,3,754.22,2196.5699999999997,66.09,PayPal
9855,2024-01-04 22:00:00,2001,Keyboard,1,1626.05,1546.67,79.38,Credit Card
7631,2023-10-04 06:00:00,2388,Tablet,1,1581.27,1571.95,9.32,Debit Card
7389,2023-09-24 04:00:00,2143,Mouse,3,1950.02,5755.0599999999995,95.0,Cash
8260,2023-10-30 11:00:00,2369,Keyboard,4,1935.69,7721.33,21.43,Debit Card
2993,2023-03-25 00:00:00,2432,Laptop,4,1504.17,6014.56,2.12,Debit Card
3333,2023-04-08 04:00:00,2907,Tablet,1,370.5,288.32,82.18,Credit Card
6698,2023-08-26 09:00:00,2410,Monitor,3,209.37,580.26,47.85,Debit Card
9017,2023-12-01 00:00:00,2624,Laptop,3,490.44,1447.05,24.27,Debit Card
10239,2024-01-20 22:00:00,2958,Headphones,4,1267.02,5024.54,43.54,Credit Card
8552,2023-11-11 15:00:00,2739,Keyboard,1,1596.44,1544.2,52.24,Cash
1093,2023-01-04 20:00:00,2606,Laptop,3,92.71,276.13,2.0,PayPal
3472,2023-04-13 23:00:00,2143,Monitor,2,,3081.7799999999997,56.32,Credit Card
9219,2023-12-09 10:00:00,2689,Keyboard,3,1328.13,3903.3900000000003,81.0,Debit Card
8872,2023-11-24 23:00:00,2499,Tablet,1,993.5,988.16,5.34,Cash
6144,2023-08-03 07:00:00,2040,Mouse,1,541.14,491.77,49.37,Cash
6211,2023-08-06 02:00:00,2206,Mouse,4,820.47,3256.86,25.02,PayPal
2397,2023-02-28 04:00:00,2682,Mouse,1,319.25,263.78,55.47,Credit Card
2490,2023-03-04 01:00:00,2795,Laptop,2,,572.47,75.93,PayPal
2316,2023-02-24 19:00:00,2682,Monitor,4,1565.61,6245.29,17.15,Debit Card
3885,2023-05-01 04:00:00,2363,Mouse,2,798.43,1595.6399999999999,1.22,Debit Card
10110,2024-01-15 13:00:00,2222,Headphones,2,1707.24,3350.89,63.59,nan
2043,2023-02-13 10:00:00,2013,Mouse,2,524.43,980.9099999999999,67.95,nan
6381,2023-08-13 04:00:00,2684,Tablet,3,648.46,1940.1000000000001,5.28,Credit Card
5049,2023-06-18 16:00:00,2712,Laptop,2,507.61,985.4100000000001,29.81,Credit Card
9038,2023-12-01 21:00:00,2261,Mouse,1,699.46,644.47,54.99,Debit Card
1258,2023-01-11 17:00:00,2068,Tablet,1,62.67,57.88,4.79,Credit Card
8852,2023-11-24 03:00:00,2368,Laptop,4,1410.73,5576.06,66.86,Cash
9069,2023-12-03 04:00:00,2345,Headphones,4,1123.76,4422.8,72.24,Credit Card
10050,2024-01-13 01:00:00,2228,Tablet,2,181.42,337.7,25.14,nan
9409,2023-12-17 08:00:00,2422,Keyboard,4,976.0,3868.95,35.05,Credit Card
3836,2023-04-29 03:00:00,2527,Keyboard,1,424.44,381.06,43.38,Debit Card
6533,2023-08-19 12:00:00,2224,Tablet,4,1035.54,4113.97,28.19,PayPal
3090,2023-03-29 01:00:00,2677,Laptop,4,575.0,2247.59,52.41,PayPal
1703,2023-01-30 06:00:00,2334,Tablet,4,1105.27,4377.83,43.25,Cash
8601,2023-11-13 16:00:00,2189,Keyboard,4,1722.51,6804.99,85.05,Cash
1504,2023-01-21 23:00:00,2009,Headphones,3,208.29,586.88,37.99,Cash
6557,2023-08-20 12:00:00,2405,Headphones,1,213.72,136.87,76.85,Cash
10263,2024-01-21 22:00:00,2472,Tablet,2,1933.59,3800.94,66.24,Credit Card
2346,2023-02-26 01:00:00,2592,Mouse,1,635.97,568.1800000000001,67.79,Debit Card
7245,2023-09-18 04:00:00,2960,Mouse,3,1669.75,,3.23,Credit Card
7483,2023-09-28 02:00:00,2550,Mouse,3,1706.2,5026.26,92.34,PayPal
3249,2023-04-04 16:00:00,2137,Headphones,2,1209.05,2319.88,98.22,PayPal
6528,2023-08-19 07:00:00,2290,Tablet,2,744.49,1474.73,14.25,Debit Card
8278,2023-10-31 05:00:00,2534,Monitor,3,805.33,2353.7200000000003,62.27,Debit Card
1373,2023-01-16 12:00:00,2406,Tablet,1,1516.53,1509.17,7.36,Credit Card
9871,2024-01-05 14:00:00,2899,Keyboard,2,1484.16,2883.9,84.42,PayPal
5114,2023-06-21 09:00:00,2882,Keyboard,3,1598.85,4744.039999999999,52.51,Cash
3007,2023-03-25 14:00:00,2322,Monitor,3,858.82,2506.17,70.29,Debit Card
6121,2023-08-02 08:00:00,2393,Tablet,1,1684.81,1640.8799999999999,43.93,Cash
7951,2023-10-17 14:00:00,2835,Headphones,2,679.3,1315.34,43.26,PayPal
5711,2023-07-16 06:00:00,2188,Mouse,1,1097.49,1054.82,42.67,Cash
5399,2023-07-03 06:00:00,2568,Mouse,4,1072.95,4195.84,95.96,Cash
9068,2023-12-03 03:00:00,2729,Monitor,2,1738.69,3446.9100000000003,30.47,PayPal
7729,2023-10-08 08:00:00,2743,Mouse,4,433.9,1703.1299999999999,32.47,Credit Card
3103,2023-03-29 14:00:00,2982,Mouse,1,1282.63,1196.9,85.73,Debit Card
1998,2023-02-11 13:00:00,2804,Mouse,3,1084.76,3173.54,80.74,Credit Card
9597,2023-12-25 04:00:00,2137,Monitor,4,1131.25,4500.02,24.98,Credit Card
5303,2023-06-29 06:00:00,2122,Keyboard,3,1824.54,5413.29,60.33,Cash
2177,2023-02-19 00:00:00,2682,Tablet,1,1389.65,1325.76,63.89,PayPal
1552,2023-01-23 23:00:00,2775,Monitor,2,1887.27,3722.47,52.07,Debit Card
1745,2023-02-01 00:00:00,2012,Mouse,3,846.16,2460.61,77.87,Cash
7178,2023-09-15 09:00:00,2201,Mouse,2,1222.41,2428.6400000000003,16.18,Credit Card
4785,2023-06-07 16:00:00,2345,Headphones,2,1560.34,3078.0,42.68,PayPal
6768,2023-08-29 07:00:00,2685,Laptop,1,1891.54,1874.58,16.96,Cash
4890,2023-06-12 01:00:00,2332,Mouse,3,1751.99,5255.08,0.89,Cash
5177,2023-06-24 00:00:00,2193,Keyboard,4,597.81,2379.7,11.54,PayPal
6724,2023-08-27 11:00:00,2524,Laptop,4,1321.76,5234.19,52.85,Debit Card
8591,2023-11-13 06:00:00,2901,Mouse,4,392.23,1565.39,3.53,Credit Card
9308,2023-12-13 03:00:00,2861,Keyboard,3,837.54,2452.54,60.08,PayPal
9277,2023-12-11 20:00:00,2907,Monitor,3,1697.04,5037.55,53.57,PayPal
10740,2024-02-10 19:00:00,2211,Laptop,1,843.78,829.43,14.35,PayPal
5396,2023-07-03 03:00:00,2214,Keyboard,3,1452.83,4269.59,88.9,PayPal
6951,2023-09-05 22:00:00,2734,Keyboard,1,350.54,264.32000000000005,86.22,Cash
7052,2023-09-10 03:00:00,2710,Tablet,1,,1640.57,1.97,Debit Card
6527,2023-08-19 06:00:00,2461,Headphones,2,1912.56,3766.0099999999998,59.11,Cash
5078,2023-06-19 21:00:00,2792,Monitor,4,1909.38,7630.2300000000005,7.29,Debit Card
1694,2023-01-29 21:00:00,2289,Monitor,1,966.91,956.67,10.24,Debit Card
3534,2023-04-16 13:00:00,2230,Headphones,2,1343.06,2606.21,79.91,Debit Card
9261,2023-12-11 04:00:00,2177,Tablet,3,1453.44,4335.65,24.67,Debit Card
1983,2023-02-10 22:00:00,2093,Headphones,4,115.86,412.57,50.87,PayPal
4435,2023-05-24 02:00:00,2668,Tablet,3,368.87,1021.4200000000001,85.19,Cash
1080,2023-01-04 07:00:00,2523,Monitor,2,1535.18,2994.79,75.57,Credit Card
5514,2023-07-08 01:00:00,2779,Keyboard,1,1533.81,1504.4199999999998,29.39,Debit Card
4942,2023-06-14 05:00:00,2396,Headphones,2,1606.66,3160.0,53.32,Credit Card
8200,2023-10-27 23:00:00,2454,Tablet,4,1496.25,5900.83,84.17,Debit Card
3267,2023-04-05 10:00:00,2590,Tablet,2,1622.24,3207.22,37.26,Cash
8416,2023-11-05 23:00:00,2878,Keyboard,4,77.68,292.53000000000003,18.19,PayPal
10727,2024-02-10 06:00:00,2623,Headphones,3,604.24,1757.03,55.69,Cash
6501,2023-08-18 04:00:00,2042,Laptop,1,228.92,154.45,74.47,Debit Card
1262,2023-01-11 21:00:00,2453,Laptop,1,611.85,562.22,49.63,Cash
3143,2023-03-31 06:00:00,2709,Laptop,3,1371.55,4068.91,45.74,Credit Card
7999,2023-10-19 14:00:00,2637,Tablet,1,199.42,182.01,17.41,PayPal
3269,2023-04-05 12:00:00,2225,Tablet,4,1138.03,4499.4,52.72,Credit Card
1446,2023-01-19 13:00:00,2964,Laptop,1,1563.38,1534.13,29.25,PayPal
6690,2023-08-26 01:00:00,2478,Monitor,1,335.64,242.08999999999997,93.55,Cash
7074,2023-09-11 01:00:00,2754,Tablet,3,1690.42,5070.1,1.16,Cash
10912,2024-02-17 23:00:00,2750,Monitor,1,61.41,-9.070000000000007,70.48,PayPal
8924,2023-11-27 03:00:00,2327,Keyboard,1,864.97,766.38,98.59,PayPal
6915,2023-09-04 10:00:00,2027,Tablet,3,202.05,560.7700000000001,45.38,Debit Card
4873,2023-06-11 08:00:00,2822,Headphones,2,1747.03,3418.44,75.62,PayPal
2702,2023-03-12 21:00:00,2991,Headphones,1,1209.88,1167.43,42.45,PayPal
4329,2023-05-19 16:00:00,2682,Headphones,1,1294.97,1226.76,68.21,Cash
3527,2023-04-16 06:00:00,2493,Laptop,1,806.19,760.2800000000001,45.91,Cash
9659,2023-12-27 18:00:00,2428,Mouse,2,453.68,840.5600000000001,66.8,PayPal
8234,2023-10-29 09:00:00,2490,Mouse,3,430.21,1229.26,61.37,PayPal
1069,2023-01-03 20:00:00,2572,Laptop,4,1469.95,5813.35,66.45,Credit Card
2169,2023-02-18 16:00:00,2757,Mouse,4,1059.97,4169.7,70.18,PayPal
1049,2023-01-03 00:00:00,2306,Monitor,1,1118.71,1042.8400000000001,75.87,Cash
2054,2023-02-13 21:00:00,2984,Mouse,1,1966.43,1945.91,20.52,PayPal
1085,2023-01-04 12:00:00,2239,Tablet,1,784.55,690.52,94.03,Cash
4150,2023-05-12 05:00:00,2888,Keyboard,3,925.92,2678.24,99.52,Credit Card
1881,2023-02-06 16:00:00,2521,Mouse,2,1486.66,2929.21,44.11,Cash
3652,2023-04-21 11:00:00,2256,Tablet,2,1354.43,2666.27,42.59,Debit Card
8175,2023-10-26 22:00:00,2740,Tablet,1,1589.34,1558.99,30.35,PayPal
3440,2023-04-12 15:00:00,2876,Laptop,1,477.56,416.6,60.96,Cash
9366,2023-12-15 13:00:00,2727,Laptop,1,1799.15,1729.7900000000002,69.36,Cash
7066,2023-09-10 17:00:00,2394,Laptop,1,779.12,734.9,44.22,Debit Card
2468,2023-03-03 03:00:00,2604,Laptop,1,421.49,339.13,82.36,Credit Card
8247,2023-10-29 22:00:00,2417,Mouse,2,1552.06,3025.02,79.1,PayPal
10656,2024-02-07 07:00:00,2017,Tablet,3,1768.67,5290.320000000001,15.69,Credit Card
3442,2023-04-12 17:00:00,2316,Keyboard,2,255.54,496.96,14.12,Cash
6228,2023-08-06 19:00:00,2678,Keyboard,3,1439.04,4277.69,39.43,Credit Card
1231,2023-01-10 14:00:00,2254,Headphones,1,1820.83,1750.76,70.07,PayPal
2321,2023-02-25 00:00:00,2240,Monitor,4,77.1,215.34999999999997,93.05,Credit Card
1042,2023-01-02 17:00:00,2954,Keyboard,1,1188.67,1140.6000000000001,48.07,Cash
4040,2023-05-07 15:00:00,2816,Mouse,3,1451.69,4308.8099999999995,46.26,PayPal
1778,2023-02-02 09:00:00,2955,Keyboard,2,686.6,1282.43,90.77,PayPal
10404,2024-01-27 19:00:00,2466,Headphones,4,1670.53,6618.78,63.34,Credit Card
3373,2023-04-09 20:00:00,2822,Laptop,3,979.11,2860.81,76.52,Cash
2730,2023-03-14 01:00:00,2892,Mouse,2,362.23,643.3100000000001,81.15,Debit Card
10876,2024-02-16 11:00:00,2039,Monitor,2,1415.24,2777.59,52.89,Cash
1580,2023-01-25 03:00:00,2874,Headphones,4,1998.92,7950.12,45.56,Debit Card
5399,2023-07-03 06:00:00,2568,Mouse,4,1072.95,4195.84,95.96,Cash
7844,2023-10-13 03:00:00,2207,Headphones,4,565.62,2230.46,32.02,Debit Card
4079,2023-05-09 06:00:00,2192,Monitor,2,844.82,1598.47,91.17,Cash
8324,2023-11-02 03:00:00,2932,Tablet,3,1324.47,3952.56,20.85,Cash
4738,2023-06-05 17:00:00,2452,Tablet,2,1515.49,2961.91,69.07,Credit Card
3868,2023-04-30 11:00:00,2290,Tablet,4,744.99,2947.7200000000003,32.24,Credit Card
2492,2023-03-04 03:00:00,2011,Keyboard,3,313.82,865.5400000000001,75.92,Credit Card
9290,2023-12-12 09:00:00,2814,Headphones,3,1320.13,3894.4500000000003,65.94,Cash
7224,2023-09-17 07:00:00,2436,Mouse,1,279.21,256.65,22.56,Credit Card
1062,2023-01-03 13:00:00,2774,Monitor,3,1933.86,5737.83,63.75,Credit Card
2563,2023-03-07 02:00:00,2818,Tablet,1,230.56,143.76999999999998,86.79,PayPal
10885,2024-02-16 20:00:00,2879,Monitor,4,1259.69,4987.570000000001,51.19,Credit Card
8249,2023-10-30 00:00:00,2748,Tablet,2,1019.52,1958.69,80.35,PayPal
1403,2023-01-17 18:00:00,2879,Keyboard,1,604.33,572.48,31.85,Cash
1333,2023-01-14 20:00:00,2854,Keyboard,3,1335.95,3937.3300000000004,70.52,Debit Card
3085,2023-03-28 20:00:00,2083,Monitor,3,1453.01,4336.139999999999,22.89,PayPal
4058,2023-05-08 09:00:00,2639,Laptop,1,1537.49,1460.26,77.23,Credit Card
8355,2023-11-03 10:00:00,2442,Laptop,3,1777.13,5311.58,19.81,PayPal
10865,2024-02-16 00:00:00,2780,Headphones,3,1448.09,4331.419999999999,12.85,Debit Card
6771,2023-08-29 10:00:00,2782,Headphones,3,799.46,2322.59,75.79,Credit Card
1165,2023-01-07 20:00:00,2397,Monitor,2,1212.28,,55.69,Cash
5708,2023-07-16 03:00:00,2256,Keyboard,3,250.54,717.02,34.6,Credit Card
3716,2023-04-24 03:00:00,2830,Mouse,3,1790.04,5299.15,70.97,Debit Card
10376,2024-01-26 15:00:00,2794,Monitor,4,1730.95,6878.12,45.68,PayPal
10277,2024-01-22 12:00:00,2678,Headphones,2,254.35,412.71999999999997,95.98,Credit Card
7413,2023-09-25 04:00:00,2555,Tablet,3,1548.77,4556.07,90.24,Cash
4318,2023-05-19 05:00:00,2379,Headphones,3,192.07,508.27000000000004,67.94,Cash
8448,2023-11-07 07:00:00,2384,Laptop,1,1771.89,1768.18,3.71,nan
3756,2023-04-25 19:00:00,2256,Laptop,3,29.33,42.489999999999995,45.5,Cash
7051,2023-09-10 02:00:00,2780,Keyboard,4,586.03,2272.98,71.14,Cash
8802,2023-11-22 01:00:00,2642,Laptop,2,1774.37,3465.91,82.83,Credit Card
2335,2023-02-25 14:00:00,2428,Monitor,2,996.73,1975.82,17.64,Debit Card
8986,2023-11-29 17:00:00,2729,Headphones,3,1276.23,3729.35,99.34,Cash
3865,2023-04-30 08:00:00,2138,Laptop,3,1062.58,3183.4799999999996,4.26,Credit Card
2660,2023-03-11 03:00:00,2203,Tablet,1,950.29,950.11,0.18,Cash
1077,2023-01-04 04:00:00,2264,Tablet,3,461.48,1367.06,17.38,Debit Card
1754,2023-02-01 09:00:00,2271,Tablet,1,600.28,517.86,82.42,PayPal
4065,2023-05-08 16:00:00,2176,Keyboard,3,519.68,1526.77,32.27,PayPal
8303,2023-11-01 06:00:00,2315,Laptop,1,830.63,748.11,82.52,PayPal
8749,2023-11-19 20:00:00,2288,Headphones,1,899.28,874.93,24.35,Debit Card
10336,2024-01-24 23:00:00,2224,Keyboard,3,1541.17,4547.01,76.5,PayPal
1707,2023-01-30 10:00:00,2301,Monitor,4,196.41,730.78,54.86,Debit Card
3974,2023-05-04 21:00:00,2628,Monitor,4,95.75,288.51,94.49,PayPal
5050,2023-06-18 17:00:00,2998,Tablet,4,1934.95,7709.97,29.83,PayPal
9137,2023-12-06 00:00:00,2169,Headphones,3,467.78,1396.6799999999998,6.66,Credit Card
9987,2024-01-10 10:00:00,2299,Headphones,4,1885.78,7521.37,21.75,Credit Card
10029,2024-01-12 04:00:00,2092,Headphones,4,109.63,376.32,62.2,PayPal
3616,2023-04-19 23:00:00,2173,Monitor,3,1661.98,4889.43,96.51,Credit Card
3754,2023-04-25 17:00:00,2270,Mouse,1,1660.17,1613.8200000000002,46.35,Debit Card
4152,2023-05-12 07:00:00,2595,Mouse,1,1976.68,1930.8200000000002,45.86,Credit Card
5188,2023-06-24 11:00:00,2747,Laptop,1,100.24,98.35,1.89,Cash
1252,2023-01-11 11:00:00,2280,Headphones,1,1635.17,1557.3500000000001,77.82,PayPal
10439,2024-01-29 06:00:00,2849,Headphones,1,1415.75,1341.5,74.25,Credit Card
2835,2023-03-18 10:00:00,2312,Keyboard,1,606.48,599.51,6.97,PayPal
5404,2023-07-03 11:00:00,2429,Headphones,4,1903.4,7581.030000000001,32.57,Debit Card
8821,2023-11-22 20:00:00,2140,Tablet,1,850.5,753.0,97.5,Credit Card
5415,2023-07-03 22:00:00,2329,Laptop,3,523.73,1507.0900000000001,64.1,Debit Card
6083,2023-07-31 18:00:00,2537,Tablet,1,1082.65,1007.4000000000001,75.25,Debit Card
8268,2023-10-30 19:00:00,2305,Monitor,2,,2277.03,55.47,PayPal
9044,2023-12-02 03:00:00,2494,Monitor,2,1817.91,3608.59,27.23,Cash
8690,2023-11-17 09:00:00,2157,Monitor,1,759.82,711.26,48.56,Debit Card
9024,2023-12-01 07:00:00,2391,Laptop,4,1542.06,6090.469999999999,77.77,Debit Card
4773,2023-06-07 04:00:00,2852,Monitor,2,1977.22,3922.09,32.35,Cash
6988,2023-09-07 11:00:00,2103,Tablet,3,745.51,2225.35,11.18,Credit Card
3263,2023-04-05 06:00:00,2248,Headphones,4,358.49,1426.56,7.4,PayPal
3247,2023-04-04 14:00:00,2306,Headphones,4,348.64,1366.8899999999999,27.67,Credit Card
1836,2023-02-04 19:00:00,2385,Keyboard,4,1331.14,5240.660000000001,83.9,Debit Card
9811,2024-01-03 02:00:00,2092,Monitor,4,1024.26,4071.27,25.77,Debit Card
10114,2024-01-15 17:00:00,2674,Mouse,4,635.19,2458.69,82.07,PayPal
1433,2023-01-19 00:00:00,2242,Monitor,3,1998.85,5984.879999999999,11.67,Cash
10446,2024-01-29 13:00:00,2216,Keyboard,4,561.09,2210.9900000000002,33.37,Cash
2174,2023-02-18 21:00:00,2089,Laptop,2,271.85,527.24,16.46,Credit Card
9896,2024-01-06 15:00:00,2386,Laptop,4,78.82,309.34999999999997,5.93,Cash
6363,2023-08-12 10:00:00,2871,Monitor,3,,3314.9799999999996,82.67,Credit Card
4681,2023-06-03 08:00:00,2628,Tablet,3,575.01,1659.81,65.22,Credit Card
9146,2023-12-06 09:00:00,2733,Mouse,2,497.24,916.26,78.22,Debit Card
6442,2023-08-15 17:00:00,2399,Monitor,1,507.52,467.11,40.41,Credit Card
2194,2023-02-19 17:00:00,2518,Tablet,2,154.12,298.43,9.81,Cash
8683,2023-11-17 02:00:00,2230,Laptop,1,225.76,174.73,51.03,Credit Card
3907,2023-05-02 02:00:00,2663,Mouse,1,1988.12,1896.07,92.05,Debit Card
9731,2023-12-30 18:00:00,2397,Headphones,2,765.93,1465.9599999999998,65.9,PayPal
4466,2023-05-25 09:00:00,2241,Mouse,3,619.44,,89.46,Debit Card
6854,2023-09-01 21:00:00,2013,Keyboard,2,1362.91,2709.04,16.78,Credit Card
4239,2023-05-15 22:00:00,2929,Keyboard,4,216.28,797.45,67.67,Debit Card
9511,2023-12-21 14:00:00,2348,Headphones,4,223.15,866.1700000000001,26.43,PayPal
8372,2023-11-04 03:00:00,2874,Monitor,1,300.91,216.74,84.17,Cash
8106,2023-10-24 01:00:00,2558,Tablet,2,1025.16,2005.9,44.42,nan
7735,2023-10-08 14:00:00,2395,Monitor,4,224.16,845.56,51.08,PayPal
7488,2023-09-28 07:00:00,2717,Tablet,3,416.57,1206.65,43.06,Cash
3730,2023-04-24 17:00:00,2544,Laptop,2,1980.96,3919.79,42.13,PayPal
6999,2023-09-07 22:00:00,2264,Headphones,4,1374.04,,37.64,Debit Card
5157,2023-06-23 04:00:00,2113,Monitor,2,,2497.33,57.11,PayPal
1434,2023-01-19 01:00:00,2656,Keyboard,3,,2819.22,6.69,Cash
7085,2023-09-11 12:00:00,2518,Headphones,2,1642.02,3257.0099999999998,27.03,Debit Card
10454,2024-01-29 21:00:00,2456,Mouse,2,1093.0,2171.18,14.82,nan
8753,2023-11-20 00:00:00,2522,Keyboard,3,1952.75,5795.06,63.19,Cash
10552,2024-02-02 23:00:00,2260,Headphones,1,921.16,897.43,23.73,Cash
1105,2023-01-05 08:00:00,2470,Headphones,2,91.95,110.83000000000001,73.07,PayPal
8144,2023-10-25 15:00:00,2421,Headphones,1,274.62,273.15,1.47,Debit Card
2657,2023-03-11 00:00:00,2338,Keyboard,4,1770.92,7076.240000000001,7.44,Credit Card
8539,2023-11-11 02:00:00,2203,Laptop,4,1198.8,4710.28,84.92,Credit Card
2534,2023-03-05 21:00:00,2214,Headphones,2,1052.9,2021.9300000000003,83.87,Credit Card
3987,2023-05-05 10:00:00,2031,Laptop,1,755.97,723.4100000000001,32.56,PayPal
6191,2023-08-05 06:00:00,2440,Monitor,2,1867.4,3726.0,8.8,Debit Card
2333,2023-02-25 12:00:00,2729,Keyboard,3,1586.03,4684.67,73.42,Cash
6999,2023-09-07 22:00:00,2264,Headphones,4,1374.04,,37.64,Debit Card
10497,2024-01-31 16:00:00,2592,Mouse,3,1134.36,3331.02,72.06,Credit Card
10476,2024-01-30 19:00:00,2001,Mouse,2,1842.22,3674.12,10.32,Debit Card
2444,2023-03-02 03:00:00,2197,Laptop,4,1274.14,5074.3,22.26,PayPal
4556,2023-05-29 03:00:00,2977,Keyboard,1,876.22,846.9300000000001,29.29,Credit Card
1215,2023-01-09 22:00:00,2462,Keyboard,3,1176.56,3520.93,8.75,Cash
4353,2023-05-20 16:00:00,2733,Headphones,3,329.08,950.0,37.24,Credit Card
8846,2023-11-23 21:00:00,2731,Monitor,3,844.73,2521.57,12.62,PayPal
1848,2023-02-05 07:00:00,2824,Laptop,3,1788.46,5279.85,85.53,Cash
3911,2023-05-02 06:00:00,2360,Headphones,2,547.18,1029.9399999999998,64.42,Cash
5983,2023-07-27 14:00:00,2138,Mouse,3,63.71,174.12,17.01,Cash
9317,2023-12-13 12:00:00,2744,Monitor,4,1692.59,6738.15,32.21,PayPal
2420,2023-03-01 03:00:00,2256,Tablet,3,1114.13,3320.5800000000004,21.81,Debit Card
4943,2023-06-14 06:00:00,2090,Tablet,2,328.32,572.75,83.89,PayPal
9895,2024-01-06 14:00:00,2373,Monitor,2,119.92,178.94,60.9,PayPal
1182,2023-01-08 13:00:00,2705,Mouse,2,1377.03,2687.4,66.66,PayPal
10177,2024-01-18 08:00:00,2035,Monitor,2,1876.89,3716.48,37.3,PayPal
10413,2024-01-28 04:00:00,2394,Laptop,2,716.64,1385.71,47.57,Debit Card
3447,2023-04-12 22:00:00,2214,Monitor,2,396.03,772.4499999999999,19.61,Credit Card
6911,2023-09-04 06:00:00,2406,Monitor,3,1558.71,4662.99,13.14,Cash
4529,2023-05-28 00:00:00,2855,Monitor,3,1839.63,5461.85,57.04,Cash
7301,2023-09-20 12:00:00,2228,Laptop,1,,1378.85,55.47,Debit Card
5223,2023-06-25 22:00:00,2408,Keyboard,4,155.98,608.9,15.02,Debit Card
4729,2023-06-05 08:00:00,2377,Keyboard,1,398.67,344.11,54.56,Debit Card
9491,2023-12-20 18:00:00,2604,Tablet,1,529.45,497.64000000000004,31.81,PayPal
4173,2023-05-13 04:00:00,2359,Headphones,1,1935.2,1914.7,20.5,Credit Card
2224,2023-02-20 23:00:00,2500,Tablet,2,1955.35,3892.99,17.71,Cash
6428,2023-08-15 03:00:00,2809,Monitor,1,1773.59,1732.6399999999999,40.95,Cash
1071,2023-01-03 22:00:00,2523,Laptop,3,1940.7,5787.370000000001,34.73,Credit Card
1545,2023-01-23 16:00:00,2831,Monitor,4,1380.83,5471.62,51.7,PayPal
2205,2023-02-20 04:00:00,2555,Monitor,2,1061.84,2082.2999999999997,41.38,Debit Card
6667,2023-08-25 02:00:00,2959,Headphones,1,1332.33,1264.59,67.74,PayPal
5337,2023-06-30 16:00:00,2698,Laptop,3,1695.6,5001.749999999999,85.05,Credit Card
10567,2024-02-03 14:00:00,2291,Keyboard,4,1242.98,4967.3,4.62,Credit Card
4147,2023-05-12 02:00:00,2432,Monitor,3,199.86,586.5400000000001,13.04,Debit Card
3638,2023-04-20 21:00:00,2956,Laptop,3,212.76,593.26,45.02,Credit Card
9895,2024-01-06 14:00:00,2373,Monitor,2,119.92,178.94,60.9,PayPal
10241,2024-01-21 00:00:00,2948,Laptop,1,519.09,420.01000000000005,99.08,Credit Card
9745,2023-12-31 08:00:00,2284,Mouse,3,298.61,874.21,21.62,Credit Card
5746,2023-07-17 17:00:00,2410,Keyboard,3,257.59,679.5699999999999,93.2,PayPal
6911,2023-09-04 06:00:00,2406,Monitor,3,1558.71,4662.99,13.14,Cash
10153,2024-01-17 08:00:00,2427,Headphones,4,698.44,2709.1800000000003,84.58,Cash
6875,2023-09-02 18:00:00,2385,Keyboard,4,439.99,1742.1200000000001,17.84,Debit Card
1878,2023-02-06 13:00:00,2489,Keyboard,3,1946.94,5808.84,31.98,Credit Card
9614,2023-12-25 21:00:00,2392,Headphones,4,1300.23,5170.11,30.81,Cash
1197,2023-01-09 04:00:00,2819,Keyboard,1,104.84,103.95,0.89,Cash
1102,2023-01-05 05:00:00,2542,Mouse,3,1054.34,3108.9099999999994,54.11,Credit Card
4384,2023-05-21 23:00:00,2390,Laptop,4,1823.27,7291.97,1.11,PayPal
5047,2023-06-18 14:00:00,2487,Mouse,4,1267.89,4981.14,90.42,Debit Card
7968,2023-10-18 07:00:00,2634,Mouse,3,1681.79,5015.44,29.93,PayPal
3998,2023-05-05 21:00:00,2787,Headphones,1,442.19,393.8,48.39,Credit Card
3572,2023-04-18 03:00:00,2093,Tablet,2,1312.9,2538.02,87.78,Debit Card
5340,2023-06-30 19:00:00,2739,Keyboard,2,558.07,1085.66,30.48,Cash
10196,2024-01-19 03:00:00,2399,Headphones,3,1411.86,4213.07,22.51,Debit Card
10062,2024-01-13 13:00:00,2761,Keyboard,1,1513.17,,16.0,Credit Card
10840,2024-02-14 23:00:00,2069,Mouse,4,1479.65,5915.75,2.85,Debit Card
7825,2023-10-12 08:00:00,2552,Mouse,4,1719.01,,84.64,nan
6313,2023-08-10 08:00:00,2676,Tablet,2,1530.39,3029.09,31.69,Cash
6929,2023-09-05 00:00:00,2960,Keyboard,1,1260.67,1212.44,48.23,nan
10002,2024-01-11 01:00:00,2782,Tablet,2,453.85,882.74,24.96,Debit Card
4709,2023-06-04 12:00:00,2770,Tablet,2,1516.04,2965.84,66.24,Debit Card
3869,2023-04-30 12:00:00,2065,Monitor,1,653.11,612.5600000000001,40.55,Credit Card
3719,2023-04-24 06:00:00,2838,Tablet,4,707.12,2810.21,18.27,PayPal
10091,2024-01-14 18:00:00,2062,Monitor,3,1154.56,3454.8999999999996,8.78,PayPal
7625,2023-10-04 00:00:00,2694,Mouse,2,196.0,352.71,39.29,Debit Card
10458,2024-01-30 01:00:00,2971,Laptop,2,607.84,1211.94,3.74,Cash
4520,2023-05-27 15:00:00,2058,Monitor,2,1150.75,2285.53,15.97,Debit Card
1189,2023-01-08 20:00:00,2668,Mouse,3,1673.22,4927.36,92.3,Credit Card
8631,2023-11-14 22:00:00,2413,Keyboard,3,1815.97,5425.87,22.04,Cash
9170,2023-12-07 09:00:00,2105,Headphones,4,1056.36,4162.129999999999,63.31,PayPal
3683,2023-04-22 18:00:00,2201,Headphones,3,1099.69,3257.11,41.96,Cash
5899,2023-07-24 02:00:00,2847,Monitor,4,499.92,1953.7,45.98,nan
3509,2023-04-15 12:00:00,2021,Headphones,2,1811.43,3585.3900000000003,37.47,Credit Card
4853,2023-06-10 12:00:00,2051,Mouse,2,107.43,132.55,82.31,Cash
8792,2023-11-21 15:00:00,2309,Tablet,3,1364.54,4007.45,86.17,Cash
1219,2023-01-10 02:00:00,2863,Keyboard,4,1225.47,4889.04,12.84,Debit Card
6334,2023-08-11 05:00:00,2301,Laptop,4,731.01,2855.91,68.13,Cash
6800,2023-08-30 15:00:00,2981,Keyboard,2,,1335.8200000000002,44.86,Debit Card
8140,2023-10-25 11:00:00,2494,Mouse,2,739.77,1454.75,24.79,PayPal
3544,2023-04-16 23:00:00,2545,Laptop,2,,,15.43,Debit Card
10645,2024-02-06 20:00:00,2707,Monitor,1,854.81,775.51,79.3,Credit Card
2245,2023-02-21 20:00:00,2138,Mouse,3,870.7,2608.09,4.01,Cash
1421,2023-01-18 12:00:00,2076,Headphones,2,121.53,237.74,5.32,Cash
8660,2023-11-16 03:00:00,2604,Keyboard,2,1157.83,2261.77,53.89,Debit Card
9889,2024-01-06 08:00:00,2854,Headphones,3,543.8,1593.1999999999998,38.2,Credit Card
3059,2023-03-27 18:00:00,2008,Monitor,2,176.8,288.89000000000004,64.71,Debit Card
9913,2024-01-07 08:00:00,2448,Laptop,1,1026.32,973.78,52.54,Debit Card
8137,2023-10-25 08:00:00,2834,Tablet,4,1984.63,7921.42,17.1,Debit Card
5148,2023-06-22 19:00:00,2711,Laptop,2,1980.59,3923.06,38.12,PayPal
6000,2023-07-28 07:00:00,2972,Mouse,4,1173.22,4593.62,99.26,PayPal
2167,2023-02-18 14:00:00,2657,Tablet,3,640.57,1868.23,53.48,Debit Card
1255,2023-01-11 14:00:00,2737,Mouse,1,1842.4,1768.3000000000002,74.1,PayPal
7519,2023-09-29 14:00:00,2409,Monitor,2,455.97,898.0300000000001,13.91,Debit Card
1416,2023-01-18 07:00:00,2739,Headphones,3,362.85,1038.2600000000002,50.29,Debit Card
8183,2023-10-27 06:00:00,2367,Tablet,2,985.5,1886.37,84.63,Cash
10640,2024-02-06 15:00:00,2764,Keyboard,1,1940.35,1882.86,57.49,Cash
6618,2023-08-23 01:00:00,2433,Laptop,4,1355.47,5355.03,66.85,PayPal
10639,2024-02-06 14:00:00,2283,Monitor,2,1145.87,2218.75,72.99,PayPal
1760,2023-02-01 15:00:00,2524,Keyboard,1,1165.01,1068.32,96.69,Cash
2386,2023-02-27 17:00:00,2316,Tablet,4,1325.08,5276.83,23.49,Credit Card
1655,2023-01-28 06:00:00,2729,Keyboard,2,1001.78,1922.71,80.85,Cash
2202,2023-02-20 01:00:00,2864,Mouse,3,1421.17,4216.72,46.79,nan
3414,2023-04-11 13:00:00,2951,Laptop,3,1306.11,3877.35,40.98,Credit Card
9966,2024-01-09 13:00:00,2390,Laptop,1,1991.35,1921.27,70.08,Credit Card
9075,2023-12-03 10:00:00,2125,Monitor,2,,1136.4,76.78,Debit Card
6590,2023-08-21 21:00:00,2310,Laptop,4,959.06,3750.9199999999996,85.32,PayPal
4402,2023-05-22 17:00:00,2376,Keyboard,4,1705.81,6793.349999999999,29.89,PayPal
9695,2023-12-29 06:00:00,2411,Mouse,2,1169.93,,25.8,Cash
8939,2023-11-27 18:00:00,2719,Laptop,3,560.3,1594.4899999999998,86.41,Credit Card
4747,2023-06-06 02:00:00,2601,Monitor,2,1154.41,2307.94,0.88,Debit Card
4045,2023-05-07 20:00:00,2913,Headphones,3,847.0,2477.02,63.98,Cash
3831,2023-04-28 22:00:00,2979,Mouse,3,1397.32,4174.4800000000005,17.48,PayPal
4647,2023-06-01 22:00:00,2564,Headphones,3,1079.67,3209.5200000000004,29.49,Credit Card
1329,2023-01-14 16:00:00,2564,Monitor,3,,5363.34,32.28,Debit Card
9532,2023-12-22 11:00:00,2760,Keyboard,2,1720.08,3395.87,44.29,Credit Card
10200,2024-01-19 07:00:00,2421,Mouse,2,978.51,1883.62,73.4,Credit Card
6212,2023-08-06 03:00:00,2836,Headphones,2,639.34,1227.29,51.39,Credit Card
7474,2023-09-27 17:00:00,2149,Headphones,4,1217.65,4852.410000000001,18.19,Credit Card
3064,2023-03-27 23:00:00,2852,Monitor,1,115.35,30.739999999999995,84.61,Debit Card
8289,2023-10-31 16:00:00,2155,Monitor,2,1028.49,2054.66,2.32,Debit Card
5481,2023-07-06 16:00:00,2855,Laptop,4,416.86,1589.66,77.78,nan
4034,2023-05-07 09:00:00,2591,Tablet,1,928.94,926.0600000000001,2.88,Cash
9810,2024-01-03 01:00:00,2025,Monitor,1,988.47,939.72,48.75,Credit Card
5081,2023-06-20 00:00:00,2814,Mouse,2,524.51,949.35,99.67,PayPal
7439,2023-09-26 06:00:00,2137,Tablet,2,900.08,,47.24,PayPal
5908,2023-07-24 11:00:00,2837,Keyboard,1,273.11,268.7,4.41,PayPal
2282,2023-02-23 09:00:00,2145,Laptop,1,946.68,865.1099999999999,81.57,Cash
4020,2023-05-06 19:00:00,2847,Mouse,4,1382.09,5455.42,72.94,Cash
4030,2023-05-07 05:00:00,2466,Laptop,3,1062.64,3153.04,34.88,PayPal
7334,2023-09-21 21:00:00,2116,Monitor,3,,3164.83,48.29,Cash
3637,2023-04-20 20:00:00,2782,Monitor,1,1066.34,1042.01,24.33,PayPal
7647,2023-10-04 22:00:00,2264,Headphones,1,669.81,630.6099999999999,39.2,PayPal
4835,2023-06-09 18:00:00,2737,Mouse,1,1619.96,1576.5,43.46,Credit Card
6351,2023-08-11 22:00:00,2650,Tablet,3,,1243.3000000000002,82.88,Credit Card
4019,2023-05-06 18:00:00,2791,Mouse,4,356.75,1405.17,21.83,Cash
3946,2023-05-03 17:00:00,2606,Laptop,2,1947.12,3841.37,52.87,PayPal
7774,2023-10-10 05:00:00,2959,Mouse,1,713.23,622.55,90.68,Cash
6401,2023-08-14 00:00:00,2632,Headphones,4,468.61,1776.23,98.21,Credit Card
8581,2023-11-12 20:00:00,2989,Keyboard,3,1381.32,4098.46,45.5,Cash
7500,2023-09-28 19:00:00,2131,Headphones,1,1598.79,1557.08,41.71,Credit Card
3664,2023-04-21 23:00:00,2349,Keyboard,1,1412.91,1409.52,3.39,PayPal
9697,2023-12-29 08:00:00,2296,Tablet,3,1109.18,3244.99,82.55,Debit Card
2283,2023-02-23 10:00:00,2679,Headphones,4,96.89,304.59000000000003,82.97,Cash
5190,2023-06-24 13:00:00,2459,Keyboard,3,1858.71,5559.61,16.52,Credit Card
2363,2023-02-26 18:00:00,2980,Tablet,2,,65.5,12.72,PayPal
7260,2023-09-18 19:00:00,2453,Tablet,2,1900.9,3704.86,96.94,Debit Card
5203,2023-06-25 02:00:00,2456,Keyboard,4,1453.41,5732.860000000001,80.78,Debit Card
2438,2023-03-01 21:00:00,2234,Keyboard,1,1962.71,1918.46,44.25,Cash
4482,2023-05-26 01:00:00,2666,Headphones,3,611.66,1755.72,79.26,Debit Card
9710,2023-12-29 21:00:00,2466,Headphones,1,,600.3000000000001,62.29,PayPal
5163,2023-06-23 10:00:00,2923,Laptop,2,137.58,188.25000000000003,86.91,Debit Card
1057,2023-01-03 08:00:00,2284,Tablet,2,1292.97,2492.91,93.03,Cash
6101,2023-08-01 12:00:00,2005,Laptop,1,556.0,469.3,86.7,Credit Card
9898,2024-01-06 17:00:00,2183,Mouse,4,770.79,3057.92,25.24,Credit Card
4650,2023-06-02 01:00:00,2796,Laptop,2,644.99,1228.8700000000001,61.11,Cash
2845,2023-03-18 20:00:00,2590,Keyboard,1,1517.52,1467.6299999999999,49.89,PayPal
6946,2023-09-05 17:00:00,2655,Monitor,1,1664.8,1662.78,2.02,Credit Card
10004,2024-01-11 03:00:00,2840,Keyboard,4,67.54,183.57000000000002,86.59,Debit Card
8616,2023-11-14 07:00:00,2916,Tablet,3,1473.72,4366.099999999999,55.06,Debit Card
3881,2023-05-01 00:00:00,2117,Tablet,3,273.12,733.9200000000001,85.44,Debit Card
2744,2023-03-14 15:00:00,2400,Mouse,4,915.3,3591.18,70.02,PayPal
4382,2023-05-21 21:00:00,2777,Tablet,1,59.64,-13.439999999999998,73.08,PayPal
9815,2024-01-03 06:00:00,2972,Laptop,1,1596.64,1525.5700000000002,71.07,PayPal
2303,2023-02-24 06:00:00,2304,Headphones,1,21.25,8.74,12.51,Cash
5635,2023-07-13 02:00:00,2459,Headphones,2,144.45,215.86999999999998,73.03,Debit Card
8132,2023-10-25 03:00:00,2949,Mouse,1,318.76,230.75,88.01,Credit Card
10386,2024-01-27 01:00:00,2548,Monitor,3,1725.01,5152.09,22.94,Debit Card
1741,2023-01-31 20:00:00,2543,Keyboard,4,639.35,2498.78,58.62,Cash
8068,2023-10-22 11:00:00,2969,Mouse,1,1380.92,1332.04,48.88,Debit Card
8904,2023-11-26 07:00:00,2116,Mouse,1,1533.02,1516.15,16.87,nan
6479,2023-08-17 06:00:00,2005,Headphones,3,954.95,2788.53,76.32,PayPal
2625,2023-03-09 16:00:00,2180,Monitor,2,1158.43,2242.9700000000003,73.89,Credit Card
1525,2023-01-22 20:00:00,2178,Mouse,3,1728.74,5118.92,67.3,Debit Card
8307,2023-11-01 10:00:00,2267,Tablet,2,1412.34,2790.6499999999996,34.03,Cash
6968,2023-09-06 15:00:00,2075,Tablet,1,1681.15,1618.23,62.92,Debit Card
4236,2023-05-15 19:00:00,2448,Headphones,2,,1969.4199999999998,52.94,PayPal
6435,2023-08-15 10:00:00,2396,Keyboard,1,50.97,-35.97,86.94,nan
4258,2023-05-16 17:00:00,2407,Monitor,3,409.49,1208.21,20.26,Credit Card
7024,2023-09-08 23:00:00,2394,Tablet,4,1875.16,7459.17,41.47,Cash
8418,2023-11-06 01:00:00,2029,Keyboard,4,326.06,1296.45,7.79,Credit Card
4929,2023-06-13 16:00:00,2926,Keyboard,2,1458.8,2831.41,86.19,Credit Card
1436,2023-01-19 03:00:00,2080,Monitor,4,1833.41,7303.29,30.35,PayPal
10810,2024-02-13 17:00:00,2414,Laptop,1,1188.7,1124.03,64.67,PayPal
8996,2023-11-30 03:00:00,2345,Mouse,3,1121.87,3270.4199999999996,95.19,Debit Card
1309,2023-01-13 20:00:00,2519,Keyboard,3,38.57,92.26,23.45,Cash
2566,2023-03-07 05:00:00,2535,Headphones,3,900.26,2659.3799999999997,41.4,Cash
3632,2023-04-20 15:00:00,2103,Keyboard,4,861.7,3424.3300000000004,22.47,PayPal
7209,2023-09-16 16:00:00,2550,Keyboard,2,1638.11,3178.41,97.81,Debit Card
7349,2023-09-22 12:00:00,2389,Tablet,2,448.45,828.3399999999999,68.56,Cash
1402,2023-01-17 17:00:00,2354,Headphones,3,155.23,451.05999999999995,14.63,PayPal
5388,2023-07-02 19:00:00,2848,Laptop,1,1028.69,957.21,71.48,PayPal
4069,2023-05-08 20:00:00,2139,Monitor,3,439.98,1258.19,61.75,Debit Card
1882,2023-02-06 17:00:00,2774,Tablet,3,392.64,1108.0500000000002,69.87,Debit Card
1435,2023-01-19 02:00:00,2908,Monitor,4,1625.22,6460.28,40.6,Cash
8883,2023-11-25 10:00:00,2504,Keyboard,2,71.0,105.1,36.9,Credit Card
4298,2023-05-18 09:00:00,2709,Tablet,2,672.35,1331.65,13.05,Debit Card
5008,2023-06-16 23:00:00,2730,Tablet,1,485.38,464.32,21.06,Debit Card
9064,2023-12-02 23:00:00,2717,Laptop,1,1538.78,1537.8799999999999,0.9,Cash
9823,2024-01-03 14:00:00,2542,Mouse,4,348.96,1320.6599999999999,75.18,Debit Card
7936,2023-10-16 23:00:00,2300,Mouse,2,1318.23,2563.62,72.84,nan
9260,2023-12-11 03:00:00,2969,Mouse,3,675.88,2020.1699999999998,7.47,Credit Card
7160,2023-09-14 15:00:00,2624,Laptop,1,1653.48,1589.19,64.29,Cash
1289,2023-01-13 00:00:00,2492,Tablet,4,1390.42,5492.51,69.17,PayPal
7028,2023-09-09 03:00:00,2532,Monitor,1,605.84,574.0600000000001,31.78,Debit Card
9740,2023-12-31 03:00:00,2450,Tablet,3,319.72,935.34,23.82,Debit Card
3624,2023-04-20 07:00:00,2276,Keyboard,2,32.97,-32.96000000000001,98.9,PayPal
8525,2023-11-10 12:00:00,2641,Laptop,4,1641.39,6531.6,33.96,PayPal
1477,2023-01-20 20:00:00,2254,Tablet,4,538.07,2151.48,0.8,Cash
8780,2023-11-21 03:00:00,2458,Headphones,4,672.33,2656.32,33.0,Credit Card
10615,2024-02-05 14:00:00,2282,Keyboard,4,1483.44,,48.79,Credit Card
1232,2023-01-10 15:00:00,2504,Keyboard,1,49.36,22.25,27.11,PayPal
4816,2023-06-08 23:00:00,2394,Mouse,4,1113.11,4361.75,90.69,Cash
4667,2023-06-02 18:00:00,2183,Monitor,4,1935.8,7645.87,97.33,PayPal
1738,2023-01-31 17:00:00,2953,Mouse,2,1409.64,2817.52,1.76,PayPal
10140,2024-01-16 19:00:00,2518,Tablet,2,863.07,1666.2900000000002,59.85,Cash
1843,2023-02-05 02:00:00,2979,Monitor,3,1977.86,5872.54,61.04,Debit Card
8349,2023-11-03 04:00:00,2049,Tablet,2,1786.43,3563.7400000000002,9.12,PayPal
7004,2023-09-08 03:00:00,2989,Mouse,4,554.38,2195.09,22.43,Cash
7170,2023-09-15 01:00:00,2074,Tablet,3,346.2,1005.4599999999999,33.14,Credit Card
6419,2023-08-14 18:00:00,2630,Monitor,1,1912.15,1909.0400000000002,3.11,Cash
4252,2023-05-16 11:00:00,2860,Monitor,2,1485.23,,94.73,Cash
5598,2023-07-11 13:00:00,2541,Laptop,4,1472.62,5873.129999999999,17.35,PayPal
6685,2023-08-25 20:00:00,2740,Monitor,2,362.16,,54.4,Cash
6126,2023-08-02 13:00:00,2779,Keyboard,4,257.78,945.0199999999999,86.1,PayPal
10259,2024-01-21 18:00:00,2754,Tablet,3,1826.9,5429.9400000000005,50.76,PayPal
2322,2023-02-25 01:00:00,2095,Monitor,4,688.65,2733.7799999999997,20.82,Debit Card
2840,2023-03-18 15:00:00,2861,Monitor,1,376.69,343.19,33.5,Credit Card
2996,2023-03-25 03:00:00,2575,Laptop,4,953.85,3767.76,47.64,PayPal
3400,2023-04-10 23:00:00,2967,Tablet,1,704.13,621.81,82.32,Cash
5713,2023-07-16 08:00:00,2823,Keyboard,3,1843.78,5510.13,21.21,PayPal
6314,2023-08-10 09:00:00,2224,Laptop,3,1120.75,3292.37,69.88,Credit Card
10953,2024-02-19 16:00:00,2698,Monitor,1,1029.77,978.99,50.78,Cash
2042,2023-02-13 09:00:00,2563,Headphones,2,1864.7,3642.36,87.04,Cash
8093,2023-10-23 12:00:00,2463,Laptop,3,1248.96,3650.04,96.84,PayPal
1801,2023-02-03 08:00:00,2846,Mouse,2,721.93,,75.85,Credit Card
8746,2023-11-19 17:00:00,2029,Tablet,4,,7282.46,38.78,Cash
4351,2023-05-20 14:00:00,2731,Tablet,2,463.13,909.99,16.27,Debit Card
2406,2023-02-28 13:00:00,2270,Headphones,3,301.33,832.19,71.8,nan
7609,2023-10-03 08:00:00,2691,Mouse,4,1965.42,7801.77,59.91,nan
1070,2023-01-03 21:00:00,2937,Monitor,1,1070.31,1004.3599999999999,65.95,Cash
7344,2023-09-22 07:00:00,2636,Headphones,3,1455.77,4317.129999999999,50.18,Debit Card
3760,2023-04-25 23:00:00,2107,Tablet,3,1070.89,3175.7000000000003,36.97,Debit Card
5133,2023-06-22 04:00:00,2447,Headphones,1,1117.45,1036.89,80.56,Debit Card
5589,2023-07-11 04:00:00,2800,Tablet,4,1036.26,4088.91,56.13,Credit Card
2587,2023-03-08 02:00:00,2504,Tablet,4,57.14,154.04000000000002,74.52,Cash
5716,2023-07-16 11:00:00,2327,Keyboard,1,703.03,695.37,7.66,Credit Card
5615,2023-07-12 06:00:00,2136,Monitor,2,1132.86,2189.99,75.73,Credit Card
7193,2023-09-16 00:00:00,2162,Keyboard,3,1092.12,3200.3399999999997,76.02,Debit Card
2075,2023-02-14 18:00:00,2877,Keyboard,1,88.96,27.859999999999992,61.1,Cash
9365,2023-12-15 12:00:00,2685,Monitor,4,1829.12,7294.23,22.25,Debit Card
4462,2023-05-25 05:00:00,2041,Monitor,1,1125.17,1043.49,81.68,Cash
5101,2023-06-20 20:00:00,2269,Laptop,4,1273.01,4999.79,92.25,Cash
2470,2023-03-03 05:00:00,2717,Laptop,1,1566.42,1513.54,52.88,Cash
5367,2023-07-01 22:00:00,2918,Headphones,4,542.18,2103.6899999999996,65.03,Debit Card
10527,2024-02-01 22:00:00,2192,Headphones,3,1648.23,4873.43,71.26,Credit Card
3604,2023-04-19 11:00:00,2394,Headphones,2,1182.15,2354.1000000000004,10.2,PayPal
7783,2023-10-10 14:00:00,2046,Monitor,2,886.73,1705.1200000000001,68.34,Credit Card
2580,2023-03-07 19:00:00,2816,Mouse,1,1074.6,,1.2,PayPal
4814,2023-06-08 21:00:00,2868,Keyboard,3,425.41,1216.27,59.96,Credit Card
10827,2024-02-14 10:00:00,2763,Monitor,4,1247.45,4920.96,68.84,Cash
8342,2023-11-02 21:00:00,2107,Keyboard,1,813.02,791.67,21.35,Cash
1410,2023-01-18 01:00:00,2409,Tablet,1,1661.88,1659.25,2.63,Debit Card
7650,2023-10-05 01:00:00,2239,Monitor,1,1515.69,1448.5800000000002,67.11,PayPal
3953,2023-05-04 00:00:00,2422,Headphones,3,772.82,2279.36,39.1,Cash
10293,2024-01-23 04:00:00,2658,Mouse,3,381.44,1069.3799999999999,74.94,Credit Card
7622,2023-10-03 21:00:00,2553,Headphones,4,983.77,3904.2799999999997,30.8,Debit Card
5353,2023-07-01 08:00:00,2948,Monitor,2,152.06,234.45,69.67,Cash
4092,2023-05-09 19:00:00,2282,Laptop,3,1667.83,4915.719999999999,87.77,Credit Card
3727,2023-04-24 14:00:00,2202,Monitor,4,96.66,296.58,90.06,Cash
1478,2023-01-20 21:00:00,2627,Tablet,3,498.09,1431.25,63.02,PayPal
2330,2023-02-25 09:00:00,2398,Monitor,2,653.7,1255.0400000000002,52.36,PayPal
3284,2023-04-06 03:00:00,2940,Mouse,2,812.01,1534.32,89.7,Credit Card
2225,2023-02-21 00:00:00,2135,Laptop,2,543.13,1004.78,81.48,PayPal
6883,2023-09-03 02:00:00,2673,Headphones,3,842.1,2488.7000000000003,37.6,Debit Card
2778,2023-03-16 01:00:00,2846,Keyboard,3,538.48,1561.55,53.89,Debit Card
7754,2023-10-09 09:00:00,2637,Monitor,1,769.49,670.1700000000001,99.32,Debit Card
1752,2023-02-01 07:00:00,2753,Tablet,4,852.26,3393.73,15.31,PayPal
7425,2023-09-25 16:00:00,2480,Monitor,1,99.17,60.980000000000004,38.19,Credit Card
10383,2024-01-26 22:00:00,2678,Mouse,4,722.09,2844.3700000000003,43.99,Credit Card
8915,2023-11-26 18:00:00,2055,Keyboard,2,1313.11,2563.6899999999996,62.53,Cash
7682,2023-10-06 09:00:00,2811,Mouse,2,1593.31,3150.2999999999997,36.32,Cash
7537,2023-09-30 08:00:00,2605,Mouse,1,1193.19,1094.89,98.3,Debit Card
9270,2023-12-11 13:00:00,2164,Monitor,2,1595.37,3091.18,99.56,Cash
2032,2023-02-12 23:00:00,2733,Headphones,1,1956.1,1860.4699999999998,95.63,PayPal
6765,2023-08-29 04:00:00,2189,Headphones,1,1845.47,1825.93,19.54,Credit Card
6720,2023-08-27 07:00:00,2004,Monitor,3,1224.51,3620.99,52.54,Credit Card
1469,2023-01-20 12:00:00,2004,Mouse,4,977.45,3885.8,24.0,Debit Card
2546,2023-03-06 09:00:00,2663,Monitor,3,352.82,1056.54,1.92,PayPal
6199,2023-08-05 14:00:00,2567,Tablet,4,589.53,2318.79,39.33,Cash
9993,2024-01-10 16:00:00,2292,Headphones,4,1961.8,7846.82,0.38,Cash
3684,2023-04-22 19:00:00,2161,Monitor,1,1068.92,1034.8600000000001,34.06,Cash
10726,2024-02-10 05:00:00,2505,Laptop,3,986.09,2949.63,8.64,Cash
7851,2023-10-13 10:00:00,2429,Laptop,2,849.37,1665.79,32.95,Credit Card
2026,2023-02-12 17:00:00,2413,Tablet,4,240.02,880.63,79.45,Debit Card
6823,2023-08-31 14:00:00,2589,Monitor,1,1181.88,1159.7800000000002,22.1,Credit Card
7339,2023-09-22 02:00:00,2003,Keyboard,3,1548.35,4613.929999999999,31.12,Cash
6961,2023-09-06 08:00:00,2122,Tablet,3,1075.44,3129.03,97.29,Credit Card
5827,2023-07-21 02:00:00,2374,Mouse,3,263.28,711.02,78.82,Debit Card
4519,2023-05-27 14:00:00,2489,Monitor,2,826.94,1555.1100000000001,98.77,Cash
6560,2023-08-20 15:00:00,2854,Keyboard,2,1074.81,2075.93,73.69,PayPal
3355,2023-04-09 02:00:00,2112,Keyboard,4,1916.08,7634.95,29.37,Cash
10202,2024-01-19 09:00:00,2785,Headphones,1,864.87,846.25,18.62,Credit Card
1015,2023-01-01 14:00:00,2159,Mouse,4,,7046.25,2.07,Cash
1774,2023-02-02 05:00:00,2175,Keyboard,2,744.89,1420.22,69.56,PayPal
4746,2023-06-06 01:00:00,2707,Keyboard,4,603.97,2415.15,0.73,nan
10258,2024-01-21 17:00:00,2565,Headphones,4,790.5,3102.1,59.9,PayPal
5122,2023-06-21 17:00:00,2431,Laptop,4,63.17,165.99,86.69,Credit Card
9334,2023-12-14 05:00:00,2228,Laptop,1,133.05,112.24000000000001,20.81,Debit Card
1642,2023-01-27 17:00:00,2270,Keyboard,1,355.02,257.52,97.5,Credit Card
10538,2024-02-02 09:00:00,2449,Keyboard,4,947.49,3690.2400000000002,99.72,Debit Card
5378,2023-07-02 09:00:00,2847,Tablet,2,1817.08,3620.0499999999997,14.11,Cash
1796,2023-02-03 03:00:00,2338,Mouse,3,145.07,418.29999999999995,16.91,Credit Card
9733,2023-12-30 20:00:00,2503,Laptop,2,258.87,473.57,44.17,PayPal
4881,2023-06-11 16:00:00,2602,Tablet,2,1684.16,3354.76,13.56,Cash
9954,2024-01-09 01:00:00,2627,Keyboard,2,658.04,1257.25,58.83,Debit Card
2109,2023-02-16 04:00:00,2768,Mouse,4,391.93,1487.82,79.9,PayPal
5218,2023-06-25 17:00:00,2132,Monitor,3,238.13,674.38,40.01,PayPal
1866,2023-02-06 01:00:00,2250,Laptop,3,1404.54,4167.95,45.67,Debit Card
2421,2023-03-01 04:00:00,2116,Keyboard,4,361.21,1434.47,10.37,Cash
6550,2023-08-20 05:00:00,2606,Tablet,3,63.98,158.51999999999998,33.42,Debit Card
8823,2023-11-22 22:00:00,2466,Mouse,4,1606.4,6341.950000000001,83.65,Cash
6538,2023-08-19 17:00:00,2849,Laptop,4,363.95,1451.02,4.78,PayPal
10179,2024-01-18 10:00:00,2592,Laptop,1,697.28,695.78,1.5,Cash
6478,2023-08-17 05:00:00,2186,Tablet,2,1512.57,3016.7599999999998,8.38,Debit Card
10235,2024-01-20 18:00:00,2360,Headphones,3,1600.69,4702.16,99.91,Debit Card
1963,2023-02-10 02:00:00,2983,Headphones,2,1842.18,3655.83,28.53,Cash
2681,2023-03-12 00:00:00,2898,Laptop,2,410.57,807.91,13.23,Debit Card
8446,2023-11-07 05:00:00,2302,Keyboard,1,,-21.300000000000004,54.09,Credit Card
1634,2023-01-27 09:00:00,2704,Tablet,1,243.76,144.25,99.51,Cash
3570,2023-04-18 01:00:00,2144,Tablet,2,127.23,202.74,51.72,Credit Card
9517,2023-12-21 20:00:00,2188,Keyboard,1,639.94,632.4100000000001,7.53,Cash
5093,2023-06-20 12:00:00,2854,Mouse,2,806.51,1570.84,42.18,Debit Card
4310,2023-05-18 21:00:00,2145,Keyboard,1,1126.09,1056.73,69.36,Debit Card
3167,2023-04-01 06:00:00,2022,Keyboard,1,58.22,-23.659999999999997,81.88,Credit Card
1364,2023-01-16 03:00:00,2062,Mouse,3,1705.33,5052.67,63.32,Cash
8502,2023-11-09 13:00:00,2409,Keyboard,2,541.42,1027.6,55.24,Cash
4724,2023-06-05 03:00:00,2777,Monitor,2,359.37,686.73,32.01,Cash
3826,2023-04-28 17:00:00,2009,Tablet,2,715.6,1372.8600000000001,58.34,PayPal
6796,2023-08-30 11:00:00,2243,Monitor,3,1902.26,5682.7,24.08,PayPal
4575,2023-05-29 22:00:00,2245,Monitor,1,1291.22,1254.56,36.66,PayPal
4598,2023-05-30 21:00:00,2910,Monitor,2,1002.8,1940.48,65.12,Debit Card
8400,2023-11-05 07:00:00,2592,Monitor,3,694.51,2070.2499999999995,13.28,PayPal
1547,2023-01-23 18:00:00,2309,Mouse,2,811.98,1588.79,35.17,Debit Card
8955,2023-11-28 10:00:00,2019,Headphones,3,,4451.34,64.8,Cash
1472,2023-01-20 15:00:00,2281,Laptop,4,1096.47,,4.26,Cash
2642,2023-03-10 09:00:00,2829,Monitor,1,94.53,26.790000000000006,67.74,Credit Card
5657,2023-07-14 00:00:00,2454,Headphones,2,1889.57,3735.58,43.56,Credit Card
4339,2023-05-20 02:00:00,2824,Headphones,3,1030.63,3040.07,51.82,PayPal
5004,2023-06-16 19:00:00,2767,Tablet,4,1221.86,4824.429999999999,63.01,Credit Card
2173,2023-02-18 20:00:00,2062,Headphones,2,1497.73,2911.33,84.13,Cash
5504,2023-07-07 15:00:00,2966,Keyboard,4,910.09,3567.79,72.57,Credit Card
5673,2023-07-14 16:00:00,2355,Laptop,4,915.04,3585.23,74.93,PayPal
4945,2023-06-14 08:00:00,2956,Laptop,4,1303.15,5128.47,84.13,PayPal
3577,2023-04-18 08:00:00,2526,Keyboard,1,651.91,629.74,22.17,nan
2990,2023-03-24 21:00:00,2474,Keyboard,4,1033.19,4087.8500000000004,44.91,Credit Card
8723,2023-11-18 18:00:00,2091,Monitor,2,780.4,1482.3799999999999,78.42,Debit Card
8316,2023-11-01 19:00:00,2489,Laptop,3,1455.76,4327.4,39.88,Debit Card
9414,2023-12-17 13:00:00,2468,Headphones,2,1758.76,3452.09,65.43,Cash
6024,2023-07-29 07:00:00,2551,Tablet,3,1422.96,4199.32,69.56,Cash
9465,2023-12-19 16:00:00,2549,Mouse,1,1152.91,1111.3400000000001,41.57,Credit Card
4938,2023-06-14 01:00:00,2133,Laptop,1,1519.21,1445.3700000000001,73.84,Debit Card
7671,2023-10-05 22:00:00,2738,Laptop,1,1306.49,1252.48,54.01,Credit Card
3629,2023-04-20 12:00:00,2641,Tablet,3,1158.13,,37.43,Credit Card
1378,2023-01-16 17:00:00,2131,Headphones,1,726.27,668.6,57.67,Credit Card
2411,2023-02-28 18:00:00,2638,Headphones,2,369.17,675.5,62.84,Cash
6339,2023-08-11 10:00:00,2862,Headphones,3,893.34,2611.5,68.52,Debit Card
7163,2023-09-14 18:00:00,2500,Mouse,2,1952.26,3820.52,84.0,PayPal
5768,2023-07-18 15:00:00,2648,Tablet,2,905.59,,26.14,PayPal
5839,2023-07-21 14:00:00,2495,Keyboard,1,1160.44,1097.8400000000001,62.6,Cash
10858,2024-02-15 17:00:00,2691,Monitor,4,87.34,343.47,5.89,Debit Card
8274,2023-10-31 01:00:00,2871,Mouse,1,1429.7,1343.67,86.03,Debit Card
1816,2023-02-03 23:00:00,2534,Monitor,1,133.74,108.11000000000001,25.63,Cash
3405,2023-04-11 04:00:00,2033,Headphones,2,47.72,38.449999999999996,56.99,Credit Card
10814,2024-02-13 21:00:00,2937,Tablet,3,539.26,1565.98,51.8,Debit Card
8912,2023-11-26 15:00:00,2802,Laptop,4,1815.15,7245.13,15.47,Cash
9950,2024-01-08 21:00:00,2659,Monitor,3,1675.65,4996.370000000001,30.58,PayPal
3132,2023-03-30 19:00:00,2568,Headphones,2,381.38,690.98,71.78,Cash
2798,2023-03-16 21:00:00,2903,Keyboard,3,,4904.799999999999,36.02,Cash
4091,2023-05-09 18:00:00,2153,Keyboard,1,1417.53,1397.61,19.92,Credit Card
9447,2023-12-18 22:00:00,2101,Tablet,1,1645.61,1637.32,8.29,Debit Card
5630,2023-07-12 21:00:00,2415,Mouse,4,1717.5,6797.32,72.68,PayPal
6061,2023-07-30 20:00:00,2659,Monitor,1,1511.35,1493.86,17.49,Cash
4123,2023-05-11 02:00:00,2144,Monitor,2,1478.59,2871.7999999999997,85.38,PayPal
3499,2023-04-15 02:00:00,2162,Headphones,2,583.72,,27.63,Cash
6583,2023-08-21 14:00:00,2630,Mouse,1,571.92,559.78,12.14,PayPal
8229,2023-10-29 04:00:00,2723,Mouse,3,1074.77,3190.72,33.59,Debit Card
1123,2023-01-06 02:00:00,2185,Headphones,4,164.51,568.4499999999999,89.59,Credit Card
1180,2023-01-08 11:00:00,2331,Mouse,3,744.75,2223.81,10.44,Debit Card
10718,2024-02-09 21:00:00,2332,Keyboard,3,,2586.79,48.71,PayPal
7129,2023-09-13 08:00:00,2642,Laptop,3,1942.57,5809.29,18.42,Debit Card
6015,2023-07-28 22:00:00,2875,Monitor,3,1926.44,5739.73,39.59,Debit Card
9900,2024-01-06 19:00:00,2922,Tablet,2,719.39,1421.02,17.76,PayPal
10973,2024-02-20 12:00:00,2018,Tablet,4,1529.76,6080.9,38.14,Debit Card
9699,2023-12-29 10:00:00,2314,Headphones,3,1290.35,3787.2,83.85,Credit Card
2158,2023-02-18 05:00:00,2807,Tablet,1,811.41,773.0999999999999,38.31,Credit Card
1238,2023-01-10 21:00:00,2818,Keyboard,1,110.69,88.53,22.16,Cash
2533,2023-03-05 20:00:00,2412,Headphones,1,220.69,130.06,90.63,PayPal
10888,2024-02-16 23:00:00,2789,Laptop,3,1276.87,3738.37,92.24,PayPal
8574,2023-11-12 13:00:00,2653,Mouse,1,181.38,111.55,69.83,Credit Card
4411,2023-05-23 02:00:00,2749,Monitor,4,1507.28,5962.19,66.93,PayPal
7992,2023-10-19 07:00:00,2083,Tablet,1,329.52,239.39,90.13,Debit Card
10571,2024-02-03 18:00:00,2739,Keyboard,1,1537.09,1481.85,55.24,Credit Card
9207,2023-12-08 22:00:00,2990,Laptop,4,,,56.58,PayPal
2536,2023-03-05 23:00:00,2531,Mouse,1,,635.9300000000001,48.65,Debit Card
4394,2023-05-22 09:00:00,2013,Mouse,2,1205.87,2391.62,20.12,Credit Card
5394,2023-07-03 01:00:00,2148,Headphones,2,1436.63,2830.01,43.25,Debit Card
2207,2023-02-20 06:00:00,2757,Laptop,2,450.86,865.9300000000001,35.79,Cash
1899,2023-02-07 10:00:00,2605,Headphones,2,1512.23,2995.32,29.14,Credit Card
3606,2023-04-19 13:00:00,2696,Headphones,4,,4806.96,56.48,PayPal
2723,2023-03-13 18:00:00,2984,Keyboard,4,681.62,2697.85,28.63,Credit Card
8797,2023-11-21 20:00:00,2126,Mouse,1,226.39,214.82,11.57,Cash
10372,2024-01-26 11:00:00,2544,Laptop,4,132.23,444.84,84.08,Debit Card
3178,2023-04-01 17:00:00,2762,Keyboard,4,291.16,1080.5,84.14,Credit Card
9499,2023-12-21 02:00:00,2424,Mouse,1,1946.36,1944.09,2.27,Cash
3352,2023-04-08 23:00:00,2848,Keyboard,4,1112.35,4444.48,4.92,Debit Card
4326,2023-05-19 13:00:00,2548,Mouse,3,608.06,1732.82,91.36,Debit Card
4998,2023-06-16 13:00:00,2874,Tablet,3,750.51,2226.8199999999997,24.71,Credit Card
7683,2023-10-06 10:00:00,2976,Headphones,2,,1520.11,67.89,Cash
10617,2024-02-05 16:00:00,2941,Tablet,3,669.29,1919.02,88.85,PayPal
7933,2023-10-16 20:00:00,2130,Tablet,4,1947.67,7701.37,89.31,Credit Card
3135,2023-03-30 22:00:00,2244,Laptop,3,1451.58,4261.2,93.54,Cash
2481,2023-03-03 16:00:00,2905,Keyboard,4,940.48,3733.1800000000003,28.74,PayPal
3794,2023-04-27 09:00:00,2414,Headphones,3,605.1,1770.3700000000001,44.93,Cash
9120,2023-12-05 07:00:00,2284,Mouse,3,1086.61,3185.27,74.56,Cash
5113,2023-06-21 08:00:00,2727,Headphones,2,171.62,301.27,41.97,PayPal
10415,2024-01-28 06:00:00,2725,Mouse,4,361.39,1442.09,3.47,Debit Card
6131,2023-08-02 18:00:00,2183,Keyboard,4,,7654.0,36.56,Cash
8842,2023-11-23 17:00:00,2977,Laptop,4,603.62,2369.2400000000002,45.24,Cash
7696,2023-10-06 23:00:00,2683,Laptop,2,1478.94,2895.07,62.81,Credit Card
5373,2023-07-02 04:00:00,2340,Mouse,3,1759.76,5186.04,93.24,PayPal
8441,2023-11-07 00:00:00,2560,Laptop,3,1526.49,4501.05,78.42,Debit Card
6107,2023-08-01 18:00:00,2155,Mouse,4,1089.42,4281.41,76.27,Cash
10102,2024-01-15 05:00:00,2579,Tablet,2,475.92,887.11,64.73,Debit Card
4662,2023-06-02 13:00:00,2471,Laptop,3,540.2,1575.1100000000001,45.49,Cash
8499,2023-11-09 10:00:00,2637,Keyboard,1,896.55,818.4,78.15,PayPal
2953,2023-03-23 08:00:00,2994,Mouse,3,933.85,2772.09,29.46,Debit Card
1556,2023-01-24 03:00:00,2251,Monitor,2,1638.43,3229.55,47.31,Credit Card
5722,2023-07-16 17:00:00,2955,Mouse,2,1585.46,3075.32,95.6,PayPal
2164,2023-02-18 11:00:00,2058,Monitor,2,627.21,1245.8000000000002,8.62,Debit Card
2585,2023-03-08 00:00:00,2725,Keyboard,4,377.92,1458.17,53.51,Debit Card
8958,2023-11-28 13:00:00,2784,Monitor,4,,7131.57,49.75,Credit Card
9603,2023-12-25 10:00:00,2579,Keyboard,3,1528.54,4564.89,20.73,Debit Card
1398,2023-01-17 13:00:00,2093,Monitor,3,1347.93,3974.07,69.72,Credit Card
7473,2023-09-27 16:00:00,2796,Monitor,2,,727.72,14.72,Debit Card
6845,2023-09-01 12:00:00,2910,Headphones,1,1127.99,1060.05,67.94,PayPal
5717,2023-07-16 12:00:00,2729,Tablet,4,316.86,1207.8600000000001,59.58,Credit Card
6821,2023-08-31 12:00:00,2748,Keyboard,2,829.79,1605.78,53.8,Cash
2460,2023-03-02 19:00:00,2433,Laptop,1,1488.28,1484.01,4.27,Credit Card
9001,2023-11-30 08:00:00,2675,Laptop,2,1436.12,2868.79,3.45,Cash
2599,2023-03-08 14:00:00,2646,Tablet,2,85.49,79.91999999999999,91.06,Cash
8952,2023-11-28 07:00:00,2091,Headphones,1,1012.76,928.39,84.37,Debit Card
1301,2023-01-13 12:00:00,2989,Laptop,1,1800.54,1741.86,58.68,Credit Card
9826,2024-01-03 17:00:00,2407,Laptop,2,52.95,55.49000000000001,50.41,Debit Card
2692,2023-03-12 11:00:00,2031,Headphones,4,1489.43,5892.110000000001,65.61,PayPal
8890,2023-11-25 17:00:00,2938,Laptop,3,858.54,2567.88,7.74,Debit Card
5511,2023-07-07 22:00:00,2736,Mouse,2,1328.79,2618.2,39.38,Debit Card
5193,2023-06-24 16:00:00,2395,Keyboard,4,784.26,3048.55,88.49,Debit Card
6071,2023-07-31 06:00:00,2886,Keyboard,2,892.49,1716.32,68.66,PayPal
6825,2023-08-31 16:00:00,2332,Headphones,4,903.8,3570.91,44.29,Debit Card
3859,2023-04-30 02:00:00,2093,Keyboard,1,1096.16,1083.0400000000002,13.12,Debit Card
5100,2023-06-20 19:00:00,2265,Monitor,1,417.45,318.6,98.85,Debit Card
7827,2023-10-12 10:00:00,2406,Laptop,1,233.87,159.27,74.6,Cash
4143,2023-05-11 22:00:00,2679,Headphones,4,,7004.860000000001,19.74,Debit Card
2360,2023-02-26 15:00:00,2697,Keyboard,3,1374.62,4058.5599999999995,65.3,Credit Card
9752,2023-12-31 15:00:00,2969,Laptop,4,1032.35,4072.6199999999994,56.78,Debit Card
2936,2023-03-22 15:00:00,2601,Keyboard,2,1786.4,3530.2000000000003,42.6,Credit Card
4206,2023-05-14 13:00:00,2791,Tablet,1,919.92,856.24,63.68,Cash
9397,2023-12-16 20:00:00,2241,Laptop,4,103.25,394.54,18.46,PayPal
1487,2023-01-21 06:00:00,2555,Monitor,1,1553.14,1506.0900000000001,47.05,Credit Card
10521,2024-02-01 16:00:00,2595,Tablet,2,105.47,209.89,1.05,PayPal
5818,2023-07-20 17:00:00,2139,Monitor,2,,3321.83,75.09,Debit Card
4724,2023-06-05 03:00:00,2777,Monitor,2,359.37,686.73,32.01,Cash
7555,2023-10-01 02:00:00,2037,Tablet,2,991.61,1927.98,55.24,Debit Card
6432,2023-08-15 07:00:00,2459,Laptop,2,1836.76,3648.69,24.83,Cash
5605,2023-07-11 20:00:00,2580,Monitor,3,1134.69,3326.9500000000003,77.12,Debit Card
4338,2023-05-20 01:00:00,2720,Mouse,1,1422.4,1374.94,47.46,Debit Card
4609,2023-05-31 08:00:00,2152,Headphones,3,1385.57,4124.4800000000005,32.23,Cash
10680,2024-02-08 07:00:00,2580,Keyboard,1,1945.22,1850.48,94.74,Debit Card
2153,2023-02-18 00:00:00,2732,Laptop,3,1524.15,4546.720000000001,25.73,Cash
6975,2023-09-06 22:00:00,2767,Headphones,3,1477.14,4377.32,54.1,Cash
4435,2023-05-24 02:00:00,2668,Tablet,3,368.87,1021.4200000000001,85.19,Cash
2213,2023-02-20 12:00:00,2764,Headphones,3,860.36,2516.69,64.39,Debit Card
1408,2023-01-17 23:00:00,2917,Keyboard,2,1114.32,2227.1099999999997,1.53,Credit Card
6407,2023-08-14 06:00:00,2971,Tablet,3,607.43,1810.08,12.21,Credit Card
9476,2023-12-20 03:00:00,2210,Monitor,4,266.56,1061.57,4.67,Debit Card
7859,2023-10-13 18:00:00,2844,Keyboard,3,471.97,1374.9,41.01,PayPal
1714,2023-01-30 17:00:00,2912,Monitor,4,836.49,3294.68,51.28,Credit Card
9683,2023-12-28 18:00:00,2393,Mouse,4,869.7,3462.15,16.65,Credit Card
4080,2023-05-09 07:00:00,2943,Monitor,4,1319.15,,49.52,Debit Card
6904,2023-09-03 23:00:00,2239,Mouse,2,1207.47,2402.66,12.28,Debit Card
9072,2023-12-03 07:00:00,2494,Monitor,4,348.69,1344.27,50.49,Debit Card
6333,2023-08-11 04:00:00,2901,Keyboard,2,1040.57,2005.6499999999999,75.49,Cash
5707,2023-07-16 02:00:00,2662,Tablet,4,1996.17,7979.66,5.02,PayPal
1666,2023-01-28 17:00:00,2534,Tablet,1,613.33,567.1800000000001,46.15,PayPal
10335,2024-01-24 22:00:00,2154,Tablet,1,1435.84,1347.98,87.86,Debit Card
9056,2023-12-02 15:00:00,2537,Laptop,4,1574.38,6244.4800000000005,53.04,Cash
9067,2023-12-03 02:00:00,2917,Keyboard,1,1361.65,1357.8100000000002,3.84,Credit Card
1643,2023-01-27 18:00:00,2681,Laptop,2,,2966.9300000000003,84.85,Credit Card
10710,2024-02-09 13:00:00,2050,Keyboard,3,1296.01,3863.9799999999996,24.05,Credit Card
4768,2023-06-06 23:00:00,2392,Keyboard,1,609.79,566.4399999999999,43.35,Credit Card
1177,2023-01-08 08:00:00,2668,Headphones,1,812.64,717.86,94.78,nan
7697,2023-10-07 00:00:00,2279,Laptop,4,1379.98,5509.12,10.8,Cash
2085,2023-02-15 04:00:00,2935,Mouse,3,1634.48,4891.990000000001,11.45,Debit Card
8540,2023-11-11 03:00:00,2576,Tablet,4,186.57,693.35,52.93,Cash
1787,2023-02-02 18:00:00,2167,Headphones,1,730.51,666.16,64.35,PayPal
9563,2023-12-23 18:00:00,2649,Keyboard,2,835.54,1579.53,91.55,PayPal
9388,2023-12-16 11:00:00,2610,Headphones,3,1745.24,5163.530000000001,72.19,PayPal
8609,2023-11-14 00:00:00,2876,Mouse,1,445.38,376.84,68.54,Cash
4203,2023-05-14 10:00:00,2300,Keyboard,2,1213.45,2390.04,36.86,Debit Card
6327,2023-08-10 22:00:00,2332,Laptop,4,540.02,2114.67,45.41,Debit Card
6973,2023-09-06 20:00:00,2743,Keyboard,3,,4868.450000000001,60.19,PayPal
9472,2023-12-19 23:00:00,2519,Mouse,2,130.54,253.54999999999998,7.53,Credit Card
6359,2023-08-12 06:00:00,2468,Laptop,2,1505.14,2911.96,98.32,Cash
1092,2023-01-04 19:00:00,2387,Keyboard,2,149.16,254.32,44.0,Debit Card
7691,2023-10-06 18:00:00,2914,Monitor,4,97.58,294.48,95.84,Credit Card
7384,2023-09-23 23:00:00,2989,Monitor,4,169.1,624.97,51.43,PayPal
7351,2023-09-22 14:00:00,2312,Keyboard,4,503.95,,96.73,PayPal
10982,2024-02-20 21:00:00,2054,Keyboard,4,1124.18,4420.08,76.64,Credit Card
3586,2023-04-18 17:00:00,2867,Keyboard,3,1094.5,3201.6,81.9,Debit Card
2972,2023-03-24 03:00:00,2404,Tablet,3,1236.45,3696.59,12.76,Credit Card
3906,2023-05-02 01:00:00,2112,Monitor,2,898.49,1722.65,74.33,PayPal
1531,2023-01-23 02:00:00,2287,Monitor,3,1359.44,3978.7200000000003,99.6,Credit Card
5278,2023-06-28 05:00:00,2887,Tablet,1,537.67,437.79999999999995,99.87,Cash
1997,2023-02-11 12:00:00,2232,Keyboard,2,1460.78,2846.67,74.89,Credit Card
4036,2023-05-07 11:00:00,2191,Headphones,2,1170.32,2325.22,15.42,Cash
5624,2023-07-12 15:00:00,2660,Laptop,1,,664.64,32.67,PayPal
5677,2023-07-14 20:00:00,2267,Headphones,4,447.19,1743.1,45.66,PayPal
5280,2023-06-28 07:00:00,2276,Keyboard,2,1681.01,3334.88,27.14,PayPal
7934,2023-10-16 21:00:00,2938,Mouse,2,1144.14,2205.44,82.84,PayPal
3313,2023-04-07 08:00:00,2523,Keyboard,3,819.94,2414.4700000000003,45.35,PayPal
8665,2023-11-16 08:00:00,2599,Monitor,1,413.68,315.1,98.58,Debit Card
3155,2023-03-31 18:00:00,2578,Headphones,3,1516.07,4458.99,89.22,PayPal
5706,2023-07-16 01:00:00,2067,Tablet,4,937.21,3725.46,23.38,PayPal
9215,2023-12-09 06:00:00,2722,Monitor,2,1074.93,2119.61,30.25,Cash
8838,2023-11-23 13:00:00,2141,Monitor,2,460.96,912.01,9.91,Cash
2428,2023-03-01 11:00:00,2164,Headphones,2,706.84,1320.54,93.14,PayPal
10825,2024-02-14 08:00:00,2155,Headphones,4,987.21,3886.8900000000003,61.95,Cash
6513,2023-08-18 16:00:00,2665,Headphones,4,,5037.17,14.51,Cash
7917,2023-10-16 04:00:00,2491,Tablet,2,1330.91,2588.07,73.75,Cash
5376,2023-07-02 07:00:00,2288,Mouse,2,341.9,625.88,57.92,Cash
1157,2023-01-07 12:00:00,2344,Headphones,1,,934.1,3.78,PayPal
6832,2023-08-31 23:00:00,2576,Headphones,4,1367.53,5440.0,30.12,nan
4086,2023-05-09 13:00:00,2390,Monitor,4,1670.13,6630.860000000001,49.66,Credit Card
7536,2023-09-30 07:00:00,2054,Tablet,1,982.24,892.39,89.85,Cash
7914,2023-10-16 01:00:00,2739,Keyboard,4,1058.5,4180.11,53.89,PayPal
5265,2023-06-27 16:00:00,2187,Monitor,4,1885.5,7496.78,45.22,PayPal
8370,2023-11-04 01:00:00,2293,Keyboard,2,621.97,1237.23,6.71,Cash
8081,2023-10-23 00:00:00,2837,Tablet,3,977.78,2878.38,54.96,Credit Card
4796,2023-06-08 03:00:00,2554,Tablet,2,1954.52,3899.37,9.67,Debit Card
1496,2023-01-21 15:00:00,2549,Tablet,2,952.65,1826.1799999999998,79.12,Cash
5339,2023-06-30 18:00:00,2275,Laptop,1,1841.46,1839.25,2.21,Debit Card
3322,2023-04-07 17:00:00,2154,Keyboard,4,1048.42,4134.91,58.77,PayPal
6067,2023-07-31 02:00:00,2658,Laptop,2,1383.24,2706.69,59.79,Cash
4949,2023-06-14 12:00:00,2309,Laptop,3,826.03,2426.4700000000003,51.62,PayPal
5138,2023-06-22 09:00:00,2524,Tablet,1,1439.1,1397.6499999999999,41.45,Debit Card
1152,2023-01-07 07:00:00,2542,Mouse,2,1985.62,3894.47,76.77,Credit Card
5623,2023-07-12 14:00:00,2360,Mouse,2,873.17,1655.31,91.03,Cash
1695,2023-01-29 22:00:00,2975,Monitor,1,844.3,763.55,80.75,Credit Card
5682,2023-07-15 01:00:00,2814,Monitor,1,1732.48,1642.09,90.39,PayPal
5895,2023-07-23 22:00:00,2956,Laptop,2,947.61,1888.78,6.44,PayPal
8564,2023-11-12 03:00:00,2083,Monitor,2,925.74,1815.82,35.66,PayPal
2739,2023-03-14 10:00:00,2072,Keyboard,1,754.32,753.35,0.97,PayPal
4002,2023-05-06 01:00:00,2615,Monitor,3,1155.87,3374.3799999999997,93.23,Debit Card
1168,2023-01-07 23:00:00,2661,Monitor,1,1771.66,1704.9,66.76,Cash
7907,2023-10-15 18:00:00,2056,Monitor,4,1083.97,4319.27,16.61,Debit Card
6129,2023-08-02 16:00:00,2587,Monitor,4,506.42,1977.5,48.18,PayPal
3866,2023-04-30 09:00:00,2384,Headphones,4,79.44,237.06,80.7,Credit Card
9971,2024-01-09 18:00:00,2170,Mouse,3,1196.99,3512.9900000000002,77.98,Credit Card
5338,2023-06-30 17:00:00,2694,Monitor,3,78.88,174.57,62.07,Debit Card
10983,2024-02-20 22:00:00,2427,Tablet,4,1271.13,4993.85,90.67,Credit Card
3884,2023-05-01 03:00:00,2486,Laptop,3,264.72,774.1600000000001,20.0,PayPal
4721,2023-06-05 00:00:00,2487,Keyboard,3,1372.63,4067.76,50.13,Cash
4032,2023-05-07 07:00:00,2438,Headphones,2,467.72,915.7600000000001,19.68,PayPal
9257,2023-12-11 00:00:00,2641,Laptop,3,1526.08,4513.01,65.23,PayPal
9958,2024-01-09 05:00:00,2341,Keyboard,3,889.74,2636.0200000000004,33.2,Cash
5266,2023-06-27 17:00:00,2120,Monitor,1,1767.95,1759.48,8.47,Debit Card
6928,2023-09-04 23:00:00,2959,Mouse,3,403.8,1156.21,55.19,PayPal
6437,2023-08-15 12:00:00,2062,Mouse,4,246.25,984.65,0.35,Cash
7638,2023-10-04 13:00:00,2809,Mouse,4,1643.82,6531.389999999999,43.89,Credit Card
3277,2023-04-05 20:00:00,2021,Mouse,4,309.17,1184.01,52.67,Debit Card
8785,2023-11-21 08:00:00,2533,Tablet,1,724.08,702.4300000000001,21.65,Cash
7322,2023-09-21 09:00:00,2222,Tablet,1,1464.7,1449.82,14.88,nan
1609,2023-01-26 08:00:00,2197,Keyboard,2,1950.42,3809.0,91.84,PayPal
10870,2024-02-16 05:00:00,2226,Keyboard,2,992.15,1952.05,32.25,Debit Card
5769,2023-07-18 16:00:00,2842,Mouse,3,1881.53,5564.91,79.68,Debit Card
4496,2023-05-26 15:00:00,2856,Headphones,4,1524.55,6017.3099999999995,80.89,Debit Card
10586,2024-02-04 09:00:00,2987,Monitor,3,81.67,169.10999999999999,75.9,nan
1429,2023-01-18 20:00:00,2362,Laptop,1,1881.58,1842.08,39.5,Credit Card
10150,2024-01-17 05:00:00,2918,Keyboard,1,677.33,651.0200000000001,26.31,PayPal
10054,2024-01-13 05:00:00,2511,Monitor,2,72.69,87.31,58.07,Cash
5666,2023-07-14 09:00:00,2223,Keyboard,4,219.48,,88.48,PayPal
1427,2023-01-18 18:00:00,2431,Tablet,3,1622.53,4813.92,53.67,PayPal
3224,2023-04-03 15:00:00,2038,Keyboard,1,335.3,261.98,73.32,Debit Card
1101,2023-01-05 04:00:00,2020,Laptop,4,1971.94,7849.37,38.39,PayPal
6822,2023-08-31 13:00:00,2383,Laptop,2,1105.26,2193.63,16.89,Credit Card
5061,2023-06-19 04:00:00,2525,Tablet,4,617.65,2370.86,99.74,Credit Card
3763,2023-04-26 02:00:00,2451,Monitor,1,1082.73,1004.47,78.26,Cash
9415,2023-12-17 14:00:00,2293,Keyboard,3,114.23,,93.52,Cash
6255,2023-08-07 22:00:00,2707,Headphones,2,1578.02,3057.24,98.8,Debit Card
6415,2023-08-14 14:00:00,2317,Mouse,2,1802.55,3580.36,24.74,Cash
8111,2023-10-24 06:00:00,2489,Monitor,2,840.7,1676.6000000000001,4.8,Debit Card
5861,2023-07-22 12:00:00,2726,Laptop,3,656.54,1936.34,33.28,PayPal
3345,2023-04-08 16:00:00,2905,Monitor,2,575.52,1077.8,73.24,Debit Card
4287,2023-05-17 22:00:00,2329,Keyboard,2,28.37,31.19,25.55,Debit Card
5939,2023-07-25 18:00:00,2465,Mouse,4,1565.82,6235.59,27.69,PayPal
7311,2023-09-20 22:00:00,2521,Headphones,4,1997.08,7967.98,20.34,Cash
10604,2024-02-05 03:00:00,2106,Headphones,4,1105.35,4350.19,71.21,Cash
9404,2023-12-17 03:00:00,2450,Laptop,1,1325.23,1295.85,29.38,Credit Card
10395,2024-01-27 10:00:00,2433,Keyboard,3,776.24,2257.8500000000004,70.87,Credit Card
7969,2023-10-18 08:00:00,2784,Mouse,2,955.64,1837.4,73.88,Credit Card
10703,2024-02-09 06:00:00,2315,Keyboard,1,90.19,53.5,36.69,Debit Card
6420,2023-08-14 19:00:00,2815,Monitor,1,937.55,929.55,8.0,Cash
2466,2023-03-03 01:00:00,2623,Laptop,1,1143.76,1045.87,97.89,Cash
6516,2023-08-18 19:00:00,2829,Tablet,3,1517.4,4513.950000000001,38.25,Debit Card
3235,2023-04-04 02:00:00,2945,Mouse,2,1186.78,2355.2599999999998,18.3,Cash
6122,2023-08-02 09:00:00,2828,Laptop,2,,2671.91,45.13,Debit Card
4904,2023-06-12 15:00:00,2054,Mouse,2,371.54,,45.82,Cash
2745,2023-03-14 16:00:00,2910,Keyboard,1,1209.31,1120.32,88.99,Credit Card
7337,2023-09-22 00:00:00,2565,Keyboard,4,1508.54,6026.96,7.2,Debit Card
7752,2023-10-09 07:00:00,2390,Headphones,1,232.8,201.87,30.93,PayPal
1574,2023-01-24 21:00:00,2555,Headphones,2,487.7,878.28,97.12,Debit Card
4161,2023-05-12 16:00:00,2424,Mouse,1,1764.04,1718.77,45.27,PayPal
5085,2023-06-20 04:00:00,2069,Headphones,3,894.33,2642.7200000000003,40.27,Credit Card
9090,2023-12-04 01:00:00,2690,Keyboard,1,960.14,928.5,31.64,PayPal
6578,2023-08-21 09:00:00,2858,Tablet,1,,1384.0300000000002,98.85,Cash
10702,2024-02-09 05:00:00,2020,Mouse,4,1110.57,4433.84,8.44,Cash
4788,2023-06-07 19:00:00,2532,Tablet,4,751.19,2971.8300000000004,32.93,Debit Card
2984,2023-03-24 15:00:00,2923,Monitor,4,1817.44,7255.2,14.56,Cash
8608,2023-11-13 23:00:00,2116,Tablet,3,699.74,2046.1300000000003,53.09,Cash
7867,2023-10-14 02:00:00,2525,Keyboard,1,1537.86,1452.9599999999998,84.9,PayPal
10896,2024-02-17 07:00:00,2344,Monitor,2,926.26,1786.4,66.12,PayPal
4699,2023-06-04 02:00:00,2969,Mouse,1,1557.56,1554.02,3.54,Debit Card
3122,2023-03-30 09:00:00,2083,Laptop,3,1975.06,5905.04,20.14,Credit Card
5112,2023-06-21 07:00:00,2780,Tablet,3,1906.97,5637.62,83.29,Credit Card
5412,2023-07-03 19:00:00,2203,Monitor,3,617.82,1765.1000000000001,88.36,Cash
4004,2023-05-06 03:00:00,2326,Headphones,4,712.13,2772.52,76.0,Cash
9965,2024-01-09 12:00:00,2296,Tablet,1,1877.44,1820.6200000000001,56.82,Cash
1917,2023-02-08 04:00:00,2358,Headphones,3,492.92,1470.71,8.05,Debit Card
9977,2024-01-10 00:00:00,2765,Monitor,4,1935.34,7700.24,41.12,PayPal
9945,2024-01-08 16:00:00,2405,Laptop,1,1676.59,1626.25,50.34,Debit Card
6640,2023-08-23 23:00:00,2854,Laptop,4,1224.91,4888.780000000001,10.86,Cash
4162,2023-05-12 17:00:00,2025,Keyboard,3,1481.29,4394.84,49.03,PayPal
10047,2024-01-12 22:00:00,2456,Monitor,3,815.96,2434.4,13.48,Credit Card
8866,2023-11-24 17:00:00,2773,Keyboard,4,426.69,1697.84,8.92,Debit Card
9938,2024-01-08 09:00:00,2488,Laptop,1,152.68,103.72,48.96,PayPal
7499,2023-09-28 18:00:00,2900,Tablet,2,791.19,1581.8500000000001,0.53,Debit Card
10432,2024-01-28 23:00:00,2835,Laptop,2,278.19,462.77,93.61,PayPal
2204,2023-02-20 03:00:00,2807,Headphones,1,1362.91,1275.41,87.5,Debit Card
3318,2023-04-07 13:00:00,2716,Tablet,1,955.01,950.71,4.3,Debit Card
7212,2023-09-16 19:00:00,2982,Monitor,2,1554.64,3017.92,91.36,Cash
6497,2023-08-18 00:00:00,2772,Tablet,4,255.97,967.68,56.2,Cash
1617,2023-01-26 16:00:00,2154,Monitor,3,,239.21999999999997,47.94,Cash
2927,2023-03-22 06:00:00,2043,Tablet,2,544.03,1024.6699999999998,63.39,Cash
4115,2023-05-10 18:00:00,2747,Headphones,4,188.61,723.1400000000001,31.3,Cash
3642,2023-04-21 01:00:00,2238,Headphones,1,1577.14,1543.43,33.71,PayPal
6611,2023-08-22 18:00:00,2861,Keyboard,4,1709.88,6746.030000000001,93.49,Debit Card
10700,2024-02-09 03:00:00,2981,Keyboard,2,1027.4,1966.7200000000003,88.08,PayPal
8714,2023-11-18 09:00:00,2385,Headphones,4,1879.75,7495.38,23.62,Credit Card
3563,2023-04-17 18:00:00,2419,Laptop,4,1277.18,5068.6900000000005,40.03,Debit Card
3631,2023-04-20 14:00:00,2620,Headphones,1,910.04,881.41,28.63,Cash
7973,2023-10-18 12:00:00,2293,Mouse,3,289.33,851.55,16.44,Debit Card
3729,2023-04-24 16:00:00,2553,Laptop,1,481.54,432.07000000000005,49.47,Cash
3217,2023-04-03 08:00:00,2798,Headphones,3,1826.15,5388.840000000001,89.61,Cash
5573,2023-07-10 12:00:00,2932,Laptop,4,868.29,3449.37,23.79,PayPal
9471,2023-12-19 22:00:00,2324,Tablet,4,1900.02,7579.2699999999995,20.81,Debit Card
9359,2023-12-15 06:00:00,2674,Keyboard,4,445.34,1714.2199999999998,67.14,Credit Card
9645,2023-12-27 04:00:00,2777,Mouse,1,432.53,399.21999999999997,33.31,Debit Card
3627,2023-04-20 10:00:00,2884,Tablet,1,1784.4,1705.92,78.48,Debit Card
3127,2023-03-30 14:00:00,2965,Tablet,2,1424.99,2845.98,4.0,PayPal
5756,2023-07-18 03:00:00,2909,Laptop,4,656.38,2581.89,43.63,PayPal
9669,2023-12-28 04:00:00,2723,Headphones,2,839.22,1608.8400000000001,69.6,nan
6415,2023-08-14 14:00:00,2317,Mouse,2,1802.55,3580.36,24.74,Cash
6493,2023-08-17 20:00:00,2786,Mouse,2,460.17,826.2900000000001,94.05,Cash
1806,2023-02-03 13:00:00,2707,Keyboard,2,1800.82,3517.06,84.58,Credit Card
9890,2024-01-06 09:00:00,2786,Monitor,2,1286.16,2496.7200000000003,75.6,PayPal
8440,2023-11-06 23:00:00,2795,Keyboard,4,,2271.88,60.04,Cash
10506,2024-02-01 01:00:00,2246,Monitor,3,1379.12,4062.6699999999996,74.69,Debit Card
10668,2024-02-07 19:00:00,2395,Laptop,2,1077.7,2095.82,59.58,Credit Card
8693,2023-11-17 12:00:00,2813,Laptop,4,1447.6,5723.79,66.61,Debit Card
1548,2023-01-23 19:00:00,2486,Monitor,4,1337.73,5267.8,83.12,Cash
1027,2023-01-02 02:00:00,2427,Monitor,3,1354.63,3992.1600000000003,71.73,Credit Card
10240,2024-01-20 23:00:00,2958,Laptop,4,389.55,1527.21,30.99,Cash
4919,2023-06-13 06:00:00,2155,Laptop,4,64.16,185.25,71.39,PayPal
7448,2023-09-26 15:00:00,2478,Mouse,1,982.87,961.67,21.2,PayPal
5455,2023-07-05 14:00:00,2921,Mouse,3,1244.48,3710.01,23.43,Credit Card
2222,2023-02-20 21:00:00,2909,Monitor,3,28.99,40.74,46.23,PayPal
6539,2023-08-19 18:00:00,2776,Monitor,3,454.28,1320.2099999999998,42.63,PayPal
3549,2023-04-17 04:00:00,2293,Headphones,4,1994.85,7946.089999999999,33.31,Credit Card
1438,2023-01-19 05:00:00,2811,Laptop,1,592.1,570.96,21.14,Cash
5843,2023-07-21 18:00:00,2247,Keyboard,2,497.27,964.78,29.76,Debit Card
9888,2024-01-06 07:00:00,2745,Tablet,3,1473.23,4406.160000000001,13.53,Debit Card
2862,2023-03-19 13:00:00,2309,Mouse,1,1898.64,1878.6100000000001,20.03,Credit Card
3700,2023-04-23 11:00:00,2358,Tablet,2,687.13,1313.37,60.89,Debit Card
7557,2023-10-01 04:00:00,2183,Keyboard,4,151.62,565.49,40.99,Credit Card
3911,2023-05-02 06:00:00,2360,Headphones,2,547.18,1029.9399999999998,64.42,Cash
3482,2023-04-14 09:00:00,2919,Monitor,2,535.55,978.1099999999999,92.99,Cash
9108,2023-12-04 19:00:00,2370,Keyboard,1,1930.49,1921.59,8.9,PayPal
9861,2024-01-05 04:00:00,2242,Monitor,3,1056.44,3136.8300000000004,32.49,Credit Card
3707,2023-04-23 18:00:00,2133,Laptop,3,767.4,2226.6899999999996,75.51,PayPal
1327,2023-01-14 14:00:00,2488,Keyboard,2,761.13,1495.05,27.21,Credit Card
3500,2023-04-15 03:00:00,2733,Mouse,3,1681.61,5000.75,44.08,Debit Card
2005,2023-02-11 20:00:00,2253,Keyboard,3,807.87,2416.3700000000003,7.24,Debit Card
8699,2023-11-17 18:00:00,2405,Monitor,2,637.71,1221.19,54.23,Cash
5982,2023-07-27 13:00:00,2238,Tablet,3,1274.89,3725.09,99.58,PayPal
5012,2023-06-17 03:00:00,2134,Headphones,4,1832.2,7244.110000000001,84.69,PayPal
7977,2023-10-18 16:00:00,2674,Tablet,2,,3095.66,66.0,Cash
1535,2023-01-23 06:00:00,2503,Laptop,4,1891.8,7483.25,83.95,PayPal
6844,2023-09-01 11:00:00,2390,Headphones,2,1485.58,2921.89,49.27,Debit Card
4961,2023-06-15 00:00:00,2381,Mouse,4,1124.23,4430.21,66.71,Credit Card
1586,2023-01-25 09:00:00,2192,Laptop,3,1218.51,3579.7999999999997,75.73,Debit Card
9664,2023-12-27 23:00:00,2451,Headphones,3,1359.02,4065.1,11.96,Credit Card
6160,2023-08-03 23:00:00,2827,Monitor,1,984.17,957.38,26.79,Debit Card
5759,2023-07-18 06:00:00,2242,Tablet,3,1815.98,5366.570000000001,81.37,nan
7177,2023-09-15 08:00:00,2314,Laptop,1,861.26,804.33,56.93,PayPal
1492,2023-01-21 11:00:00,2047,Tablet,3,656.47,1925.9,43.51,PayPal
7568,2023-10-01 15:00:00,2863,Laptop,3,,2824.39,53.48,Credit Card
6299,2023-08-09 18:00:00,2418,Laptop,1,110.29,90.37,19.92,PayPal
8729,2023-11-19 00:00:00,2972,Laptop,4,875.57,3444.5,57.78,Cash
9691,2023-12-29 02:00:00,2515,Laptop,3,732.17,2184.1,12.41,Credit Card
9268,2023-12-11 11:00:00,2187,Tablet,2,1585.38,3143.59,27.17,PayPal
4549,2023-05-28 20:00:00,2548,Tablet,4,909.66,3545.5899999999997,93.05,Cash
2917,2023-03-21 20:00:00,2089,Laptop,1,1353.31,1290.9099999999999,62.4,Debit Card
4186,2023-05-13 17:00:00,2346,Keyboard,4,1909.07,7625.7699999999995,10.51,PayPal
9798,2024-01-02 13:00:00,2776,Tablet,4,844.74,3291.17,87.79,Debit Card
9036,2023-12-01 19:00:00,2849,Mouse,1,,1432.6100000000001,19.59,Debit Card
6910,2023-09-04 05:00:00,2177,Mouse,3,342.12,1000.3600000000001,26.0,PayPal
5699,2023-07-15 18:00:00,2415,Mouse,1,1263.66,1173.3200000000002,90.34,Credit Card
2134,2023-02-17 05:00:00,2612,Monitor,4,1523.24,6000.72,92.24,Credit Card
6715,2023-08-27 02:00:00,2841,Laptop,4,1668.61,6592.45,81.99,PayPal
3519,2023-04-15 22:00:00,2032,Tablet,1,1288.33,1221.75,66.58,Credit Card
2318,2023-02-24 21:00:00,2958,Tablet,3,1805.74,5361.18,56.04,Cash
1122,2023-01-06 01:00:00,2330,Keyboard,3,1882.86,5561.89,86.69,Credit Card
8935,2023-11-27 14:00:00,2888,Keyboard,1,1375.85,1302.1999999999998,73.65,Debit Card
3450,2023-04-13 01:00:00,2605,Mouse,4,1470.97,,45.8,PayPal
6382,2023-08-13 05:00:00,2952,Mouse,3,1488.66,4390.93,75.05,Cash
7181,2023-09-15 12:00:00,2749,Laptop,3,522.55,1507.3899999999999,60.26,PayPal
3602,2023-04-19 09:00:00,2491,Monitor,4,330.46,1316.75,5.09,PayPal
8415,2023-11-05 22:00:00,2933,Tablet,4,134.1,457.19,79.21,Debit Card
7040,2023-09-09 15:00:00,2106,Laptop,4,708.77,2790.5099999999998,44.57,Cash
3174,2023-04-01 13:00:00,2587,Laptop,1,673.61,619.03,54.58,Credit Card
4284,2023-05-17 19:00:00,2510,Keyboard,3,1632.15,4882.370000000001,14.08,Credit Card
4606,2023-05-31 05:00:00,2747,Laptop,3,535.25,1513.09,92.66,Cash
10627,2024-02-06 02:00:00,2726,Monitor,4,260.34,998.8199999999999,42.54,PayPal
10533,2024-02-02 04:00:00,2651,Mouse,2,737.93,1380.34,95.52,Debit Card
4769,2023-06-07 00:00:00,2673,Laptop,1,192.9,156.47,36.43,PayPal
7330,2023-09-21 17:00:00,2007,Keyboard,4,85.62,272.6,69.88,PayPal
5039,2023-06-18 06:00:00,2284,Tablet,1,1776.56,1689.33,87.23,PayPal
4503,2023-05-26 22:00:00,2185,Laptop,1,1655.27,1588.22,67.05,PayPal
2408,2023-02-28 15:00:00,2730,Keyboard,4,1273.81,5090.71,4.53,PayPal
9392,2023-12-16 15:00:00,2850,Keyboard,3,157.23,431.81999999999994,39.87,PayPal
10336,2024-01-24 23:00:00,2224,Keyboard,3,1541.17,4547.01,76.5,PayPal
6412,2023-08-14 11:00:00,2211,Headphones,2,726.57,1436.0400000000002,17.1,Cash
3580,2023-04-18 11:00:00,2830,Keyboard,2,1835.25,3590.34,80.16,PayPal
5251,2023-06-27 02:00:00,2082,Headphones,4,1051.23,4184.74,20.18,PayPal
4270,2023-05-17 05:00:00,2758,Keyboard,4,1835.69,,30.82,Cash
5950,2023-07-26 05:00:00,2109,Laptop,3,1493.9,4458.410000000001,23.29,Credit Card
2868,2023-03-19 19:00:00,2704,Laptop,2,653.59,1225.8300000000002,81.35,Debit Card
8156,2023-10-26 03:00:00,2379,Laptop,2,1439.1,2779.97,98.23,PayPal
6413,2023-08-14 12:00:00,2038,Headphones,4,,198.68,16.04,Credit Card
3522,2023-04-16 01:00:00,2437,Headphones,4,1240.28,4884.349999999999,76.77,PayPal
5919,2023-07-24 22:00:00,2194,Monitor,2,1361.38,2669.9,52.86,PayPal
2821,2023-03-17 20:00:00,2209,Headphones,2,1742.63,3393.9500000000003,91.31,Cash
10548,2024-02-02 19:00:00,2420,Laptop,4,34.91,59.11999999999999,80.52,Debit Card
1052,2023-01-03 03:00:00,2162,Tablet,2,1300.98,2597.0,4.96,Debit Card
4889,2023-06-12 00:00:00,2538,Mouse,3,44.87,52.04999999999998,82.56,Credit Card
9084,2023-12-03 19:00:00,2776,Monitor,4,1375.89,5404.56,99.0,Cash
4578,2023-05-30 01:00:00,2671,Headphones,4,787.5,3129.13,20.87,Credit Card
10634,2024-02-06 09:00:00,2804,Tablet,1,901.51,827.94,73.57,Credit Card
9460,2023-12-19 11:00:00,2869,Keyboard,2,962.05,1836.6,87.5,Debit Card
2859,2023-03-19 10:00:00,2730,Monitor,2,1351.07,2607.68,94.46,Debit Card
6609,2023-08-22 16:00:00,2587,Headphones,3,386.15,1076.2799999999997,82.17,Debit Card
8488,2023-11-08 23:00:00,2596,Keyboard,1,729.79,678.8199999999999,50.97,PayPal
5322,2023-06-30 01:00:00,2611,Tablet,4,552.27,2149.41,59.67,PayPal
6460,2023-08-16 11:00:00,2549,Mouse,4,,1256.4499999999998,69.87,Cash
3895,2023-05-01 14:00:00,2414,Laptop,3,1993.69,5913.179999999999,67.89,PayPal
10692,2024-02-08 19:00:00,2916,Tablet,3,491.68,1474.62,0.42,Debit Card
1426,2023-01-18 17:00:00,2941,Tablet,4,1849.29,,70.82,PayPal
9080,2023-12-03 15:00:00,2992,Laptop,2,1353.84,2611.1,96.58,PayPal
5829,2023-07-21 04:00:00,2368,Monitor,4,1392.39,5473.51,96.05,Debit Card
1229,2023-01-10 12:00:00,2193,Laptop,2,654.87,1279.56,30.18,Debit Card
10679,2024-02-08 06:00:00,2524,Laptop,1,1060.87,1036.32,24.55,Debit Card
3742,2023-04-25 05:00:00,2124,Monitor,4,1638.09,6548.5599999999995,3.8,Credit Card
3341,2023-04-08 12:00:00,2854,Keyboard,1,1544.82,1475.08,69.74,Debit Card
5562,2023-07-10 01:00:00,2225,Keyboard,3,1910.41,5636.250000000001,94.98,PayPal
3922,2023-05-02 17:00:00,2846,Mouse,3,,3874.9100000000003,89.23,PayPal
9858,2024-01-05 01:00:00,2786,Headphones,4,95.6,376.59999999999997,5.8,Credit Card
4654,2023-06-02 05:00:00,2055,Mouse,1,1103.95,1049.71,54.24,PayPal
5534,2023-07-08 21:00:00,2294,Tablet,4,841.74,3339.27,27.69,Credit Card
2129,2023-02-17 00:00:00,2150,Tablet,2,1489.27,2957.64,20.9,Debit Card
6630,2023-08-23 13:00:00,2935,Headphones,3,1899.3,5617.54,80.36,Cash
8865,2023-11-24 16:00:00,2588,Keyboard,4,1491.89,5894.8,72.76,Debit Card
3209,2023-04-03 00:00:00,2035,Monitor,4,502.41,1972.67,36.97,Debit Card
8131,2023-10-25 02:00:00,2090,Keyboard,1,351.26,281.53999999999996,69.72,Debit Card
10643,2024-02-06 18:00:00,2194,Mouse,3,781.07,2342.13,1.08,Credit Card
8602,2023-11-13 17:00:00,2731,Headphones,2,1181.91,2294.1200000000003,69.7,Credit Card
4154,2023-05-12 09:00:00,2331,Headphones,4,1681.59,6642.929999999999,83.43,Debit Card
6643,2023-08-24 02:00:00,2859,Monitor,3,154.35,383.46999999999997,79.58,Cash
9256,2023-12-10 23:00:00,2654,Monitor,2,763.79,1471.25,56.33,Credit Card
10660,2024-02-07 11:00:00,2440,Monitor,1,209.46,178.02,31.44,Cash
4858,2023-06-10 17:00:00,2879,Tablet,1,1170.95,1167.39,3.56,PayPal
3375,2023-04-09 22:00:00,2014,Laptop,3,315.01,889.87,55.16,Credit Card
2633,2023-03-10 00:00:00,2449,Laptop,2,,2471.77,23.87,Debit Card
6360,2023-08-12 07:00:00,2025,Headphones,2,507.42,953.4300000000001,61.41,Debit Card
3299,2023-04-06 18:00:00,2480,Monitor,1,1853.45,1758.38,95.07,PayPal
8169,2023-10-26 16:00:00,2007,Monitor,1,1457.79,1383.42,74.37,PayPal
5343,2023-06-30 22:00:00,2719,Headphones,4,804.58,3181.53,36.79,Cash
8436,2023-11-06 19:00:00,2022,Keyboard,2,1734.47,3403.4900000000002,65.45,Credit Card
8486,2023-11-08 21:00:00,2831,Keyboard,4,1793.12,7097.879999999999,74.6,Debit Card
5636,2023-07-13 03:00:00,2626,Keyboard,4,,144.08999999999997,93.55,Credit Card
2262,2023-02-22 13:00:00,2909,Tablet,2,906.8,1797.54,16.06,Credit Card
7115,2023-09-12 18:00:00,2208,Headphones,2,1923.27,3764.18,82.36,Cash
8439,2023-11-06 22:00:00,2726,Headphones,4,1541.85,6109.61,57.79,PayPal
10337,2024-01-25 00:00:00,2598,Headphones,2,258.55,496.31,20.79,Credit Card
5468,2023-07-06 03:00:00,2710,Tablet,4,694.31,2747.5899999999997,29.65,Cash
6925,2023-09-04 20:00:00,2317,Mouse,3,1297.78,3866.82,26.52,Debit Card
5688,2023-07-15 07:00:00,2224,Keyboard,2,1845.88,3650.4,41.36,Credit Card
6984,2023-09-07 07:00:00,2296,Laptop,3,441.26,1255.95,67.83,PayPal
8659,2023-11-16 02:00:00,2916,Laptop,2,535.79,1028.3,43.28,Credit Card
10866,2024-02-16 01:00:00,2453,Tablet,4,1008.3,4003.27,29.93,PayPal
3551,2023-04-17 06:00:00,2635,Monitor,2,1809.96,3580.28,39.64,PayPal
10524,2024-02-01 19:00:00,2445,Keyboard,2,908.99,1729.77,88.21,Cash
1939,2023-02-09 02:00:00,2801,Laptop,1,1951.88,1930.64,21.24,Debit Card
6653,2023-08-24 12:00:00,2303,Keyboard,3,1198.33,3502.3399999999997,92.65,Cash
10314,2024-01-24 01:00:00,2117,Keyboard,2,1851.83,3665.87,37.79,Credit Card
8472,2023-11-08 07:00:00,2229,Headphones,2,894.43,1713.55,75.31,PayPal
4232,2023-05-15 15:00:00,2589,Headphones,1,935.31,879.1899999999999,56.12,Cash
3645,2023-04-21 04:00:00,2938,Laptop,2,808.04,1575.34,40.74,Cash
4166,2023-05-12 21:00:00,2100,Mouse,2,672.44,1265.41,79.47,Credit Card
4640,2023-06-01 15:00:00,2227,Headphones,1,377.42,340.67,36.75,Cash
3062,2023-03-27 21:00:00,2406,Monitor,3,1247.92,3676.3500000000004,67.41,PayPal
5760,2023-07-18 07:00:00,2734,Tablet,2,1766.92,3446.92,86.92,Debit Card
3813,2023-04-28 04:00:00,2498,Laptop,2,124.22,159.88,88.56,Credit Card
10854,2024-02-15 13:00:00,2393,Monitor,3,1602.78,4759.2,49.14,PayPal
10071,2024-01-13 22:00:00,2026,Keyboard,2,400.91,714.3000000000001,87.52,Credit Card
10451,2024-01-29 18:00:00,2493,Keyboard,2,661.63,1311.39,11.87,PayPal
3550,2023-04-17 05:00:00,2727,Monitor,4,1742.7,6883.4400000000005,87.36,PayPal
7726,2023-10-08 05:00:00,2665,Keyboard,4,1993.08,7923.48,48.84,Credit Card
6355,2023-08-12 02:00:00,2874,Laptop,4,971.72,3824.56,62.32,nan
6345,2023-08-11 16:00:00,2212,Headphones,2,856.47,1674.3200000000002,38.62,Credit Card
5175,2023-06-23 22:00:00,2241,Monitor,2,534.43,997.8499999999999,71.01,nan
10192,2024-01-18 23:00:00,2011,Tablet,2,907.45,1803.8700000000001,11.03,PayPal
2025,2023-02-12 16:00:00,2054,Monitor,1,587.75,583.63,4.12,PayPal
9696,2023-12-29 07:00:00,2244,Tablet,2,1328.56,2610.68,46.44,PayPal
1669,2023-01-28 20:00:00,2905,Tablet,4,1440.12,5715.58,44.9,Debit Card
2952,2023-03-23 07:00:00,2513,Headphones,4,1286.25,5130.01,14.99,PayPal
8752,2023-11-19 23:00:00,2939,Tablet,4,739.52,2904.3199999999997,53.76,Debit Card
1352,2023-01-15 15:00:00,2694,Laptop,2,1320.76,2546.77,94.75,Debit Card
8074,2023-10-22 17:00:00,2696,Tablet,2,1768.24,3456.84,79.64,PayPal
4663,2023-06-02 14:00:00,2038,Tablet,2,1770.46,3485.86,55.06,Credit Card
7947,2023-10-17 10:00:00,2108,Tablet,3,1809.74,5353.2300000000005,75.99,Cash
8878,2023-11-25 05:00:00,2988,Monitor,2,1445.08,2842.92,47.24,Debit Card
4151,2023-05-12 06:00:00,2289,Keyboard,2,1965.94,3842.09,89.79,Debit Card
6615,2023-08-22 22:00:00,2487,Headphones,4,256.15,1019.0899999999999,5.51,Cash
8703,2023-11-17 22:00:00,2289,Mouse,3,1059.09,3116.4199999999996,60.85,Cash
7718,2023-10-07 21:00:00,2916,Keyboard,4,283.58,1078.48,55.84,Credit Card
3940,2023-05-03 11:00:00,2087,Monitor,2,430.5,799.67,61.33,Credit Card
2341,2023-02-25 20:00:00,2283,Headphones,3,391.37,1150.1000000000001,24.01,PayPal
10843,2024-02-15 02:00:00,2991,Tablet,2,952.49,1805.85,99.13,Debit Card
9665,2023-12-28 00:00:00,2595,Headphones,2,1305.08,2600.77,9.39,PayPal
9776,2024-01-01 15:00:00,2099,Tablet,2,1164.45,2247.9100000000003,80.99,Credit Card
6115,2023-08-02 02:00:00,2009,Monitor,1,446.58,361.02,85.56,Credit Card
9157,2023-12-06 20:00:00,2120,Laptop,3,1584.57,4686.74,66.97,Credit Card
5878,2023-07-23 05:00:00,2309,Tablet,2,334.55,573.9300000000001,95.17,Debit Card
2584,2023-03-07 23:00:00,2544,Tablet,1,267.63,222.84,44.79,Credit Card
2413,2023-02-28 20:00:00,2315,Laptop,3,509.99,1491.91,38.06,Cash
8661,2023-11-16 04:00:00,2645,Mouse,2,1050.96,2030.0600000000002,71.86,Cash
10190,2024-01-18 21:00:00,2918,Monitor,3,666.37,1909.66,89.45,Cash
3257,2023-04-05 00:00:00,2834,Keyboard,2,1595.87,3168.0299999999997,23.71,Credit Card
9646,2023-12-27 05:00:00,2814,Headphones,1,1436.79,1394.02,42.77,PayPal
3213,2023-04-03 04:00:00,2622,Laptop,2,882.31,1674.09,90.53,Credit Card
3623,2023-04-20 06:00:00,2295,Mouse,3,1947.97,5812.9,31.01,Cash
10341,2024-01-25 04:00:00,2485,Keyboard,2,1736.54,3409.23,63.85,Debit Card
4625,2023-06-01 00:00:00,2783,Headphones,1,1456.01,1413.7,42.31,Credit Card
5741,2023-07-17 12:00:00,2402,Laptop,4,1442.12,5716.089999999999,52.39,PayPal
5268,2023-06-27 19:00:00,2357,Tablet,1,681.69,604.07,77.62,Cash
10442,2024-01-29 09:00:00,2712,Headphones,2,1060.39,2066.7900000000004,53.99,Debit Card
1464,2023-01-20 07:00:00,2987,Monitor,2,1380.34,2752.64,8.04,Debit Card
2755,2023-03-15 02:00:00,2550,Tablet,4,1720.26,6829.33,51.71,Debit Card
6088,2023-07-31 23:00:00,2418,Keyboard,1,,159.98,59.41,Cash
7313,2023-09-21 00:00:00,2426,Keyboard,1,,49.349999999999994,12.59,PayPal
5467,2023-07-06 02:00:00,2320,Laptop,2,1918.6,3810.97,26.23,Cash
1379,2023-01-16 18:00:00,2022,Monitor,4,765.78,2969.33,93.79,PayPal
4107,2023-05-10 10:00:00,2101,Monitor,1,,1479.04,31.01,Cash
2336,2023-02-25 15:00:00,2017,Tablet,3,1309.83,3926.1099999999997,3.38,Cash
5514,2023-07-08 01:00:00,2779,Keyboard,1,1533.81,1504.4199999999998,29.39,Debit Card
3717,2023-04-24 04:00:00,2849,Tablet,2,1452.14,2836.7900000000004,67.49,Debit Card
10929,2024-02-18 16:00:00,2195,Monitor,3,351.12,1014.8700000000001,38.49,Debit Card
5834,2023-07-21 09:00:00,2674,Headphones,3,164.45,404.08,89.27,Debit Card
6426,2023-08-15 01:00:00,2492,Tablet,4,1925.02,,41.2,Credit Card
6651,2023-08-24 10:00:00,2528,Mouse,2,1726.48,3416.3,36.66,Cash
2812,2023-03-17 11:00:00,2643,Laptop,3,489.75,1426.95,42.3,PayPal
2895,2023-03-20 22:00:00,2225,Mouse,2,686.56,1293.07,80.05,Debit Card
8366,2023-11-03 21:00:00,2700,Keyboard,3,570.59,1617.06,94.71,Cash
6636,2023-08-23 19:00:00,2598,Monitor,3,1812.46,5434.5,2.88,Debit Card
2190,2023-02-19 13:00:00,2369,Headphones,2,1246.26,2439.5,53.02,PayPal
9673,2023-12-28 08:00:00,2520,Mouse,2,451.05,812.63,89.47,Cash
6465,2023-08-16 16:00:00,2399,Headphones,1,236.68,199.69,36.99,Debit Card
4455,2023-05-24 22:00:00,2699,Laptop,2,475.55,865.26,85.84,Debit Card
6866,2023-09-02 09:00:00,2661,Tablet,2,424.31,762.24,86.38,Debit Card
5430,2023-07-04 13:00:00,2967,Keyboard,1,614.95,599.4300000000001,15.52,PayPal
5439,2023-07-04 22:00:00,2787,Mouse,1,84.42,58.53,25.89,Cash
9727,2023-12-30 14:00:00,2648,Laptop,1,1494.19,1395.8300000000002,98.36,Cash
8513,2023-11-10 00:00:00,2815,Mouse,2,1509.45,2954.51,64.39,Cash
4993,2023-06-16 08:00:00,2473,Mouse,1,562.71,557.1,5.61,Debit Card
8972,2023-11-29 03:00:00,2823,Keyboard,2,,2765.7,58.42,Cash
2031,2023-02-12 22:00:00,2773,Mouse,2,1608.43,3199.4900000000002,17.37,Credit Card
6145,2023-08-03 08:00:00,2222,Tablet,3,1342.47,4020.7599999999998,6.65,Credit Card
8863,2023-11-24 14:00:00,2681,Tablet,4,1895.47,7531.16,50.72,Debit Card
4775,2023-06-07 06:00:00,2347,Tablet,4,455.86,1727.6000000000001,95.84,PayPal
9666,2023-12-28 01:00:00,2534,Tablet,2,1857.69,3649.81,65.57,Credit Card
9115,2023-12-05 02:00:00,2045,Monitor,4,277.01,1096.26,11.78,PayPal
2756,2023-03-15 03:00:00,2522,Tablet,3,1361.29,4003.8599999999997,80.01,Cash
10601,2024-02-05 00:00:00,2267,Laptop,1,375.49,285.11,90.38,Cash
8244,2023-10-29 19:00:00,2038,Laptop,1,1432.03,1348.1599999999999,83.87,Debit Card
5328,2023-06-30 07:00:00,2294,Tablet,1,815.15,722.02,93.13,Debit Card
1111,2023-01-05 14:00:00,2693,Headphones,2,1993.87,3942.5699999999997,45.17,Cash
7055,2023-09-10 06:00:00,2527,Laptop,4,1832.7,7283.83,46.97,Debit Card
10043,2024-01-12 18:00:00,2719,Monitor,2,1299.28,,60.71,Debit Card
3918,2023-05-02 13:00:00,2213,Laptop,3,740.17,2214.9999999999995,5.51,Cash
2516,2023-03-05 03:00:00,2727,Headphones,2,1674.09,3313.64,34.54,Debit Card
10922,2024-02-18 09:00:00,2820,Headphones,2,747.17,1415.6799999999998,78.66,Cash
10681,2024-02-08 08:00:00,2553,Headphones,4,1229.34,4849.0199999999995,68.34,Cash
10519,2024-02-01 14:00:00,2255,Tablet,1,889.81,846.8199999999999,42.99,Cash
9834,2024-01-04 01:00:00,2552,Mouse,1,686.33,605.6700000000001,80.66,nan
3264,2023-04-05 07:00:00,2879,Laptop,4,1881.12,7430.429999999999,94.05,Credit Card
5644,2023-07-13 11:00:00,2243,Headphones,1,1303.8,1263.93,39.87,PayPal
9918,2024-01-07 13:00:00,2165,Tablet,3,1636.76,4843.82,66.46,nan
8389,2023-11-04 20:00:00,2252,Laptop,3,273.19,737.6899999999999,81.88,Debit Card
1894,2023-02-07 05:00:00,2291,Mouse,2,1945.56,3810.93,80.19,PayPal
2491,2023-03-04 02:00:00,2759,Mouse,2,338.1,656.4300000000001,19.77,Credit Card
2851,2023-03-19 02:00:00,2628,Mouse,3,1365.41,4035.0900000000006,61.14,Credit Card
1325,2023-01-14 12:00:00,2908,Mouse,3,1595.92,4713.2300000000005,74.53,PayPal
2216,2023-02-20 15:00:00,2883,Laptop,2,540.11,1026.06,54.16,PayPal
3934,2023-05-03 05:00:00,2661,Monitor,1,1117.81,1095.52,22.29,Cash
10976,2024-02-20 15:00:00,2174,Keyboard,1,522.16,447.25,74.91,PayPal
10646,2024-02-06 21:00:00,2593,Tablet,1,217.47,153.57999999999998,63.89,Credit Card
10078,2024-01-14 05:00:00,2459,Headphones,2,223.24,368.06,78.42,PayPal
7837,2023-10-12 20:00:00,2573,Keyboard,3,315.79,941.0200000000001,6.35,Debit Card
8933,2023-11-27 12:00:00,2904,Laptop,2,81.61,118.28,44.94,Credit Card
2130,2023-02-17 01:00:00,2815,Monitor,4,273.21,992.9799999999999,99.86,Credit Card
6309,2023-08-10 04:00:00,2561,Tablet,2,1517.23,3020.93,13.53,Credit Card
3919,2023-05-02 14:00:00,2443,Tablet,1,1232.4,1190.7800000000002,41.62,PayPal
4085,2023-05-09 12:00:00,2261,Monitor,1,741.91,670.1899999999999,71.72,Cash
5305,2023-06-29 08:00:00,2959,Tablet,3,521.48,1528.46,35.98,PayPal
3796,2023-04-27 11:00:00,2509,Monitor,2,959.61,1888.8700000000001,30.35,Cash
5408,2023-07-03 15:00:00,2048,Laptop,1,1434.75,1398.04,36.71,Debit Card
1799,2023-02-03 06:00:00,2891,Keyboard,4,937.89,3694.64,56.92,Cash
1735,2023-01-31 14:00:00,2906,Keyboard,2,,1854.7600000000002,92.62,PayPal
8835,2023-11-23 10:00:00,2568,Keyboard,2,1521.78,3017.74,25.82,Debit Card
3245,2023-04-04 12:00:00,2417,Keyboard,3,1298.23,3874.76,19.93,Debit Card
1179,2023-01-08 10:00:00,2753,Tablet,4,1423.51,5680.01,14.03,Cash
8226,2023-10-29 01:00:00,2895,Laptop,3,1852.1,5476.789999999999,79.51,Credit Card
8760,2023-11-20 07:00:00,2719,Keyboard,4,251.52,953.2,52.88,PayPal
2175,2023-02-18 22:00:00,2416,Laptop,4,670.99,2630.56,53.4,Debit Card
7484,2023-09-28 03:00:00,2814,Tablet,2,864.59,1681.3600000000001,47.82,PayPal
2832,2023-03-18 07:00:00,2584,Mouse,2,1401.54,2782.42,20.66,PayPal
10195,2024-01-19 02:00:00,2131,Mouse,1,360.56,310.93,49.63,Credit Card
7380,2023-09-23 19:00:00,2888,Headphones,3,243.62,689.07,41.79,Credit Card
9448,2023-12-18 23:00:00,2320,Monitor,3,808.14,2341.9300000000003,82.49,Cash
9048,2023-12-02 07:00:00,2747,Monitor,1,384.87,361.02,23.85,PayPal
4202,2023-05-14 09:00:00,2693,Monitor,1,1608.82,1579.07,29.75,nan
1199,2023-01-09 06:00:00,2852,Monitor,3,1153.06,3364.5699999999997,94.61,Debit Card
7307,2023-09-20 18:00:00,2109,Keyboard,3,,3908.41,28.13,PayPal
5088,2023-06-20 07:00:00,2494,Headphones,3,999.17,2963.7499999999995,33.76,Debit Card
1549,2023-01-23 20:00:00,2046,Laptop,4,1913.58,7619.049999999999,35.27,Cash
8657,2023-11-16 00:00:00,2592,Tablet,1,435.01,359.53999999999996,75.47,PayPal
6045,2023-07-30 04:00:00,2865,Keyboard,4,1896.55,7580.25,5.95,Credit Card
6267,2023-08-08 10:00:00,2794,Tablet,1,1493.46,1448.88,44.58,Debit Card
3533,2023-04-16 12:00:00,2864,Headphones,4,283.74,1071.02,63.94,Credit Card
3315,2023-04-07 10:00:00,2658,Laptop,1,1904.07,1864.97,39.1,PayPal
8380,2023-11-04 11:00:00,2086,Tablet,1,1361.38,1289.49,71.89,PayPal
5416,2023-07-03 23:00:00,2897,Laptop,3,1168.76,3437.2699999999995,69.01,PayPal
1067,2023-01-03 18:00:00,2192,Laptop,1,123.6,,54.34,Credit Card
4261,2023-05-16 20:00:00,2654,Mouse,2,1983.4,3901.8,65.0,Cash
3573,2023-04-18 04:00:00,2035,Keyboard,2,395.2,730.13,60.27,Credit Card
7309,2023-09-20 20:00:00,2357,Keyboard,4,1127.99,4498.24,13.72,PayPal
8143,2023-10-25 14:00:00,2776,Keyboard,4,,1677.94,54.78,Cash
1623,2023-01-26 22:00:00,2144,Tablet,4,979.56,3913.83,4.41,Cash
2682,2023-03-12 01:00:00,2715,Laptop,2,216.18,427.44,4.92,PayPal
1788,2023-02-02 19:00:00,2143,Keyboard,4,292.53,,3.54,Debit Card
4333,2023-05-19 20:00:00,2837,Mouse,2,1688.57,3361.0499999999997,16.09,Credit Card
6508,2023-08-18 11:00:00,2848,Monitor,4,1616.15,6460.17,4.43,Cash
7587,2023-10-02 10:00:00,2417,Headphones,2,1069.54,2066.46,72.62,Debit Card
4281,2023-05-17 16:00:00,2981,Tablet,4,1575.06,6272.95,27.29,Credit Card
9747,2023-12-31 10:00:00,2530,Headphones,2,1282.45,2470.82,94.08,Debit Card
7192,2023-09-15 23:00:00,2661,Monitor,3,206.43,,45.04,Credit Card
6502,2023-08-18 05:00:00,2187,Keyboard,4,501.57,1944.93,61.35,Credit Card
10084,2024-01-14 11:00:00,2366,Laptop,1,903.13,873.88,29.25,Credit Card
9501,2023-12-21 04:00:00,2881,Mouse,1,1667.11,1600.4499999999998,66.66,PayPal
1479,2023-01-20 22:00:00,2854,Tablet,2,734.16,1374.04,94.28,Debit Card
7315,2023-09-21 02:00:00,2074,Headphones,3,892.14,2666.91,9.51,Cash
3648,2023-04-21 07:00:00,2537,Monitor,2,408.54,728.49,88.59,Cash
5853,2023-07-22 04:00:00,2382,Tablet,3,909.69,2681.09,47.98,nan
8641,2023-11-15 08:00:00,2537,Monitor,2,1614.25,3133.69,94.81,Debit Card
2034,2023-02-13 01:00:00,2629,Headphones,2,206.37,365.34000000000003,47.4,Debit Card
6197,2023-08-05 12:00:00,2376,Headphones,3,783.89,2299.73,51.94,Cash
3599,2023-04-19 06:00:00,2394,Tablet,3,1790.19,5301.91,68.66,Credit Card
5588,2023-07-11 03:00:00,2149,Monitor,3,149.03,399.16,47.93,Debit Card
9302,2023-12-12 21:00:00,2506,Keyboard,2,1990.93,3975.6800000000003,6.18,Debit Card
8250,2023-10-30 01:00:00,2469,Keyboard,1,,1000.91,56.66,Debit Card
1345,2023-01-15 08:00:00,2989,Keyboard,4,262.21,971.3999999999999,77.44,Credit Card
5503,2023-07-07 14:00:00,2071,Keyboard,2,414.01,768.81,59.21,Credit Card
2872,2023-03-19 23:00:00,2598,Laptop,2,474.49,898.29,50.69,Credit Card
7087,2023-09-11 14:00:00,2413,Keyboard,3,971.12,2891.71,21.65,Credit Card
4987,2023-06-16 02:00:00,2343,Laptop,3,,1682.95,41.18,Cash
4146,2023-05-12 01:00:00,2611,Laptop,1,1501.91,1471.3000000000002,30.61,Credit Card
3889,2023-05-01 08:00:00,2620,Keyboard,4,1681.63,6652.280000000001,74.24,Debit Card
1221,2023-01-10 04:00:00,2593,Monitor,3,,4778.58,77.19,PayPal
10655,2024-02-07 06:00:00,2064,Keyboard,3,445.32,1275.25,60.71,Credit Card
9748,2023-12-31 11:00:00,2263,Tablet,2,1825.65,,57.81,PayPal
5515,2023-07-08 02:00:00,2580,Monitor,4,162.07,566.9399999999999,81.34,Debit Card
5017,2023-06-17 08:00:00,2742,Mouse,1,1474.11,1429.35,44.76,Debit Card
5550,2023-07-09 13:00:00,2805,Monitor,3,615.58,1782.8200000000002,63.92,PayPal
5249,2023-06-27 00:00:00,2936,Laptop,4,610.22,2435.78,5.1,PayPal
10618,2024-02-05 17:00:00,2798,Monitor,3,970.27,2883.7,27.11,Cash
7604,2023-10-03 03:00:00,2604,Monitor,2,1094.71,2122.16,67.26,Credit Card
8788,2023-11-21 11:00:00,2115,Monitor,4,1592.98,6328.6,43.32,Credit Card
9467,2023-12-19 18:00:00,2348,Monitor,3,206.09,578.52,39.75,Credit Card
8794,2023-11-21 17:00:00,2322,Tablet,3,1558.28,4653.17,21.67,PayPal
5242,2023-06-26 17:00:00,2644,Headphones,4,1981.86,7889.2699999999995,38.17,Cash
5686,2023-07-15 05:00:00,2119,Monitor,1,1020.88,1010.26,10.62,Cash
10554,2024-02-03 01:00:00,2680,Laptop,2,27.98,54.09,1.87,Cash
6422,2023-08-14 21:00:00,2209,Monitor,1,1840.45,1755.66,84.79,Cash
3882,2023-05-01 01:00:00,2892,Keyboard,4,,4938.650000000001,12.11,PayPal
2678,2023-03-11 21:00:00,2275,Keyboard,4,1057.17,4146.3,82.38,PayPal
8504,2023-11-09 15:00:00,2733,Keyboard,3,1036.1,3038.14,70.16,PayPal
1902,2023-02-07 13:00:00,2236,Laptop,2,24.33,-4.090000000000003,52.75,Credit Card
8895,2023-11-25 22:00:00,2525,Monitor,2,1294.88,2576.5400000000004,13.22,Credit Card
3297,2023-04-06 16:00:00,2388,Laptop,2,714.83,1355.8700000000001,73.79,Cash
7919,2023-10-16 06:00:00,2658,Headphones,1,1188.18,1114.3300000000002,73.85,Cash
5650,2023-07-13 17:00:00,2433,Tablet,2,398.72,709.08,88.36,Cash
1297,2023-01-13 08:00:00,2566,Tablet,3,315.19,944.2299999999999,1.34,PayPal
10225,2024-01-20 08:00:00,2820,Headphones,3,1390.43,4079.69,91.6,PayPal
5154,2023-06-23 01:00:00,2463,Mouse,4,564.56,2190.7299999999996,67.51,PayPal
1264,2023-01-11 23:00:00,2304,Mouse,2,1529.99,2985.01,74.97,Debit Card
1028,2023-01-02 03:00:00,2157,Mouse,1,979.43,955.75,23.68,Credit Card
6762,2023-08-29 01:00:00,2224,Headphones,4,1419.09,5658.719999999999,17.64,Cash
8413,2023-11-05 20:00:00,2597,Tablet,4,791.13,3090.33,74.19,PayPal
8371,2023-11-04 02:00:00,2956,Mouse,3,1408.93,4186.45,40.34,Cash
7477,2023-09-27 20:00:00,2086,Laptop,2,1795.93,3512.8700000000003,78.99,Credit Card
4249,2023-05-16 08:00:00,2836,Tablet,1,402.53,361.42999999999995,41.1,Credit Card
8619,2023-11-14 10:00:00,2146,Keyboard,4,1094.63,4330.200000000001,48.32,PayPal
6740,2023-08-28 03:00:00,2691,Headphones,3,674.14,1947.49,74.93,Debit Card
3581,2023-04-18 12:00:00,2714,Laptop,4,611.77,2419.2599999999998,27.82,PayPal
5880,2023-07-23 07:00:00,2967,Monitor,2,777.02,1491.18,62.86,Debit Card
7080,2023-09-11 07:00:00,2134,Keyboard,3,1303.8,3876.18,35.22,Cash
2371,2023-02-27 02:00:00,2933,Laptop,4,757.78,2931.89,99.23,Cash
7005,2023-09-08 04:00:00,2665,Monitor,1,1224.66,1160.73,63.93,PayPal
2499,2023-03-04 10:00:00,2523,Mouse,2,944.01,1805.36,82.66,Credit Card
6737,2023-08-28 00:00:00,2924,Mouse,3,592.4,1721.2199999999998,55.98,PayPal
6229,2023-08-06 20:00:00,2157,Monitor,1,1552.76,1491.65,61.11,Debit Card
1682,2023-01-29 09:00:00,2029,Keyboard,4,1222.04,4830.05,58.11,Credit Card
4160,2023-05-12 15:00:00,2321,Laptop,4,1022.86,4025.19,66.25,Cash
3988,2023-05-05 11:00:00,2560,Headphones,3,1895.01,5677.929999999999,7.1,Cash
2883,2023-03-20 10:00:00,2409,Keyboard,4,1387.12,5458.839999999999,89.64,Credit Card
9843,2024-01-04 10:00:00,2602,Keyboard,2,1651.8,3216.5499999999997,87.05,Debit Card
2941,2023-03-22 20:00:00,2263,Tablet,1,1066.71,1039.74,26.97,Debit Card
4297,2023-05-18 08:00:00,2395,Keyboard,1,124.34,38.06,86.28,Debit Card
4535,2023-05-28 06:00:00,2817,Mouse,3,,3666.32,28.6,Cash
4730,2023-06-05 09:00:00,2779,Headphones,2,793.49,1554.92,32.06,Cash
9864,2024-01-05 07:00:00,2869,Headphones,2,1703.33,3370.8799999999997,35.78,Debit Card
2182,2023-02-19 05:00:00,2923,Tablet,4,562.62,2187.7400000000002,62.74,PayPal
2376,2023-02-27 07:00:00,2070,Mouse,4,551.09,2116.86,87.5,Cash
6786,2023-08-30 01:00:00,2613,Monitor,4,1857.85,,24.41,Cash
6050,2023-07-30 09:00:00,2071,Monitor,3,160.35,441.18999999999994,39.86,Credit Card
1627,2023-01-27 02:00:00,2400,Laptop,1,1089.37,1062.33,27.04,Debit Card
3113,2023-03-30 00:00:00,2378,Headphones,4,716.39,2809.08,56.48,Cash
7438,2023-09-26 05:00:00,2895,Keyboard,3,701.74,2046.7900000000002,58.43,PayPal
8702,2023-11-17 21:00:00,2797,Keyboard,2,187.1,335.48,38.72,Cash
8264,2023-10-30 15:00:00,2923,Keyboard,1,,1172.79,72.0,Debit Card
7884,2023-10-14 19:00:00,2386,Mouse,1,463.18,412.97,50.21,Debit Card
5181,2023-06-24 04:00:00,2986,Tablet,3,1346.3,3995.0699999999997,43.83,Credit Card
9247,2023-12-10 14:00:00,2777,Headphones,2,198.53,343.22,53.84,Cash
5610,2023-07-12 01:00:00,2324,Monitor,4,,2035.16,80.32,PayPal
2463,2023-03-02 22:00:00,2462,Tablet,4,,2341.8900000000003,28.39,Cash
3888,2023-05-01 07:00:00,2877,Tablet,2,1536.15,2991.32,80.98,Credit Card
5885,2023-07-23 12:00:00,2385,Mouse,4,1069.78,4217.63,61.49,Cash
1685,2023-01-29 12:00:00,2609,Mouse,3,1076.85,3168.64,61.91,Debit Card
8982,2023-11-29 13:00:00,2097,Monitor,1,1506.4,1410.19,96.21,Credit Card
9282,2023-12-12 01:00:00,2767,Keyboard,3,714.51,2056.54,86.99,Credit Card
2367,2023-02-26 22:00:00,2468,Monitor,2,119.71,210.66,28.76,Debit Card
4917,2023-06-13 04:00:00,2068,Monitor,2,151.04,204.71999999999997,97.36,Cash
8643,2023-11-15 10:00:00,2088,Tablet,3,,4571.13,56.4,PayPal
3640,2023-04-20 23:00:00,2992,Mouse,4,1743.55,6967.349999999999,6.85,Cash
10936,2024-02-18 23:00:00,2310,Headphones,4,1017.99,4037.26,34.7,Credit Card
10495,2024-01-31 14:00:00,2565,Keyboard,3,1177.61,3471.35,61.48,PayPal
7454,2023-09-26 21:00:00,2320,Keyboard,3,1895.35,5600.179999999999,85.87,Debit Card
3301,2023-04-06 20:00:00,2135,Monitor,1,1462.53,1396.95,65.58,Cash
3939,2023-05-03 10:00:00,2963,Headphones,1,1479.81,1461.24,18.57,Cash
9368,2023-12-15 15:00:00,2117,Keyboard,1,1375.45,1362.68,12.77,PayPal
10610,2024-02-05 09:00:00,2280,Monitor,3,1457.57,4371.17,1.54,Cash
10544,2024-02-02 15:00:00,2094,Keyboard,2,,3583.16,78.36,Cash
2980,2023-03-24 11:00:00,2575,Tablet,4,786.13,3114.52,30.0,Cash
4804,2023-06-08 11:00:00,2612,Mouse,4,148.02,571.95,20.13,PayPal
6020,2023-07-29 03:00:00,2919,Laptop,4,1950.05,7762.82,37.38,PayPal
9431,2023-12-18 06:00:00,2682,Keyboard,1,1099.53,1055.6399999999999,43.89,Debit Card
6063,2023-07-30 22:00:00,2978,Headphones,4,43.35,154.64000000000001,18.76,PayPal
7932,2023-10-16 19:00:00,2757,Laptop,2,628.52,1219.23,37.81,Cash
3281,2023-04-06 00:00:00,2329,Mouse,4,1297.98,5163.57,28.35,Debit Card
5915,2023-07-24 18:00:00,2886,Headphones,4,943.1,3694.57,77.83,Debit Card
9542,2023-12-22 21:00:00,2412,Mouse,3,91.87,198.88,76.73,Credit Card
5470,2023-07-06 05:00:00,2256,Keyboard,1,135.53,119.09,16.44,Cash
8392,2023-11-04 23:00:00,2320,Tablet,4,153.54,517.61,96.55,Cash
5131,2023-06-22 02:00:00,2227,Monitor,3,1771.92,5290.860000000001,24.9,PayPal
7715,2023-10-07 18:00:00,2635,Monitor,2,148.75,288.52,8.98,Debit Card
8094,2023-10-23 13:00:00,2513,Mouse,4,1265.19,4972.37,88.39,PayPal
2785,2023-03-16 08:00:00,2843,Tablet,4,1744.15,6958.79,17.81,Debit Card
4183,2023-05-13 14:00:00,2204,Headphones,1,1513.58,1439.28,74.3,Debit Card
1495,2023-01-21 14:00:00,2284,Keyboard,1,185.79,161.47,24.32,Credit Card
9154,2023-12-06 17:00:00,2908,Tablet,1,1984.52,1932.61,51.91,Cash
5607,2023-07-11 22:00:00,2473,Headphones,2,48.75,44.26,53.24,Cash
3861,2023-04-30 04:00:00,2252,Monitor,1,1770.04,1755.92,14.12,Debit Card
7751,2023-10-09 06:00:00,2870,Tablet,4,1059.93,4140.58,99.14,PayPal
5042,2023-06-18 09:00:00,2153,Headphones,2,1615.49,3210.12,20.86,Debit Card
8948,2023-11-28 03:00:00,2278,Tablet,3,519.98,1506.3700000000001,53.57,PayPal
3898,2023-05-01 17:00:00,2461,Headphones,2,1222.35,2379.1099999999997,65.59,Credit Card
1367,2023-01-16 06:00:00,2647,Keyboard,3,,2467.6600000000003,63.41,Debit Card
1850,2023-02-05 09:00:00,2682,Laptop,2,559.86,1119.15,0.57,Debit Card
9787,2024-01-02 02:00:00,2055,Monitor,2,1324.47,2571.51,77.43,PayPal
5901,2023-07-24 04:00:00,2006,Monitor,1,111.51,95.53,15.98,Cash
10735,2024-02-10 14:00:00,2034,Mouse,2,419.2,806.75,31.65,Cash
6373,2023-08-12 20:00:00,2744,Headphones,1,1988.73,1941.85,46.88,Cash
3654,2023-04-21 13:00:00,2119,Laptop,2,276.09,452.72999999999996,99.45,Debit Card
4504,2023-05-26 23:00:00,2752,Headphones,2,1697.75,3309.33,86.17,PayPal
2542,2023-03-06 05:00:00,2672,Tablet,2,1424.26,2787.06,61.46,Credit Card
5611,2023-07-12 02:00:00,2052,Tablet,1,48.46,-42.440000000000005,90.9,Debit Card
10317,2024-01-24 04:00:00,2493,Monitor,2,1762.05,3492.5899999999997,31.51,PayPal
1323,2023-01-14 10:00:00,2976,Tablet,3,1067.42,3180.8,21.46,Debit Card
3032,2023-03-26 15:00:00,2164,Tablet,3,681.18,1999.1399999999999,44.4,Debit Card
1814,2023-02-03 21:00:00,2838,Tablet,1,292.09,268.13,23.96,Credit Card
3529,2023-04-16 08:00:00,2997,Monitor,2,40.19,35.23,45.15,Cash
10847,2024-02-15 06:00:00,2216,Mouse,4,720.15,2792.9,87.7,Debit Card
10662,2024-02-07 13:00:00,2620,Monitor,1,668.51,634.74,33.77,Credit Card
2080,2023-02-14 23:00:00,2415,Laptop,3,1269.98,3732.06,77.88,Cash
3227,2023-04-03 18:00:00,2233,Headphones,2,1625.56,3211.44,39.68,PayPal
10600,2024-02-04 23:00:00,2477,Headphones,3,,4277.63,32.41,Debit Card
10096,2024-01-14 23:00:00,2505,Laptop,3,1277.44,3775.23,57.09,PayPal
3706,2023-04-23 17:00:00,2270,Mouse,1,508.38,432.42,75.96,Cash
8563,2023-11-12 02:00:00,2878,Tablet,2,497.39,970.4499999999999,24.33,Debit Card
10576,2024-02-03 23:00:00,2195,Monitor,3,1823.31,5384.7300000000005,85.2,Credit Card
2165,2023-02-18 12:00:00,2601,Tablet,4,169.38,598.97,78.55,Cash
4262,2023-05-16 21:00:00,2117,Headphones,1,1716.79,1672.54,44.25,PayPal
6567,2023-08-20 22:00:00,2629,Monitor,2,697.05,1358.6399999999999,35.46,PayPal
2451,2023-03-02 10:00:00,2967,Headphones,3,944.88,2788.3399999999997,46.3,Debit Card
5230,2023-06-26 05:00:00,2668,Monitor,4,482.83,1925.1799999999998,6.14,PayPal
4863,2023-06-10 22:00:00,2714,Mouse,1,945.76,914.4399999999999,31.32,Credit Card
7761,2023-10-09 16:00:00,2200,Tablet,2,1406.82,2802.97,10.67,PayPal
8628,2023-11-14 19:00:00,2977,Laptop,2,1665.33,3327.54,3.12,Cash
8885,2023-11-25 12:00:00,2584,Headphones,2,1027.04,2017.6599999999999,36.42,Debit Card
6839,2023-09-01 06:00:00,2693,Monitor,3,,3646.24,89.51,PayPal
9570,2023-12-24 01:00:00,2554,Laptop,2,664.89,1303.41,26.37,Debit Card
7891,2023-10-15 02:00:00,2924,Tablet,4,1878.01,7466.11,45.93,Credit Card
8337,2023-11-02 16:00:00,2055,Monitor,3,1434.62,4237.179999999999,66.68,Credit Card
6364,2023-08-12 11:00:00,2201,Monitor,1,,1544.38,18.0,PayPal
5057,2023-06-19 00:00:00,2052,Mouse,3,1717.19,5149.84,1.73,Debit Card
10989,2024-02-21 04:00:00,2172,Mouse,1,1119.88,1104.8700000000001,15.01,PayPal
4000,2023-05-05 23:00:00,2330,Headphones,2,1127.43,2250.2200000000003,4.64,Debit Card
10482,2024-01-31 01:00:00,2603,Headphones,2,379.29,660.1,98.48,Cash
2232,2023-02-21 07:00:00,2901,Mouse,4,1413.17,5578.700000000001,73.98,Credit Card
2515,2023-03-05 02:00:00,2516,Keyboard,2,494.75,955.92,33.58,Cash
3314,2023-04-07 09:00:00,2909,Monitor,4,738.44,2933.23,20.53,Debit Card
2452,2023-03-02 11:00:00,2860,Keyboard,3,615.91,1833.6,14.13,nan
4413,2023-05-23 04:00:00,2163,Laptop,3,1117.49,,33.97,Cash
7691,2023-10-06 18:00:00,2914,Monitor,4,97.58,294.48,95.84,Credit Card
9956,2024-01-09 03:00:00,2798,Monitor,2,653.04,1290.32,15.76,PayPal
5322,2023-06-30 01:00:00,2611,Tablet,4,552.27,2149.41,59.67,PayPal
7201,2023-09-16 08:00:00,2049,Mouse,1,140.5,,5.64,Debit Card
1839,2023-02-04 22:00:00,2941,Keyboard,1,1427.27,1355.05,72.22,PayPal
8205,2023-10-28 04:00:00,2490,Tablet,4,540.11,2127.88,32.56,Credit Card
10694,2024-02-08 21:00:00,2876,Mouse,4,249.0,914.09,81.91,Cash
8114,2023-10-24 09:00:00,2282,Keyboard,2,694.91,,97.65,Debit Card
10948,2024-02-19 11:00:00,2743,Tablet,3,356.89,1015.58,55.09,PayPal
4568,2023-05-29 15:00:00,2418,Mouse,3,986.7,2901.2500000000005,58.85,PayPal
10732,2024-02-10 11:00:00,2495,Headphones,2,1195.75,2356.86,34.64,PayPal
4088,2023-05-09 15:00:00,2524,Keyboard,3,390.29,1135.7900000000002,35.08,Cash
10079,2024-01-14 06:00:00,2324,Laptop,2,1843.72,3659.17,28.27,Credit Card
7464,2023-09-27 07:00:00,2847,Laptop,1,1505.5,1414.24,91.26,Cash
2715,2023-03-13 10:00:00,2032,Mouse,4,139.54,529.54,28.62,nan
5271,2023-06-27 22:00:00,2163,Mouse,2,1160.79,2258.6,62.98,Credit Card
1340,2023-01-15 03:00:00,2154,Headphones,4,1200.16,4713.79,86.85,Credit Card
8465,2023-11-08 00:00:00,2055,Laptop,2,1484.34,2889.52,79.16,Debit Card
7585,2023-10-02 08:00:00,2758,Mouse,3,869.64,2534.9900000000002,73.93,Credit Card
6683,2023-08-25 18:00:00,2770,Laptop,1,1560.7,1541.7,19.0,Debit Card
9592,2023-12-24 23:00:00,2635,Monitor,2,1717.63,3387.94,47.32,PayPal
8311,2023-11-01 14:00:00,2672,Headphones,2,726.51,1407.56,45.46,PayPal
1589,2023-01-25 12:00:00,2062,Tablet,2,363.2,678.21,48.19,Credit Card
4366,2023-05-21 05:00:00,2063,Tablet,4,810.62,3182.2,60.28,Debit Card
3671,2023-04-22 06:00:00,2573,Headphones,1,,80.86000000000001,50.98,Cash
4590,2023-05-30 13:00:00,2707,Headphones,2,1776.53,3514.5499999999997,38.51,PayPal
1035,2023-01-02 10:00:00,2543,Headphones,2,1857.43,3625.6,89.26,Credit Card
1029,2023-01-02 04:00:00,2555,Tablet,3,332.1,959.5300000000001,36.77,Credit Card
8755,2023-11-20 02:00:00,2599,Monitor,2,1130.04,2227.73,32.35,Debit Card
7854,2023-10-13 13:00:00,2237,Headphones,1,1728.31,1708.31,20.0,Cash
3171,2023-04-01 10:00:00,2848,Headphones,1,965.88,957.21,8.67,Cash
6707,2023-08-26 18:00:00,2413,Tablet,3,1317.28,3863.8700000000003,87.97,Cash
6174,2023-08-04 13:00:00,2535,Tablet,2,1355.13,2670.73,39.53,Debit Card
1890,2023-02-07 01:00:00,2642,Mouse,3,686.64,1993.6200000000001,66.3,Cash
8206,2023-10-28 05:00:00,2686,Laptop,4,667.67,2663.56,7.12,Debit Card
4323,2023-05-19 10:00:00,2242,Laptop,3,1122.99,3346.5600000000004,22.41,Credit Card
10868,2024-02-16 03:00:00,2273,Tablet,4,1672.38,,76.29,PayPal
4515,2023-05-27 10:00:00,2388,Keyboard,2,1387.53,2752.14,22.92,Credit Card
7278,2023-09-19 13:00:00,2881,Tablet,3,72.02,183.45,32.61,PayPal
10465,2024-01-30 08:00:00,2204,Monitor,3,1737.68,5146.1,66.94,Credit Card
6954,2023-09-06 01:00:00,2693,Keyboard,1,953.72,889.6500000000001,64.07,Debit Card
4734,2023-06-05 13:00:00,2873,Laptop,4,,5889.27,52.45,PayPal
6215,2023-08-06 06:00:00,2428,Mouse,2,55.65,66.47,44.83,Cash
10941,2024-02-19 04:00:00,2245,Laptop,1,94.91,74.58,20.33,Debit Card
8841,2023-11-23 16:00:00,2796,Keyboard,1,221.81,159.83,61.98,PayPal
5529,2023-07-08 16:00:00,2262,Mouse,4,1603.38,6370.6,42.92,Debit Card
2655,2023-03-10 22:00:00,2351,Laptop,4,661.12,2603.48,41.0,Debit Card
9129,2023-12-05 16:00:00,2459,Tablet,1,684.75,671.65,13.1,Debit Card
6585,2023-08-21 16:00:00,2895,Monitor,2,1477.78,2934.04,21.52,Debit Card
1224,2023-01-10 07:00:00,2300,Laptop,2,752.67,1443.47,61.87,Debit Card
10059,2024-01-13 10:00:00,2556,Headphones,1,638.44,558.0300000000001,80.41,Credit Card
5914,2023-07-24 17:00:00,2617,Tablet,3,1602.15,4755.660000000001,50.79,Credit Card
5240,2023-06-26 15:00:00,2459,Keyboard,1,1103.74,1056.41,47.33,Cash
2591,2023-03-08 06:00:00,2003,Tablet,4,1208.01,4776.9,55.14,Credit Card
10834,2024-02-14 17:00:00,2887,Keyboard,3,415.83,1188.32,59.17,PayPal
4257,2023-05-16 16:00:00,2271,Monitor,2,1545.32,3039.3199999999997,51.32,Credit Card
8335,2023-11-02 14:00:00,2621,Headphones,1,1010.91,964.61,46.3,Cash
6290,2023-08-09 09:00:00,2802,Headphones,4,1560.96,6154.860000000001,88.98,Debit Card
3182,2023-04-01 21:00:00,2380,Laptop,1,265.85,226.91000000000003,38.94,Debit Card
9002,2023-11-30 09:00:00,2157,Tablet,1,42.15,-25.559999999999995,67.71,Debit Card
8542,2023-11-11 05:00:00,2985,Keyboard,3,,1033.2599999999998,89.37,Cash
7827,2023-10-12 10:00:00,2406,Laptop,1,233.87,159.27,74.6,Cash
10129,2024-01-16 08:00:00,2075,Headphones,3,1221.97,3578.95,86.96,PayPal
7561,2023-10-01 08:00:00,2070,Headphones,4,112.73,356.73,94.19,Debit Card
2210,2023-02-20 09:00:00,2295,Laptop,2,1780.81,3493.7999999999997,67.82,PayPal
1422,2023-01-18 13:00:00,2411,Monitor,1,1576.2,,30.2,Credit Card
10183,2024-01-18 14:00:00,2484,Keyboard,3,,2464.78,77.96,PayPal
2707,2023-03-13 02:00:00,2330,Laptop,3,211.33,583.98,50.01,Credit Card
2159,2023-02-18 06:00:00,2445,Tablet,3,160.64,465.49999999999994,16.42,Debit Card
3307,2023-04-07 02:00:00,2568,Mouse,2,1749.71,3405.48,93.94,Cash
1274,2023-01-12 09:00:00,2635,Monitor,1,169.87,98.87,71.0,Debit Card
1172,2023-01-08 03:00:00,2687,Keyboard,4,764.85,2960.09,99.31,Cash
4957,2023-06-14 20:00:00,2330,Mouse,3,1815.82,5438.2,9.26,Debit Card
6482,2023-08-17 09:00:00,2179,Mouse,4,557.0,2175.52,52.48,Credit Card
4189,2023-05-13 20:00:00,2313,Keyboard,1,61.26,38.879999999999995,22.38,Debit Card
2726,2023-03-13 21:00:00,2956,Tablet,2,1743.72,3444.11,43.33,Cash
5763,2023-07-18 10:00:00,2168,Tablet,2,26.26,-35.99999999999999,88.52,Credit Card
7271,2023-09-19 06:00:00,2157,Tablet,2,1316.57,2573.83,59.31,PayPal
2565,2023-03-07 04:00:00,2259,Tablet,4,67.43,220.64000000000004,49.08,Debit Card
2783,2023-03-16 06:00:00,2687,Mouse,1,222.15,172.25,49.9,PayPal
1844,2023-02-05 03:00:00,2648,Headphones,3,448.94,1276.9199999999998,69.9,PayPal
10817,2024-02-14 00:00:00,2238,Headphones,1,1761.18,1740.67,20.51,Credit Card
8164,2023-10-26 11:00:00,2742,Tablet,1,312.18,247.43,64.75,PayPal
1905,2023-02-07 16:00:00,2953,Tablet,1,1244.86,1227.37,17.49,PayPal
7551,2023-09-30 22:00:00,2914,Keyboard,4,427.23,1644.5800000000002,64.34,Debit Card
1032,2023-01-02 07:00:00,2192,Tablet,3,1133.69,3334.21,66.86,Cash
6681,2023-08-25 16:00:00,2956,Headphones,4,263.81,1041.04,14.2,Credit Card
2548,2023-03-06 11:00:00,2225,Mouse,4,979.44,3819.5200000000004,98.24,Debit Card
3081,2023-03-28 16:00:00,2156,Tablet,4,1255.16,,92.15,PayPal
5978,2023-07-27 09:00:00,2117,Keyboard,3,1742.53,5150.84,76.75,Debit Card
4986,2023-06-16 01:00:00,2106,Monitor,3,291.35,812.32,61.73,Cash
8087,2023-10-23 06:00:00,2478,Tablet,1,1573.23,1565.1100000000001,8.12,PayPal
6817,2023-08-31 08:00:00,2871,Keyboard,4,1851.9,7328.4800000000005,79.12,Debit Card
7863,2023-10-13 22:00:00,2868,Headphones,1,780.75,744.51,36.24,Cash
9679,2023-12-28 14:00:00,2154,Tablet,1,1180.11,1156.6,23.51,PayPal
9619,2023-12-26 02:00:00,2013,Laptop,2,66.4,59.370000000000005,73.43,Debit Card
7534,2023-09-30 05:00:00,2678,Keyboard,2,1241.19,2412.8900000000003,69.49,PayPal
4821,2023-06-09 04:00:00,2598,Mouse,4,252.8,,4.15,nan
3647,2023-04-21 06:00:00,2289,Tablet,1,1577.2,1567.44,9.76,Cash
6027,2023-07-29 10:00:00,2337,Mouse,4,1952.28,7742.11,67.01,PayPal
8929,2023-11-27 08:00:00,2713,Keyboard,1,1310.09,1304.6799999999998,5.41,Cash
6666,2023-08-25 01:00:00,2927,Monitor,4,560.04,2142.7,97.46,Debit Card
8259,2023-10-30 10:00:00,2049,Headphones,2,985.25,1965.96,4.54,Cash
8756,2023-11-20 03:00:00,2084,Laptop,2,1908.88,3781.8,35.96,Debit Card
5351,2023-07-01 06:00:00,2323,Headphones,1,1062.33,1008.8699999999999,53.46,Cash
7728,2023-10-08 07:00:00,2711,Headphones,2,1191.84,2342.9199999999996,40.76,PayPal
3156,2023-03-31 19:00:00,2870,Monitor,2,217.87,364.5,71.24,Cash
8442,2023-11-07 01:00:00,2066,Mouse,4,1847.48,7367.38,22.54,Debit Card
4716,2023-06-04 19:00:00,2503,Tablet,3,1724.09,5153.509999999999,18.76,PayPal
5058,2023-06-19 01:00:00,2595,Headphones,3,684.73,2042.0800000000002,12.11,PayPal
9720,2023-12-30 07:00:00,2209,Headphones,2,1545.76,3071.14,20.38,PayPal
7595,2023-10-02 18:00:00,2950,Mouse,2,122.01,176.70000000000002,67.32,Debit Card
7511,2023-09-29 06:00:00,2406,Headphones,3,1722.82,5136.44,32.02,Credit Card
4103,2023-05-10 06:00:00,2767,Keyboard,3,781.59,2326.0099999999998,18.76,Cash
1559,2023-01-24 06:00:00,2207,Tablet,4,37.41,94.83999999999999,54.8,Debit Card
10765,2024-02-11 20:00:00,2786,Laptop,3,1800.37,5325.36,75.75,Credit Card
9613,2023-12-25 20:00:00,2790,Headphones,1,1458.77,1403.82,54.95,PayPal
2437,2023-03-01 20:00:00,2372,Mouse,2,730.84,1370.1100000000001,91.57,Credit Card
1508,2023-01-22 03:00:00,2070,Tablet,1,273.36,228.81,44.55,Debit Card
5473,2023-07-06 08:00:00,2616,Keyboard,1,1216.14,1129.25,86.89,Cash
2870,2023-03-19 21:00:00,2291,Headphones,3,1054.97,3116.21,48.7,PayPal
1756,2023-02-01 11:00:00,2616,Headphones,4,1052.44,4142.55,67.21,Debit Card
8773,2023-11-20 20:00:00,2832,Monitor,3,1407.65,4176.970000000001,45.98,Debit Card
5051,2023-06-18 18:00:00,2835,Keyboard,2,57.94,100.77,15.11,Credit Card
6834,2023-09-01 01:00:00,2150,Laptop,4,929.5,3666.34,51.66,Debit Card
4837,2023-06-09 20:00:00,2909,Laptop,4,24.7,82.25,16.55,Credit Card
5387,2023-07-02 18:00:00,2480,Headphones,2,98.11,106.03999999999999,90.18,Credit Card
6171,2023-08-04 10:00:00,2248,Mouse,1,794.49,773.5600000000001,20.93,Debit Card
3119,2023-03-30 06:00:00,2265,Laptop,2,1728.4,3444.8900000000003,11.91,Debit Card
7815,2023-10-11 22:00:00,2259,Keyboard,3,1236.16,3670.2700000000004,38.21,Credit Card
8730,2023-11-19 01:00:00,2358,Headphones,3,1962.33,5877.57,9.42,Debit Card
1502,2023-01-21 21:00:00,2222,Headphones,1,1934.7,1901.29,33.41,nan
5801,2023-07-20 00:00:00,2731,Keyboard,4,886.33,3522.78,22.54,Cash
7943,2023-10-17 06:00:00,2577,Mouse,2,219.82,345.77,93.87,Cash
6520,2023-08-18 23:00:00,2323,Mouse,3,228.22,665.3299999999999,19.33,Credit Card
2540,2023-03-06 03:00:00,2511,Headphones,2,1065.06,2061.8599999999997,68.26,Credit Card
10945,2024-02-19 08:00:00,2367,Keyboard,3,1074.88,3196.3,28.34,Debit Card
2212,2023-02-20 11:00:00,2893,Tablet,3,122.05,345.34,20.81,Cash
10585,2024-02-04 08:00:00,2807,Monitor,4,1625.57,6407.38,94.9,PayPal
1673,2023-01-29 00:00:00,2424,Tablet,3,1803.16,5336.92,72.56,Debit Card
4378,2023-05-21 17:00:00,2458,Keyboard,1,1316.92,1233.72,83.2,Debit Card
5477,2023-07-06 12:00:00,2882,Headphones,1,297.29,247.21000000000004,50.08,Cash
10231,2024-01-20 14:00:00,2875,Monitor,1,947.24,917.86,29.38,Cash
2465,2023-03-03 00:00:00,2284,Headphones,3,1399.96,4115.87,84.01,Cash
10378,2024-01-26 17:00:00,2860,Tablet,3,1219.39,3596.14,62.03,Debit Card
2193,2023-02-19 16:00:00,2147,Laptop,2,899.78,1727.31,72.25,PayPal
9945,2024-01-08 16:00:00,2405,Laptop,1,1676.59,1626.25,50.34,Debit Card
2873,2023-03-20 00:00:00,2883,Monitor,4,1813.12,7229.36,23.12,Cash
4591,2023-05-30 14:00:00,2167,Laptop,2,1172.65,2324.59,20.71,Debit Card
8459,2023-11-07 18:00:00,2009,Tablet,3,1255.87,3727.8099999999995,39.8,Cash
9496,2023-12-20 23:00:00,2711,Laptop,3,891.64,2659.73,15.19,Cash
1506,2023-01-22 01:00:00,2413,Keyboard,1,1637.7,1574.26,63.44,Credit Card
1244,2023-01-11 03:00:00,2422,Laptop,4,,1584.95,9.29,Debit Card
1507,2023-01-22 02:00:00,2471,Laptop,3,362.44,1070.36,16.96,PayPal
9605,2023-12-25 12:00:00,2995,Headphones,1,459.38,391.38,68.0,Cash
8431,2023-11-06 14:00:00,2721,Mouse,3,951.68,2816.44,38.6,Credit Card
10816,2024-02-13 23:00:00,2789,Keyboard,4,1596.66,6304.490000000001,82.15,Cash
10903,2024-02-17 14:00:00,2814,Monitor,1,195.13,153.28,41.85,Cash
6548,2023-08-20 03:00:00,2953,Headphones,2,1661.27,3315.32,7.22,PayPal
2774,2023-03-15 21:00:00,2803,Monitor,1,1657.88,1600.5400000000002,57.34,Debit Card
7274,2023-09-19 09:00:00,2290,Laptop,2,1203.3,2383.5,23.1,Debit Card
9505,2023-12-21 08:00:00,2579,Headphones,2,1657.07,3276.5,37.64,Cash
9595,2023-12-25 02:00:00,2447,Mouse,4,,5021.39,79.57,PayPal
1798,2023-02-03 05:00:00,2817,Monitor,1,434.71,340.03,94.68,Credit Card
8889,2023-11-25 16:00:00,2356,Keyboard,3,1479.39,4362.05,76.12,Credit Card
8961,2023-11-28 16:00:00,2458,Keyboard,1,720.6,706.49,14.11,Debit Card
3830,2023-04-28 21:00:00,2622,Headphones,2,101.38,179.42,23.34,PayPal
8729,2023-11-19 00:00:00,2972,Laptop,4,875.57,3444.5,57.78,Cash
10180,2024-01-18 11:00:00,2867,Tablet,2,923.6,1794.5,52.7,Debit Card
5634,2023-07-13 01:00:00,2266,Headphones,1,1276.24,1196.37,79.87,Debit Card
1313,2023-01-14 00:00:00,2964,Mouse,3,627.58,1857.6500000000003,25.09,Debit Card
1747,2023-02-01 02:00:00,2023,Mouse,4,1024.88,4066.5000000000005,33.02,PayPal
4570,2023-05-29 17:00:00,2329,Laptop,2,1774.52,3451.72,97.32,PayPal
1791,2023-02-02 22:00:00,2344,Tablet,2,641.05,1247.02,35.08,PayPal
3477,2023-04-14 04:00:00,2730,Laptop,2,1842.09,3585.9199999999996,98.26,Cash
10797,2024-02-13 04:00:00,2726,Laptop,3,1733.34,5199.499999999999,0.52,Credit Card
3571,2023-04-18 02:00:00,2980,Headphones,1,1801.51,1729.45,72.06,Debit Card
6873,2023-09-02 16:00:00,2720,Monitor,1,1371.82,1346.4299999999998,25.39,PayPal
8460,2023-11-07 19:00:00,2149,Headphones,3,869.69,2524.88,84.19,Debit Card
5356,2023-07-01 11:00:00,2749,Headphones,3,530.13,1492.1699999999998,98.22,Cash
3164,2023-04-01 03:00:00,2821,Headphones,3,654.15,1897.12,65.33,Debit Card
9356,2023-12-15 03:00:00,2430,Monitor,3,1973.3,5868.0,51.9,PayPal
10841,2024-02-15 00:00:00,2308,Headphones,1,1890.98,1839.23,51.75,Debit Card
1381,2023-01-16 20:00:00,2601,Monitor,3,59.51,103.35,75.18,PayPal
7747,2023-10-09 02:00:00,2088,Mouse,1,621.73,566.47,55.26,PayPal
2293,2023-02-23 20:00:00,2021,Monitor,3,745.83,2195.7000000000003,41.79,Debit Card
2913,2023-03-21 16:00:00,2790,Monitor,3,27.23,16.33,65.36,Cash
1600,2023-01-25 23:00:00,2939,Monitor,2,1132.45,2182.31,82.59,Cash
4893,2023-06-12 04:00:00,2730,Tablet,3,841.03,2443.23,79.86,PayPal
5142,2023-06-22 13:00:00,2086,Headphones,3,1852.67,5546.530000000001,11.48,PayPal
2653,2023-03-10 20:00:00,2418,Monitor,3,1875.88,5583.6,44.04,Debit Card
6803,2023-08-30 18:00:00,2201,Tablet,3,537.92,1573.0099999999998,40.75,Credit Card
2894,2023-03-20 21:00:00,2599,Monitor,3,953.9,,61.56,PayPal
2945,2023-03-23 00:00:00,2887,Laptop,4,563.75,2167.71,87.29,Cash
4396,2023-05-22 11:00:00,2197,Headphones,3,312.99,890.2900000000001,48.68,Cash
7078,2023-09-11 05:00:00,2426,Monitor,4,1280.25,5063.65,57.35,Cash
5363,2023-07-01 18:00:00,2989,Mouse,2,1948.19,3833.4,62.98,Debit Card
4394,2023-05-22 09:00:00,2013,Mouse,2,1205.87,2391.62,20.12,Credit Card
1376,2023-01-16 15:00:00,2489,Keyboard,3,1571.8,4648.44,66.96,Debit Card
2967,2023-03-23 22:00:00,2044,Tablet,2,261.76,508.65,14.87,Cash
4958,2023-06-14 21:00:00,2393,Headphones,1,1788.9,1695.76,93.14,Debit Card
8900,2023-11-26 03:00:00,2007,Monitor,1,1273.14,1236.5500000000002,36.59,Credit Card
5424,2023-07-04 07:00:00,2134,Headphones,3,1073.27,3197.19,22.62,Debit Card
2244,2023-02-21 19:00:00,2832,Laptop,4,98.33,321.96,71.36,Cash
7513,2023-09-29 08:00:00,2164,Laptop,4,971.55,3844.4399999999996,41.76,Debit Card
6734,2023-08-27 21:00:00,2519,Mouse,4,184.9,689.1600000000001,50.44,Debit Card
6876,2023-09-02 19:00:00,2446,Mouse,4,1172.85,4682.0599999999995,9.34,Debit Card
2472,2023-03-03 07:00:00,2682,Mouse,1,747.43,743.8499999999999,3.58,Credit Card
4347,2023-05-20 10:00:00,2115,Keyboard,3,1186.15,3512.5000000000005,45.95,Cash
5523,2023-07-08 10:00:00,2703,Mouse,2,1025.71,2000.79,50.63,PayPal
9711,2023-12-29 22:00:00,2716,Laptop,2,123.69,152.91,94.47,Credit Card
3854,2023-04-29 21:00:00,2489,Laptop,2,1668.64,3319.9500000000003,17.33,Credit Card
5507,2023-07-07 18:00:00,2051,Keyboard,4,265.29,1033.0900000000001,28.07,Credit Card
10444,2024-01-29 11:00:00,2152,Monitor,1,1131.23,,21.9,Credit Card
6666,2023-08-25 01:00:00,2927,Monitor,4,560.04,2142.7,97.46,Debit Card
5743,2023-07-17 14:00:00,2228,Monitor,4,1574.81,6225.98,73.26,Cash
5063,2023-06-19 06:00:00,2017,Headphones,3,1596.37,,72.89,Debit Card
7042,2023-09-09 17:00:00,2487,Tablet,3,1679.14,4957.93,79.49,Credit Card
5307,2023-06-29 10:00:00,2721,Keyboard,2,1795.49,3582.18,8.8,Credit Card
10291,2024-01-23 02:00:00,2256,Headphones,3,941.68,2727.93,97.11,Credit Card
9029,2023-12-01 12:00:00,2810,Keyboard,2,1348.0,2663.96,32.04,Credit Card
6858,2023-09-02 01:00:00,2860,Mouse,1,999.38,928.91,70.47,nan
4991,2023-06-16 06:00:00,2599,Keyboard,2,872.2,1668.65,75.75,Cash
2050,2023-02-13 17:00:00,2391,Headphones,2,409.25,718.88,99.62,Debit Card
10226,2024-01-20 09:00:00,2456,Laptop,1,380.4,,82.14,Cash
7293,2023-09-20 04:00:00,2674,Monitor,1,1010.07,994.3000000000001,15.77,Debit Card
9427,2023-12-18 02:00:00,2895,Laptop,2,1752.38,3495.9100000000003,8.85,Debit Card
3036,2023-03-26 19:00:00,2942,Monitor,2,1404.01,2721.31,86.71,Cash
5040,2023-06-18 07:00:00,2329,Mouse,1,1705.54,1622.42,83.12,PayPal
10705,2024-02-09 08:00:00,2981,Keyboard,1,1864.56,,79.73,PayPal
10826,2024-02-14 09:00:00,2936,Mouse,3,927.02,2710.2799999999997,70.78,PayPal
2973,2023-03-24 04:00:00,2711,Tablet,4,283.37,1095.3700000000001,38.11,Credit Card
6295,2023-08-09 14:00:00,2684,Headphones,4,,1327.98,19.46,Debit Card
3100,2023-03-29 11:00:00,2758,Keyboard,1,1838.82,1778.04,60.78,PayPal
2500,2023-03-04 11:00:00,2670,Laptop,2,452.89,869.8399999999999,35.94,Credit Card
7909,2023-10-15 20:00:00,2041,Tablet,1,1041.99,1035.13,6.86,Credit Card
1653,2023-01-28 04:00:00,2932,Monitor,1,323.7,301.8,21.9,Debit Card
1171,2023-01-08 02:00:00,2046,Keyboard,4,972.3,,91.51,PayPal
5086,2023-06-20 05:00:00,2477,Monitor,2,1401.94,2759.56,44.32,Cash
1243,2023-01-11 02:00:00,2574,Keyboard,2,1586.88,3169.6000000000004,4.16,Credit Card
7327,2023-09-21 14:00:00,2335,Laptop,2,1337.69,2660.69,14.69,PayPal
5372,2023-07-02 03:00:00,2775,Tablet,2,1736.57,3461.44,11.7,Credit Card
3927,2023-05-02 22:00:00,2758,Headphones,2,438.73,818.63,58.83,PayPal
3757,2023-04-25 20:00:00,2514,Monitor,3,1378.08,4072.97,61.27,Cash
9558,2023-12-23 13:00:00,2716,Monitor,2,414.18,779.4300000000001,48.93,PayPal
7445,2023-09-26 12:00:00,2113,Tablet,3,1123.47,3344.94,25.47,Cash
3077,2023-03-28 12:00:00,2046,Headphones,4,834.57,3301.19,37.09,Cash
5104,2023-06-20 23:00:00,2090,Monitor,1,713.37,659.92,53.45,Debit Card
6548,2023-08-20 03:00:00,2953,Headphones,2,1661.27,3315.32,7.22,PayPal
7940,2023-10-17 03:00:00,2224,Laptop,1,1543.11,1478.3999999999999,64.71,Credit Card
5802,2023-07-20 01:00:00,2528,Monitor,4,1377.47,5496.1900000000005,13.69,Credit Card
6377,2023-08-13 00:00:00,2978,Laptop,1,1623.4,1532.13,91.27,Credit Card
9716,2023-12-30 03:00:00,2817,Keyboard,1,35.29,-11.11,46.4,PayPal
6664,2023-08-24 23:00:00,2304,Keyboard,2,,1194.96,93.86,Cash
10457,2024-01-30 00:00:00,2275,Monitor,4,757.59,2958.9100000000003,71.45,Cash
6338,2023-08-11 09:00:00,2298,Laptop,1,1005.68,912.66,93.02,PayPal
10845,2024-02-15 04:00:00,2545,Tablet,1,625.45,621.8100000000001,3.64,Debit Card
7367,2023-09-23 06:00:00,2362,Tablet,3,1518.5,4514.81,40.69,Cash
6938,2023-09-05 09:00:00,2667,Monitor,2,1080.9,2105.86,55.94,Cash
8073,2023-10-22 16:00:00,2750,Monitor,1,1483.87,1420.6799999999998,63.19,Cash
9742,2023-12-31 05:00:00,2309,Keyboard,3,1313.19,3849.28,90.29,Cash
5662,2023-07-14 05:00:00,2692,Headphones,3,670.63,1925.62,86.27,PayPal
5079,2023-06-19 22:00:00,2936,Mouse,2,185.8,281.27000000000004,90.33,PayPal
9874,2024-01-05 17:00:00,2707,Keyboard,2,1734.45,3413.9300000000003,54.97,Credit Card
1641,2023-01-27 16:00:00,2653,Tablet,1,,1660.0900000000001,59.8,Credit Card
2271,2023-02-22 22:00:00,2077,Headphones,3,,2101.86,88.41,PayPal
3779,2023-04-26 18:00:00,2776,Mouse,3,1917.95,5709.63,44.22,Debit Card
6840,2023-09-01 07:00:00,2374,Mouse,2,1375.37,2670.6099999999997,80.13,Credit Card
2986,2023-03-24 17:00:00,2286,Mouse,1,484.8,456.72,28.08,Cash
4862,2023-06-10 21:00:00,2101,Monitor,3,1646.01,4937.94,0.09,Credit Card
4481,2023-05-26 00:00:00,2260,Monitor,4,966.58,3784.02,82.3,PayPal
2535,2023-03-05 22:00:00,2441,Mouse,3,1732.86,5193.04,5.54,Cash
1326,2023-01-14 13:00:00,2253,Monitor,3,130.66,368.11,23.87,Credit Card
3339,2023-04-08 10:00:00,2455,Tablet,3,722.55,2067.6699999999996,99.98,Debit Card
4981,2023-06-15 20:00:00,2646,Monitor,1,1686.19,1642.8500000000001,43.34,Cash
9651,2023-12-27 10:00:00,2342,Headphones,3,1337.1,3959.89,51.41,Credit Card
5055,2023-06-18 22:00:00,2948,Tablet,2,,3857.1400000000003,14.72,Debit Card
3238,2023-04-04 05:00:00,2289,Headphones,4,153.95,591.3299999999999,24.47,Cash
9493,2023-12-20 20:00:00,2719,Tablet,1,991.59,988.0,3.59,Cash
10594,2024-02-04 17:00:00,2877,Monitor,1,135.74,69.65,66.09,Cash
7898,2023-10-15 09:00:00,2744,Monitor,4,1404.84,5582.929999999999,36.43,Cash
6263,2023-08-08 06:00:00,2603,Laptop,1,1805.57,1791.6599999999999,13.91,Credit Card
1865,2023-02-06 00:00:00,2246,Headphones,1,1592.33,1526.23,66.1,Credit Card
7302,2023-09-20 13:00:00,2133,Monitor,2,1502.87,2928.93,76.81,Cash
7112,2023-09-12 15:00:00,2412,Keyboard,3,1798.61,5314.16,81.67,nan
9141,2023-12-06 04:00:00,2340,Headphones,3,335.0,953.71,51.29,PayPal
1372,2023-01-16 11:00:00,2084,Mouse,4,1947.69,7726.29,64.47,Cash
7985,2023-10-19 00:00:00,2849,Tablet,3,606.37,1759.43,59.68,Credit Card
7157,2023-09-14 12:00:00,2290,Laptop,1,1658.23,1584.02,74.21,Credit Card
7435,2023-09-26 02:00:00,2797,Headphones,4,287.84,1058.9499999999998,92.41,Debit Card
6245,2023-08-07 12:00:00,2384,Mouse,2,740.07,1445.2700000000002,34.87,Credit Card
7538,2023-09-30 09:00:00,2775,Monitor,2,757.43,1506.75,8.11,Debit Card
10755,2024-02-11 10:00:00,2054,Keyboard,2,1926.89,3776.67,77.11,PayPal
9488,2023-12-20 15:00:00,2406,Keyboard,3,1762.85,5270.3099999999995,18.24,Debit Card
3365,2023-04-09 12:00:00,2718,Tablet,4,491.21,1907.86,56.98,PayPal
4214,2023-05-14 21:00:00,2258,Monitor,3,585.17,1738.1299999999997,17.38,Credit Card
1912,2023-02-07 23:00:00,2025,Mouse,3,373.46,1106.1399999999999,14.24,PayPal
10652,2024-02-07 03:00:00,2721,Tablet,2,1497.24,2957.85,36.63,Debit Card
10157,2024-01-17 12:00:00,2215,Headphones,4,772.65,2995.0299999999997,95.57,Cash
10956,2024-02-19 19:00:00,2771,Mouse,3,924.43,2702.77,70.52,Credit Card
8248,2023-10-29 23:00:00,2711,Monitor,3,36.44,45.27999999999999,64.04,PayPal
9850,2024-01-04 17:00:00,2787,Keyboard,3,403.36,1192.9099999999999,17.17,PayPal
10754,2024-02-11 09:00:00,2668,Monitor,4,350.33,1331.55,69.77,Debit Card
8656,2023-11-15 23:00:00,2901,Monitor,2,1743.74,3390.25,97.23,Debit Card
2424,2023-03-01 07:00:00,2085,Laptop,4,705.82,2754.05,69.23,PayPal
2495,2023-03-04 06:00:00,2410,Keyboard,1,1189.63,1161.13,28.5,PayPal
1480,2023-01-20 23:00:00,2772,Tablet,4,848.51,3355.6,38.44,PayPal
1663,2023-01-28 14:00:00,2840,Headphones,2,1355.58,2612.3399999999997,98.82,Cash
7879,2023-10-14 14:00:00,2184,Keyboard,3,1420.62,4220.259999999999,41.6,Debit Card
10438,2024-01-29 05:00:00,2275,Tablet,2,728.06,1369.85,86.27,PayPal
9544,2023-12-22 23:00:00,2414,Headphones,2,1675.02,3339.61,10.43,Cash
3989,2023-05-05 12:00:00,2091,Mouse,2,1824.86,3630.74,18.98,Debit Card
2120,2023-02-16 15:00:00,2863,Laptop,1,1345.59,1343.6,1.99,Cash
3777,2023-04-26 16:00:00,2689,Headphones,1,708.11,622.94,85.17,Debit Card
5536,2023-07-08 23:00:00,2226,Mouse,3,837.03,2430.69,80.4,PayPal
7410,2023-09-25 01:00:00,2049,Tablet,3,1042.21,3056.07,70.56,Credit Card
6551,2023-08-20 06:00:00,2729,Monitor,1,676.46,642.83,33.63,Cash
8376,2023-11-04 07:00:00,2307,Keyboard,2,1380.41,2752.1800000000003,8.64,Credit Card
8429,2023-11-06 12:00:00,2457,Tablet,4,1864.71,,62.2,PayPal
5428,2023-07-04 11:00:00,2747,Laptop,2,175.08,266.22,83.94,PayPal
9211,2023-12-09 02:00:00,2588,Mouse,3,949.53,2782.1800000000003,66.41,Cash
7983,2023-10-18 22:00:00,2023,Monitor,3,1141.79,3380.44,44.93,Cash
4982,2023-06-15 21:00:00,2941,Monitor,2,970.5,1897.13,43.87,Debit Card
8047,2023-10-21 14:00:00,2303,Tablet,4,,90.12,50.28,Debit Card
3894,2023-05-01 13:00:00,2476,Laptop,4,1642.76,6516.89,54.15,Debit Card
3670,2023-04-22 05:00:00,2589,Monitor,2,869.77,1713.92,25.62,Debit Card
4978,2023-06-15 17:00:00,2519,Laptop,4,1594.62,6294.589999999999,83.89,Credit Card
8092,2023-10-23 11:00:00,2410,Keyboard,4,762.35,2961.06,88.34,Cash
1280,2023-01-12 15:00:00,2305,Laptop,4,1809.13,7172.34,64.18,Cash
8464,2023-11-07 23:00:00,2888,Keyboard,3,524.49,1535.5,37.97,Cash
8692,2023-11-17 11:00:00,2354,Headphones,2,1643.31,3259.25,27.37,Cash
8772,2023-11-20 19:00:00,2015,Tablet,4,1659.28,6605.16,31.96,Credit Card
8121,2023-10-24 16:00:00,2228,Laptop,4,97.61,390.23,0.21,PayPal
2695,2023-03-12 14:00:00,2428,Monitor,3,1509.15,4464.630000000001,62.82,PayPal
10364,2024-01-26 03:00:00,2629,Monitor,3,1258.82,3676.59,99.87,Credit Card
4480,2023-05-25 23:00:00,2362,Keyboard,4,940.95,3687.8300000000004,75.97,Credit Card
5417,2023-07-04 00:00:00,2938,Mouse,1,1961.77,1929.32,32.45,Credit Card
10779,2024-02-12 10:00:00,2186,Keyboard,3,1932.77,5786.889999999999,11.42,PayPal
5156,2023-06-23 03:00:00,2676,Headphones,1,1830.55,1747.34,83.21,Cash
5884,2023-07-23 11:00:00,2582,Tablet,2,664.09,1259.94,68.24,Credit Card
7872,2023-10-14 07:00:00,2404,Headphones,3,43.18,50.129999999999995,79.41,Debit Card
10234,2024-01-20 17:00:00,2410,Tablet,2,445.14,822.9399999999999,67.34,Cash
10053,2024-01-13 04:00:00,2181,Monitor,1,639.14,561.7,77.44,Cash
9395,2023-12-16 18:00:00,2006,Laptop,3,484.06,1359.7,92.48,Credit Card
5297,2023-06-29 00:00:00,2541,Laptop,1,322.13,318.87,3.26,Cash
6782,2023-08-29 21:00:00,2558,Mouse,4,,6398.11,44.09,Credit Card
9164,2023-12-07 03:00:00,2994,Keyboard,3,216.08,584.28,63.96,Debit Card
6564,2023-08-20 19:00:00,2106,Laptop,2,1401.19,2714.77,87.61,Debit Card
3210,2023-04-03 01:00:00,2936,Tablet,4,1461.37,5818.07,27.41,Cash
9303,2023-12-12 22:00:00,2579,Mouse,3,719.89,2101.8,57.87,Cash
7104,2023-09-12 07:00:00,2888,Laptop,2,593.06,1153.7399999999998,32.38,PayPal
9078,2023-12-03 13:00:00,2236,Laptop,2,1536.33,3040.79,31.87,PayPal
1185,2023-01-08 16:00:00,2634,Keyboard,3,250.35,666.06,84.99,Credit Card
6324,2023-08-10 19:00:00,2273,Monitor,1,468.56,423.68,44.88,Debit Card
6376,2023-08-12 23:00:00,2985,Mouse,2,641.29,1193.1599999999999,89.42,PayPal
5517,2023-07-08 04:00:00,2989,Laptop,2,1551.45,3054.37,48.53,nan
3351,2023-04-08 22:00:00,2567,Laptop,3,660.21,1977.7,2.93,Debit Card
1554,2023-01-24 01:00:00,2431,Laptop,1,1463.44,1367.69,95.75,Cash
2398,2023-02-28 05:00:00,2929,Keyboard,2,753.62,1491.05,16.19,Cash
2385,2023-02-27 16:00:00,2319,Mouse,2,170.26,304.94,35.58,Credit Card
6262,2023-08-08 05:00:00,2675,Headphones,2,1028.55,2035.9099999999999,21.19,Credit Card
8567,2023-11-12 06:00:00,2907,Mouse,2,148.04,201.95,94.13,Cash
5904,2023-07-24 07:00:00,2795,Tablet,1,,1603.12,85.66,Cash
1298,2023-01-13 09:00:00,2604,Laptop,1,914.54,849.0,65.54,Cash
1444,2023-01-19 11:00:00,2531,Headphones,2,1037.66,2073.8500000000004,1.47,Debit Card
7393,2023-09-24 08:00:00,2451,Tablet,2,1963.95,3902.65,25.25,Cash
9127,2023-12-05 14:00:00,2087,Monitor,1,297.75,238.61,59.14,Credit Card
3078,2023-03-28 13:00:00,2964,Laptop,3,930.46,2787.5,3.88,Cash
5752,2023-07-17 23:00:00,2157,Keyboard,4,247.49,968.72,21.24,PayPal
10253,2024-01-21 12:00:00,2367,Mouse,1,942.06,879.0899999999999,62.97,PayPal
3230,2023-04-03 21:00:00,2839,Keyboard,1,1859.55,1853.24,6.31,Debit Card
3843,2023-04-29 10:00:00,2866,Mouse,1,572.06,542.1199999999999,29.94,Credit Card
3538,2023-04-16 17:00:00,2199,Laptop,1,1836.32,1804.49,31.83,Debit Card
7941,2023-10-17 04:00:00,2577,Monitor,2,439.15,,17.29,Cash
9722,2023-12-30 09:00:00,2037,Keyboard,1,338.35,325.17,13.18,Cash
10499,2024-01-31 18:00:00,2986,Tablet,1,,49.44000000000001,83.61,Debit Card
4368,2023-05-21 07:00:00,2276,Keyboard,4,1946.45,7752.18,33.62,PayPal
5976,2023-07-27 07:00:00,2061,Mouse,2,547.4,1061.28,33.52,Cash
3579,2023-04-18 10:00:00,2484,Monitor,2,1510.46,2941.32,79.6,Debit Card
2132,2023-02-17 03:00:00,2525,Tablet,2,521.17,978.2399999999999,64.1,Debit Card
9346,2023-12-14 17:00:00,2057,Keyboard,2,1322.7,2627.28,18.12,PayPal
9086,2023-12-03 21:00:00,2521,Laptop,2,1314.51,2582.46,46.56,PayPal
1321,2023-01-14 08:00:00,2568,Tablet,2,1878.85,3708.66,49.04,PayPal
2372,2023-02-27 03:00:00,2854,Monitor,3,1825.65,5383.35,93.6,Credit Card
5043,2023-06-18 10:00:00,2933,Tablet,4,1471.59,,5.83,Debit Card
8299,2023-11-01 02:00:00,2949,Keyboard,3,797.76,2308.7699999999995,84.51,PayPal
10842,2024-02-15 01:00:00,2676,Mouse,1,1509.04,1423.44,85.6,Credit Card
1908,2023-02-07 19:00:00,2256,Headphones,2,1072.04,2062.89,81.19,Credit Card
7606,2023-10-03 05:00:00,2782,Mouse,4,1865.48,7395.45,66.47,Cash
4951,2023-06-14 14:00:00,2841,Headphones,4,1776.52,7063.67,42.41,Credit Card
6230,2023-08-06 21:00:00,2181,Keyboard,1,1446.41,1391.94,54.47,Credit Card
10862,2024-02-15 21:00:00,2796,Laptop,4,1880.96,7493.62,30.22,Cash
8424,2023-11-06 07:00:00,2916,Headphones,4,900.41,3526.02,75.62,Debit Card
7719,2023-10-07 22:00:00,2019,Tablet,2,1448.01,2891.43,4.59,PayPal
8767,2023-11-20 14:00:00,2409,Tablet,4,332.56,1239.09,91.15,Cash
9825,2024-01-03 16:00:00,2502,Keyboard,3,1970.29,5858.62,52.25,PayPal
1927,2023-02-08 14:00:00,2458,Headphones,1,1178.74,1150.19,28.55,nan
7805,2023-10-11 12:00:00,2767,Mouse,2,1374.08,2673.56,74.6,PayPal
1016,2023-01-01 15:00:00,2360,Headphones,3,1032.59,,48.39,PayPal
1144,2023-01-06 23:00:00,2293,Monitor,3,,1902.8100000000002,52.29,Debit Card
3364,2023-04-09 11:00:00,2500,Headphones,1,1699.75,,60.94,PayPal
1130,2023-01-06 09:00:00,2482,Headphones,2,337.49,656.58,18.4,Credit Card
2162,2023-02-18 09:00:00,2997,Headphones,4,1474.5,5800.03,97.97,Cash
7509,2023-09-29 04:00:00,2844,Headphones,4,202.16,806.18,2.46,Debit Card
9010,2023-11-30 17:00:00,2338,Laptop,4,1092.85,4330.78,40.62,Cash
9929,2024-01-08 00:00:00,2452,Headphones,4,,6920.38,72.5,PayPal
6595,2023-08-22 02:00:00,2355,Monitor,3,547.91,1597.01,46.72,Debit Card
8466,2023-11-08 01:00:00,2297,Headphones,1,402.77,390.09999999999997,12.67,Credit Card
2877,2023-03-20 04:00:00,2510,Monitor,2,292.38,500.1,84.66,Cash
3489,2023-04-14 16:00:00,2080,Laptop,3,1794.37,5371.4,11.71,Credit Card
6272,2023-08-08 15:00:00,2616,Mouse,1,535.71,461.98,73.73,Debit Card
5480,2023-07-06 15:00:00,2834,Headphones,2,951.66,1865.79,37.53,Debit Card
2183,2023-02-19 06:00:00,2896,Headphones,4,588.92,2285.98,69.7,Debit Card
7796,2023-10-11 03:00:00,2362,Tablet,2,234.72,429.48,39.96,Credit Card
9523,2023-12-22 02:00:00,2441,Monitor,3,959.05,2811.7799999999997,65.37,PayPal
2171,2023-02-18 18:00:00,2266,Laptop,2,1803.81,3565.18,42.44,Cash
4974,2023-06-15 13:00:00,2159,Headphones,4,1704.18,6785.27,31.45,Cash
3183,2023-04-01 22:00:00,2974,Laptop,3,,311.71999999999997,26.41,Credit Card
10167,2024-01-17 22:00:00,2694,Laptop,3,770.89,2238.84,73.83,PayPal
4372,2023-05-21 11:00:00,2736,Keyboard,2,,1245.02,89.64,Cash
9524,2023-12-22 03:00:00,2344,Mouse,2,1984.18,3903.08,65.28,Debit Card
2860,2023-03-19 11:00:00,2990,Laptop,3,1994.19,5963.49,19.08,Credit Card
10003,2024-01-11 02:00:00,2304,Headphones,4,1071.24,4206.57,78.39,PayPal
9689,2023-12-29 00:00:00,2848,Tablet,2,328.32,572.73,83.91,Credit Card
9463,2023-12-19 14:00:00,2039,Mouse,4,480.87,1830.29,93.19,Cash
8052,2023-10-21 19:00:00,2984,Mouse,4,672.57,2602.44,87.84,Debit Card
6813,2023-08-31 04:00:00,2281,Monitor,1,372.19,331.82,40.37,Debit Card
9178,2023-12-07 17:00:00,2986,Monitor,4,1621.9,6456.360000000001,31.24,PayPal
7235,2023-09-17 18:00:00,2680,Mouse,1,,440.43,45.27,PayPal
4122,2023-05-11 01:00:00,2850,Monitor,1,1610.42,1530.52,79.9,Credit Card
1388,2023-01-17 03:00:00,2871,Laptop,4,1487.48,5893.93,55.99,PayPal
2312,2023-02-24 15:00:00,2812,Mouse,1,543.64,525.74,17.9,Debit Card
2033,2023-02-13 00:00:00,2517,Tablet,3,162.05,426.12,60.03,Credit Card
9421,2023-12-17 20:00:00,2921,Headphones,2,1826.67,3627.26,26.08,PayPal
7015,2023-09-08 14:00:00,2578,Keyboard,3,97.44,193.89,98.43,Credit Card
5937,2023-07-25 16:00:00,2969,Tablet,3,,764.1099999999999,18.95,Credit Card
1932,2023-02-08 19:00:00,2085,Tablet,1,1844.16,1795.5500000000002,48.61,Cash
5020,2023-06-17 11:00:00,2058,Tablet,1,1726.22,1671.81,54.41,Debit Card
1692,2023-01-29 19:00:00,2706,Laptop,3,132.96,378.09,20.79,Cash
8801,2023-11-22 00:00:00,2311,Headphones,4,1353.8,5333.91,81.29,Debit Card
8385,2023-11-04 16:00:00,2356,Monitor,2,187.29,362.75,11.83,PayPal
1830,2023-02-04 13:00:00,2679,Monitor,3,444.42,1289.15,44.11,Credit Card
4499,2023-05-26 18:00:00,2068,Headphones,4,1721.66,6791.01,95.63,Debit Card
3082,2023-03-28 17:00:00,2095,Keyboard,1,773.85,722.11,51.74,Debit Card
10363,2024-01-26 02:00:00,2866,Headphones,3,23.55,50.370000000000005,20.28,Credit Card
10916,2024-02-18 03:00:00,2016,Headphones,2,811.45,1550.3000000000002,72.6,Credit Card
1045,2023-01-02 20:00:00,2691,Tablet,1,1822.65,1766.9,55.75,Cash
4940,2023-06-14 03:00:00,2227,Keyboard,3,1641.58,4850.82,73.92,Cash
6841,2023-09-01 08:00:00,2771,Laptop,2,922.92,1799.31,46.53,Debit Card
10513,2024-02-01 08:00:00,2431,Monitor,1,183.99,170.44,13.55,Debit Card
5320,2023-06-29 23:00:00,2707,Monitor,4,390.83,1553.4199999999998,9.9,Cash
3966,2023-05-04 13:00:00,2400,Tablet,1,977.58,936.1800000000001,41.4,PayPal
4970,2023-06-15 09:00:00,2156,Laptop,2,401.6,752.85,50.35,Credit Card
2188,2023-02-19 11:00:00,2009,Laptop,1,113.52,28.959999999999994,84.56,Debit Card
10412,2024-01-28 03:00:00,2750,Keyboard,4,1626.27,6479.99,25.09,Credit Card
6895,2023-09-03 14:00:00,2247,Laptop,3,,3075.36,97.95,Debit Card
1285,2023-01-12 20:00:00,2942,Laptop,1,1052.26,1043.78,8.48,Cash
10324,2024-01-24 11:00:00,2240,Monitor,4,,5535.759999999999,95.6,Debit Card
5160,2023-06-23 07:00:00,2865,Mouse,1,1205.12,1123.01,82.11,Cash
4093,2023-05-09 20:00:00,2567,Mouse,2,791.15,1552.93,29.37,PayPal
7325,2023-09-21 12:00:00,2859,Laptop,2,570.36,1083.92,56.8,Cash
5557,2023-07-09 20:00:00,2831,Tablet,2,984.8,1950.55,19.05,PayPal
10056,2024-01-13 07:00:00,2859,Mouse,2,430.72,858.5400000000001,2.9,Cash
5324,2023-06-30 03:00:00,2873,Mouse,3,1324.53,3950.83,22.76,Credit Card
7108,2023-09-12 11:00:00,2585,Tablet,2,1052.97,2016.6000000000001,89.34,Credit Card
7419,2023-09-25 10:00:00,2063,Laptop,3,202.46,585.96,21.42,Credit Card
4365,2023-05-21 04:00:00,2679,Laptop,1,1250.61,1209.0,41.61,Debit Card
2405,2023-02-28 12:00:00,2123,Laptop,2,523.3,1017.9399999999999,28.66,PayPal
4196,2023-05-14 03:00:00,2251,Mouse,2,129.19,174.74,83.64,nan
6704,2023-08-26 15:00:00,2515,Laptop,4,774.15,3010.99,85.61,nan
1970,2023-02-10 09:00:00,2400,Monitor,2,301.79,559.84,43.74,Credit Card
4735,2023-06-05 14:00:00,2524,Tablet,1,734.52,729.21,5.31,Credit Card
1926,2023-02-08 13:00:00,2286,Tablet,4,1410.02,5571.17,68.91,PayPal
10974,2024-02-20 13:00:00,2570,Mouse,4,1325.11,5205.78,94.66,Cash
8851,2023-11-24 02:00:00,2830,Mouse,3,504.0,1487.53,24.47,Debit Card
5726,2023-07-16 21:00:00,2934,Monitor,1,969.05,938.52,30.53,Debit Card
7240,2023-09-17 23:00:00,2532,Tablet,1,1226.21,1222.0900000000001,4.12,Cash
3852,2023-04-29 19:00:00,2830,Mouse,2,361.4,698.3,24.5,Debit Card
9671,2023-12-28 06:00:00,2324,Mouse,1,1035.43,1031.04,4.39,Cash
6754,2023-08-28 17:00:00,2070,Headphones,1,1638.45,1539.96,98.49,Cash
9094,2023-12-04 05:00:00,2607,Headphones,4,1515.04,5970.49,89.67,Credit Card
10316,2024-01-24 03:00:00,2746,Mouse,4,1149.9,4508.570000000001,91.03,PayPal
9407,2023-12-17 06:00:00,2022,Headphones,4,181.27,650.0600000000001,75.02,Credit Card
5472,2023-07-06 07:00:00,2405,Monitor,3,860.02,2516.19,63.87,Debit Card
6717,2023-08-27 04:00:00,2394,Mouse,4,1768.74,7017.13,57.83,PayPal
5349,2023-07-01 04:00:00,2254,Mouse,3,213.45,582.2599999999999,58.09,PayPal
9452,2023-12-19 03:00:00,2698,Headphones,1,326.18,235.99,90.19,PayPal
4627,2023-06-01 02:00:00,2476,Headphones,1,1978.81,1926.32,52.49,Debit Card
2790,2023-03-16 13:00:00,2507,Headphones,2,620.15,1185.83,54.47,PayPal
9709,2023-12-29 20:00:00,2588,Laptop,1,784.39,714.98,69.41,Cash
3060,2023-03-27 19:00:00,2484,Mouse,4,,3928.56,64.96,nan
8701,2023-11-17 20:00:00,2977,Keyboard,4,736.43,2884.79,60.93,nan
7868,2023-10-14 03:00:00,2758,Laptop,2,311.6,570.23,52.97,Debit Card
5014,2023-06-17 05:00:00,2742,Laptop,1,459.9,457.72999999999996,2.17,Credit Card
2903,2023-03-21 06:00:00,2629,Laptop,3,91.45,262.86,11.49,Debit Card
5687,2023-07-15 06:00:00,2002,Laptop,3,231.41,657.0600000000001,37.17,Cash
7183,2023-09-15 14:00:00,2667,Tablet,1,329.78,230.97999999999996,98.8,Cash
5923,2023-07-25 02:00:00,2841,Keyboard,2,580.0,1148.27,11.73,Debit Card
8671,2023-11-16 14:00:00,2368,Mouse,2,1671.23,3273.41,69.05,Cash
1076,2023-01-04 03:00:00,2113,Keyboard,1,209.81,138.76,71.05,Cash
3346,2023-04-08 17:00:00,2844,Headphones,1,22.62,-17.19,39.81,Cash
7084,2023-09-11 11:00:00,2212,Monitor,4,1442.57,5722.219999999999,48.06,PayPal
1431,2023-01-18 22:00:00,2993,Mouse,2,658.62,1252.23,65.01,Credit Card
5587,2023-07-11 02:00:00,2042,Mouse,1,1553.66,1454.0500000000002,99.61,Cash
7282,2023-09-19 17:00:00,2447,Tablet,3,1135.95,3345.9600000000005,61.89,Cash
7006,2023-09-08 05:00:00,2186,Headphones,3,1455.55,,3.09,Cash
6217,2023-08-06 08:00:00,2421,Tablet,3,1374.24,4082.7000000000003,40.02,Debit Card
9583,2023-12-24 14:00:00,2223,Monitor,2,93.95,157.65,30.25,Debit Card
8947,2023-11-28 02:00:00,2712,Headphones,3,979.4,2887.5299999999997,50.67,Credit Card
2554,2023-03-06 17:00:00,2835,Tablet,2,93.43,135.99,50.87,PayPal
1241,2023-01-11 00:00:00,2868,Monitor,3,1918.89,5715.29,41.38,Credit Card
1784,2023-02-02 15:00:00,2186,Keyboard,1,90.12,43.330000000000005,46.79,PayPal
4067,2023-05-08 18:00:00,2522,Mouse,4,1056.62,4169.23,57.25,PayPal
1978,2023-02-10 17:00:00,2684,Monitor,4,167.37,,43.55,Debit Card
5906,2023-07-24 09:00:00,2942,Headphones,2,,2470.05,74.91,Cash
3942,2023-05-03 13:00:00,2120,Keyboard,2,1742.52,3448.93,36.11,nan
6970,2023-09-06 17:00:00,2561,Headphones,3,1614.0,4815.05,26.95,Cash
6246,2023-08-07 13:00:00,2398,Tablet,3,904.43,2698.24,15.05,Credit Card
7011,2023-09-08 10:00:00,2362,Keyboard,4,1656.94,6559.46,68.3,PayPal
2621,2023-03-09 12:00:00,2765,Monitor,3,178.13,520.65,13.74,Debit Card
3147,2023-03-31 10:00:00,2461,Keyboard,4,765.68,3044.1499999999996,18.57,Cash
2802,2023-03-17 01:00:00,2045,Mouse,4,1658.4,6592.54,41.06,Debit Card
3096,2023-03-29 07:00:00,2848,Headphones,3,952.36,2770.69,86.39,Cash
7731,2023-10-08 10:00:00,2948,Mouse,1,1051.35,991.81,59.54,Credit Card
8457,2023-11-07 16:00:00,2591,Headphones,3,1259.37,3691.0999999999995,87.01,Credit Card
2358,2023-02-26 13:00:00,2055,Laptop,2,1967.59,3866.04,69.14,Credit Card
9536,2023-12-22 15:00:00,2874,Keyboard,1,1312.42,1299.66,12.76,Debit Card
7706,2023-10-07 09:00:00,2373,Tablet,3,141.19,372.6,50.97,PayPal
9949,2024-01-08 20:00:00,2395,Mouse,3,1271.82,3782.01,33.45,Debit Card
6307,2023-08-10 02:00:00,2786,Keyboard,4,959.65,3789.5499999999997,49.05,Credit Card
9732,2023-12-30 19:00:00,2252,Headphones,2,272.32,454.94,89.7,Cash
8591,2023-11-13 06:00:00,2901,Mouse,4,392.23,1565.39,3.53,Credit Card
10214,2024-01-19 21:00:00,2116,Keyboard,1,1221.79,,25.3,Debit Card
10033,2024-01-12 08:00:00,2624,Monitor,4,355.7,1361.29,61.51,Credit Card
2610,2023-03-09 01:00:00,2095,Tablet,3,1544.31,4552.280000000001,80.65,Credit Card
4097,2023-05-10 00:00:00,2686,Headphones,2,661.31,1315.9199999999998,6.7,Credit Card
8455,2023-11-07 14:00:00,2021,Headphones,3,695.06,2034.34,50.84,Cash
3416,2023-04-11 15:00:00,2470,Headphones,3,823.55,2454.3299999999995,16.32,PayPal
3018,2023-03-26 01:00:00,2490,Mouse,3,469.11,,75.26,Cash
7670,2023-10-05 21:00:00,2664,Keyboard,2,1952.72,3835.81,69.63,Debit Card
5126,2023-06-21 21:00:00,2471,Tablet,2,,247.65999999999997,29.3,Credit Card
3148,2023-03-31 11:00:00,2936,Tablet,1,,280.40999999999997,8.11,Cash
4247,2023-05-16 06:00:00,2045,Keyboard,1,657.73,609.47,48.26,Cash
1125,2023-01-06 04:00:00,2720,Headphones,2,1106.81,2154.0699999999997,59.55,Cash
6663,2023-08-24 22:00:00,2477,Keyboard,1,,1612.43,0.6,PayPal
10809,2024-02-13 16:00:00,2095,Keyboard,4,459.88,1776.04,63.48,PayPal
6897,2023-09-03 16:00:00,2624,Mouse,2,972.31,1862.1999999999998,82.42,PayPal
1841,2023-02-05 00:00:00,2290,Tablet,3,680.03,1984.2099999999998,55.88,Cash
10621,2024-02-05 20:00:00,2841,Mouse,1,954.92,918.48,36.44,Credit Card
4342,2023-05-20 05:00:00,2078,Headphones,1,965.19,929.4100000000001,35.78,PayPal
1599,2023-01-25 22:00:00,2202,Laptop,2,480.05,876.11,83.99,Debit Card
3124,2023-03-30 11:00:00,2582,Mouse,1,1013.96,975.37,38.59,Credit Card
9494,2023-12-20 21:00:00,2232,Laptop,4,549.37,2161.96,35.52,Debit Card
7959,2023-10-17 22:00:00,2676,Mouse,3,1193.56,3557.71,22.97,PayPal
6360,2023-08-12 07:00:00,2025,Headphones,2,507.42,953.4300000000001,61.41,Debit Card
2348,2023-02-26 03:00:00,2365,Tablet,1,855.28,827.1,28.18,Cash
3198,2023-04-02 13:00:00,2701,Monitor,1,1960.3,1870.22,90.08,Cash
5052,2023-06-18 19:00:00,2982,Tablet,1,1303.84,,87.28,Cash
9021,2023-12-01 04:00:00,2066,Tablet,2,1166.91,2279.3500000000004,54.47,Cash
4363,2023-05-21 02:00:00,2917,Tablet,4,1052.61,4148.0599999999995,62.38,Debit Card
8595,2023-11-13 10:00:00,2704,Laptop,4,1263.76,,69.64,PayPal
1726,2023-01-31 05:00:00,2673,Keyboard,2,1276.24,2513.2,39.28,Credit Card
9930,2024-01-08 01:00:00,2657,Headphones,4,684.35,2639.67,97.73,Credit Card
1979,2023-02-10 18:00:00,2356,Tablet,1,934.5,893.98,40.52,Debit Card
1809,2023-02-03 16:00:00,2971,Mouse,1,1777.61,1742.52,35.09,PayPal
7518,2023-09-29 13:00:00,2354,Headphones,4,1191.75,4730.2,36.8,Debit Card
2476,2023-03-03 11:00:00,2463,Keyboard,2,1443.29,2837.7,48.88,Debit Card
8613,2023-11-14 04:00:00,2277,Keyboard,1,1307.81,1236.5,71.31,Credit Card
5907,2023-07-24 10:00:00,2758,Laptop,1,1626.31,1550.95,75.36,Credit Card
7576,2023-10-01 23:00:00,2718,Headphones,1,111.73,64.2,47.53,Cash
10494,2024-01-31 13:00:00,2510,Monitor,3,203.63,580.13,30.76,Credit Card
5931,2023-07-25 10:00:00,2574,Mouse,2,1718.79,3377.97,59.61,Debit Card
9442,2023-12-18 17:00:00,2433,Laptop,3,1812.32,5429.31,7.65,PayPal
4963,2023-06-15 02:00:00,2800,Tablet,4,1793.98,7172.43,3.49,PayPal
8123,2023-10-24 18:00:00,2068,Keyboard,4,1380.07,5427.759999999999,92.52,PayPal
8632,2023-11-14 23:00:00,2097,Headphones,3,272.84,801.29,17.23,Credit Card
2236,2023-02-21 11:00:00,2054,Keyboard,4,1847.93,7332.21,59.51,PayPal
2226,2023-02-21 01:00:00,2898,Monitor,3,579.05,1677.9499999999998,59.2,Cash
2765,2023-03-15 12:00:00,2556,Laptop,1,459.71,387.44,72.27,PayPal
7955,2023-10-17 18:00:00,2241,Tablet,2,981.33,,93.81,Debit Card
7770,2023-10-10 01:00:00,2889,Headphones,1,549.71,505.96000000000004,43.75,PayPal
6654,2023-08-24 13:00:00,2697,Headphones,1,1917.49,1837.64,79.85,Debit Card
7554,2023-10-01 01:00:00,2952,Mouse,2,96.77,98.3,95.24,PayPal
4218,2023-05-15 01:00:00,2864,Tablet,1,491.53,392.96,98.57,Debit Card
1288,2023-01-12 23:00:00,2736,Headphones,1,,1708.25,79.92,PayPal
6574,2023-08-21 05:00:00,2168,Headphones,3,1653.48,4883.790000000001,76.65,Credit Card
3967,2023-05-04 14:00:00,2320,Mouse,3,1777.83,5293.65,39.84,Credit Card
4165,2023-05-12 20:00:00,2302,Headphones,3,1161.44,3469.44,14.88,PayPal
9457,2023-12-19 08:00:00,2356,Keyboard,2,1425.58,2819.42,31.74,Credit Card
10339,2024-01-25 02:00:00,2846,Laptop,2,1704.1,3377.14,31.06,Credit Card
2658,2023-03-11 01:00:00,2261,Tablet,4,674.76,2612.04,87.0,Debit Card
2976,2023-03-24 07:00:00,2547,Laptop,4,,7136.5599999999995,38.84,Credit Card
3398,2023-04-10 21:00:00,2423,Mouse,1,703.85,674.87,28.98,Cash
1453,2023-01-19 20:00:00,2875,Mouse,4,168.49,604.01,69.95,Credit Card
3711,2023-04-23 22:00:00,2759,Mouse,3,232.28,633.19,63.65,Cash
6207,2023-08-05 22:00:00,2542,Monitor,2,882.4,1726.77,38.03,Credit Card
4682,2023-06-03 09:00:00,2668,Monitor,1,1808.53,1800.78,7.75,Cash
1423,2023-01-18 14:00:00,2004,Monitor,1,749.97,741.6,8.37,PayPal
9626,2023-12-26 09:00:00,2974,Laptop,2,958.19,1817.93,98.45,Cash
1658,2023-01-28 09:00:00,2348,Keyboard,3,1810.88,5380.75,51.89,PayPal
4302,2023-05-18 13:00:00,2993,Monitor,2,603.49,1168.23,38.75,Debit Card
9862,2024-01-05 05:00:00,2134,Monitor,1,221.43,129.06,92.37,Cash
3846,2023-04-29 13:00:00,2773,Headphones,4,514.18,2040.7099999999998,16.01,PayPal
7664,2023-10-05 15:00:00,2988,Keyboard,4,1391.51,5564.6,1.44,Credit Card
9251,2023-12-10 18:00:00,2244,Keyboard,1,1160.97,1152.53,8.44,Cash
2002,2023-02-11 17:00:00,2520,Tablet,4,420.41,1586.72,94.92,Cash
5199,2023-06-24 22:00:00,2376,Laptop,2,1914.48,3734.73,94.23,Cash
3419,2023-04-11 18:00:00,2938,Monitor,1,763.21,684.07,79.14,Credit Card
1876,2023-02-06 11:00:00,2319,Keyboard,1,1337.86,1263.1899999999998,74.67,Credit Card
10689,2024-02-08 16:00:00,2910,Monitor,1,1574.18,1563.9,10.28,Debit Card
4848,2023-06-10 07:00:00,2464,Keyboard,1,1372.6,1300.57,72.03,Cash
1962,2023-02-10 01:00:00,2141,Keyboard,2,115.8,144.3,87.3,Debit Card
2581,2023-03-07 20:00:00,2309,Mouse,2,663.78,1290.98,36.58,Credit Card
6555,2023-08-20 10:00:00,2126,Monitor,3,1634.64,4885.8,18.12,PayPal
3207,2023-04-02 22:00:00,2110,Headphones,1,79.67,52.08,27.59,Debit Card
8002,2023-10-19 17:00:00,2344,Mouse,3,745.34,2213.17,22.85,Credit Card
10261,2024-01-21 20:00:00,2805,Keyboard,1,543.34,498.89000000000004,44.45,PayPal
5338,2023-06-30 17:00:00,2694,Monitor,3,78.88,174.57,62.07,Debit Card
5232,2023-06-26 07:00:00,2510,Monitor,1,123.84,121.19,2.65,PayPal
1758,2023-02-01 13:00:00,2922,Laptop,3,1398.74,4140.990000000001,55.23,Cash
5867,2023-07-22 18:00:00,2874,Tablet,3,562.37,1668.7,18.41,Debit Card
3285,2023-04-06 04:00:00,2255,Mouse,2,401.22,776.8900000000001,25.55,Credit Card
8390,2023-11-04 21:00:00,2008,Laptop,1,890.28,857.06,33.22,Debit Card
6274,2023-08-08 17:00:00,2197,Monitor,1,1893.1,1828.24,64.86,Debit Card
5828,2023-07-21 03:00:00,2263,Headphones,1,1377.56,1367.59,9.97,PayPal
9400,2023-12-16 23:00:00,2434,Keyboard,4,1862.67,7432.09,18.59,Debit Card
1808,2023-02-03 15:00:00,2813,Tablet,1,1256.68,1194.38,62.3,Cash
7570,2023-10-01 17:00:00,2504,Monitor,2,1482.69,2934.8,30.58,PayPal
9369,2023-12-15 16:00:00,2767,Keyboard,1,833.85,748.72,85.13,Cash
2957,2023-03-23 12:00:00,2081,Mouse,3,1183.58,3513.5899999999997,37.15,PayPal
3446,2023-04-12 21:00:00,2480,Laptop,4,1157.0,4566.94,61.06,PayPal
7514,2023-09-29 09:00:00,2557,Tablet,4,521.81,1997.8799999999999,89.36,PayPal
9588,2023-12-24 19:00:00,2203,Keyboard,2,1054.84,2082.91,26.77,PayPal
7799,2023-10-11 06:00:00,2713,Laptop,4,1362.62,5430.089999999999,20.39,Cash
9585,2023-12-24 16:00:00,2423,Headphones,3,1215.61,3604.2999999999997,42.53,Cash
3403,2023-04-11 02:00:00,2309,Tablet,3,1560.14,4606.51,73.91,Credit Card
8035,2023-10-21 02:00:00,2045,Monitor,2,735.61,1433.1200000000001,38.1,Debit Card
2074,2023-02-14 17:00:00,2089,Laptop,3,1975.11,5836.59,88.74,Cash
8276,2023-10-31 03:00:00,2221,Tablet,3,441.3,1308.2800000000002,15.62,Credit Card
5241,2023-06-26 16:00:00,2119,Tablet,1,1422.31,1397.05,25.26,PayPal
10194,2024-01-19 01:00:00,2138,Mouse,3,569.99,1672.38,37.59,PayPal
3092,2023-03-29 03:00:00,2326,Keyboard,2,396.98,729.5,64.46,PayPal
5528,2023-07-08 15:00:00,2518,Mouse,3,756.66,2223.02,46.96,Cash
10462,2024-01-30 05:00:00,2805,Headphones,2,286.01,566.52,5.5,Credit Card
8531,2023-11-10 18:00:00,2416,Laptop,3,352.88,978.7099999999998,79.93,Cash
9015,2023-11-30 22:00:00,2862,Mouse,1,768.23,740.59,27.64,Credit Card
9206,2023-12-08 21:00:00,2930,Keyboard,3,1323.06,3948.77,20.41,PayPal
6240,2023-08-07 07:00:00,2924,Mouse,3,939.03,2807.78,9.31,Debit Card
8580,2023-11-12 19:00:00,2109,Tablet,3,479.42,1371.37,66.89,Credit Card
2004,2023-02-11 19:00:00,2100,Monitor,3,1803.99,5407.150000000001,4.82,Cash
10559,2024-02-03 06:00:00,2649,Tablet,1,1640.67,1543.89,96.78,PayPal
7553,2023-10-01 00:00:00,2331,Keyboard,1,1503.82,1461.58,42.24,Cash
7249,2023-09-18 08:00:00,2654,Mouse,3,1152.58,3406.1299999999997,51.61,Debit Card
5652,2023-07-13 19:00:00,2862,Keyboard,3,352.57,1048.74,8.97,Debit Card
6903,2023-09-03 22:00:00,2356,Tablet,4,1884.15,7503.68,32.92,Credit Card
2486,2023-03-03 21:00:00,2766,Keyboard,4,,5472.179999999999,27.1,PayPal
10696,2024-02-08 23:00:00,2721,Monitor,1,794.42,728.2199999999999,66.2,PayPal
2412,2023-02-28 19:00:00,2897,Headphones,3,1777.84,5237.469999999999,96.05,Debit Card
10907,2024-02-17 18:00:00,2532,Headphones,1,,1111.5,61.47,Cash
6965,2023-09-06 12:00:00,2460,Monitor,3,,2678.9199999999996,42.11,Debit Card
1710,2023-01-30 13:00:00,2902,Headphones,3,1350.31,4007.66,43.27,PayPal
6466,2023-08-16 17:00:00,2073,Monitor,1,1617.57,1534.04,83.53,PayPal
4604,2023-05-31 03:00:00,2536,Headphones,4,606.38,2383.85,41.67,Debit Card
10256,2024-01-21 15:00:00,2900,Mouse,4,1840.18,7336.93,23.79,Cash
4077,2023-05-09 04:00:00,2756,Monitor,3,258.45,729.29,46.06,Debit Card
6267,2023-08-08 10:00:00,2794,Tablet,1,1493.46,1448.88,44.58,Debit Card
7844,2023-10-13 03:00:00,2207,Headphones,4,565.62,2230.46,32.02,Debit Card
5102,2023-06-20 21:00:00,2888,Mouse,4,,2174.54,61.14,PayPal
7569,2023-10-01 16:00:00,2506,Headphones,3,146.57,438.34,1.37,Debit Card
3723,2023-04-24 10:00:00,2036,Laptop,4,943.64,3741.88,32.68,Cash
10831,2024-02-14 14:00:00,2872,Headphones,2,749.43,1477.3899999999999,21.47,PayPal
2269,2023-02-22 20:00:00,2386,Headphones,4,78.11,303.57,8.87,PayPal
3463,2023-04-13 14:00:00,2058,Monitor,4,1139.56,4482.889999999999,75.35,Cash
7063,2023-09-10 14:00:00,2727,Headphones,4,,4301.4800000000005,98.44,Cash
1269,2023-01-12 04:00:00,2320,Monitor,3,1378.98,4042.0900000000006,94.85,PayPal
4581,2023-05-30 04:00:00,2022,Keyboard,4,1574.23,6211.91,85.01,Debit Card
5751,2023-07-17 22:00:00,2594,Tablet,4,994.5,3910.77,67.23,Cash
6941,2023-09-05 12:00:00,2777,Laptop,1,1841.04,1839.21,1.83,PayPal
10423,2024-01-28 14:00:00,2069,Monitor,3,59.5,124.47,54.03,Credit Card
6729,2023-08-27 16:00:00,2317,Headphones,3,233.93,635.7099999999999,66.08,Credit Card
8323,2023-11-02 02:00:00,2398,Monitor,3,849.15,2495.2599999999998,52.19,Debit Card
3822,2023-04-28 13:00:00,2372,Keyboard,4,379.03,1430.75,85.37,Credit Card
7035,2023-09-09 10:00:00,2774,Keyboard,2,889.76,1752.62,26.9,PayPal
1590,2023-01-25 13:00:00,2210,Laptop,1,1858.64,1852.3600000000001,6.28,Debit Card
7599,2023-10-02 22:00:00,2604,Mouse,1,1240.26,1172.31,67.95,Debit Card
10441,2024-01-29 08:00:00,2829,Headphones,2,1902.28,3723.2,81.36,Credit Card
6837,2023-09-01 04:00:00,2808,Monitor,2,1626.48,3158.45,94.51,PayPal
8388,2023-11-04 19:00:00,2871,Headphones,4,691.82,2735.5600000000004,31.72,Cash
9335,2023-12-14 06:00:00,2989,Mouse,2,1572.03,3124.2999999999997,19.76,Cash
3038,2023-03-26 21:00:00,2990,Keyboard,4,533.33,2082.06,51.26,Credit Card
7061,2023-09-10 12:00:00,2686,Laptop,3,1147.5,3432.83,9.67,Cash
8177,2023-10-27 00:00:00,2873,Mouse,3,1976.43,5873.86,55.43,Debit Card
3029,2023-03-26 12:00:00,2220,Headphones,4,781.2,3102.52,22.28,Debit Card
8557,2023-11-11 20:00:00,2185,Tablet,3,914.9,2744.1,0.6,Debit Card
1678,2023-01-29 05:00:00,2613,Mouse,1,1429.69,1395.79,33.9,Cash
7385,2023-09-24 00:00:00,2591,Mouse,4,408.21,1552.4099999999999,80.43,Cash
2233,2023-02-21 08:00:00,2660,Monitor,4,266.72,991.94,74.94,Credit Card
6885,2023-09-03 04:00:00,2232,Headphones,1,945.54,886.56,58.98,Debit Card
8867,2023-11-24 18:00:00,2133,Laptop,1,228.79,132.98,95.81,PayPal
8728,2023-11-18 23:00:00,2394,Monitor,4,885.4,,13.8,Credit Card
5857,2023-07-22 08:00:00,2683,Laptop,2,918.28,1794.76,41.8,Debit Card
8949,2023-11-28 04:00:00,2818,Laptop,3,1212.13,3570.4200000000005,65.97,PayPal
3433,2023-04-12 08:00:00,2225,Tablet,3,1516.14,4513.64,34.78,PayPal
8700,2023-11-17 19:00:00,2700,Monitor,1,1248.84,1154.31,94.53,Cash
7150,2023-09-14 05:00:00,2576,Tablet,1,1522.19,1487.4,34.79,Debit Card
7687,2023-10-06 14:00:00,2638,Laptop,4,,431.52000000000004,10.64,Credit Card
7916,2023-10-16 03:00:00,2598,Headphones,1,1189.35,1180.9599999999998,8.39,Credit Card
1897,2023-02-07 08:00:00,2941,Laptop,1,1437.93,1368.97,68.96,PayPal
2612,2023-03-09 03:00:00,2156,Tablet,2,747.89,1409.11,86.67,PayPal
8186,2023-10-27 09:00:00,2767,Tablet,2,740.75,1437.81,43.69,Debit Card
8916,2023-11-26 19:00:00,2017,Keyboard,4,388.29,1511.14,42.02,Credit Card
2720,2023-03-13 15:00:00,2332,Headphones,3,632.09,1863.8,32.47,PayPal
4807,2023-06-08 14:00:00,2035,Tablet,4,457.88,1799.52,32.0,Debit Card
7672,2023-10-05 23:00:00,2248,Laptop,3,660.46,1919.23,62.15,Debit Card
7855,2023-10-13 14:00:00,2149,Headphones,3,1642.82,4921.44,7.02,Cash
5702,2023-07-15 21:00:00,2376,Headphones,4,919.38,3595.48,82.04,PayPal
4962,2023-06-15 01:00:00,2637,Mouse,3,1247.04,3661.19,79.93,PayPal
7014,2023-09-08 13:00:00,2442,Keyboard,2,1988.38,3943.5,33.26,Credit Card
9152,2023-12-06 15:00:00,2443,Laptop,3,1168.09,3480.0699999999997,24.2,Cash
1891,2023-02-07 02:00:00,2036,Headphones,1,651.09,556.75,94.34,Credit Card
8953,2023-11-28 08:00:00,2698,Laptop,4,32.82,111.16,20.12,PayPal
10463,2024-01-30 06:00:00,2796,Mouse,2,31.73,4.619999999999997,58.84,Cash
8615,2023-11-14 06:00:00,2252,Headphones,1,649.74,560.31,89.43,Cash
10191,2024-01-18 22:00:00,2699,Headphones,3,1189.4,3514.59,53.61,PayPal
8598,2023-11-13 13:00:00,2454,Keyboard,2,877.63,1669.62,85.64,Credit Card
8681,2023-11-17 00:00:00,2199,Tablet,2,1458.03,2906.38,9.68,Cash
8537,2023-11-11 00:00:00,2627,Keyboard,3,465.31,1372.66,23.27,Cash
3800,2023-04-27 15:00:00,2273,Laptop,4,1331.46,5266.81,59.03,Credit Card
1585,2023-01-25 08:00:00,2120,Monitor,1,873.09,868.34,4.75,Debit Card
4269,2023-05-17 04:00:00,2342,Tablet,1,1075.71,1054.0,21.71,Cash
4933,2023-06-13 20:00:00,2126,Tablet,1,1805.31,1711.3799999999999,93.93,PayPal
5966,2023-07-26 21:00:00,2001,Mouse,4,1317.56,5197.87,72.37,Debit Card
2261,2023-02-22 12:00:00,2633,Tablet,4,543.1,2109.84,62.56,nan
7581,2023-10-02 04:00:00,2292,Laptop,3,499.72,1431.0600000000002,68.1,PayPal
1311,2023-01-13 22:00:00,2843,Mouse,1,818.96,790.86,28.1,Credit Card
2717,2023-03-13 12:00:00,2542,Keyboard,3,600.99,1796.95,6.02,Credit Card
6488,2023-08-17 15:00:00,2692,Keyboard,4,395.43,,86.15,Credit Card
10116,2024-01-15 19:00:00,2537,Headphones,1,1441.35,1388.1999999999998,53.15,Debit Card
7521,2023-09-29 16:00:00,2858,Mouse,1,1145.99,1046.18,99.81,PayPal
5669,2023-07-14 12:00:00,2448,Keyboard,4,408.47,1555.17,78.71,PayPal
5299,2023-06-29 02:00:00,2100,Keyboard,4,1267.59,5057.21,13.15,Cash
4784,2023-06-07 15:00:00,2169,Monitor,2,1088.33,2157.6099999999997,19.05,Credit Card
2009,2023-02-12 00:00:00,2700,Mouse,1,72.02,-2.740000000000009,74.76,Debit Card
9770,2024-01-01 09:00:00,2669,Laptop,4,946.03,3749.27,34.85,Credit Card
3186,2023-04-02 01:00:00,2473,Headphones,2,1559.68,3101.65,17.71,Credit Card
4624,2023-05-31 23:00:00,2090,Headphones,4,125.52,428.75,73.33,PayPal
8795,2023-11-21 18:00:00,2405,Laptop,3,354.94,1017.15,47.67,Cash
7200,2023-09-16 07:00:00,2616,Monitor,1,1262.29,1249.61,12.68,PayPal
1030,2023-01-02 05:00:00,2787,Monitor,4,1898.17,7534.320000000001,58.36,Cash
7769,2023-10-10 00:00:00,2440,Monitor,2,211.7,350.91999999999996,72.48,PayPal
7148,2023-09-14 03:00:00,2375,Monitor,3,1598.96,4749.59,47.29,Debit Card
5835,2023-07-21 10:00:00,2596,Laptop,1,1302.44,1238.3500000000001,64.09,Debit Card
7078,2023-09-11 05:00:00,2426,Monitor,4,1280.25,5063.65,57.35,Cash
5757,2023-07-18 04:00:00,2756,Mouse,4,1167.52,4635.17,34.91,Cash
7624,2023-10-03 23:00:00,2943,Laptop,3,952.59,2825.39,32.38,Credit Card
1091,2023-01-04 18:00:00,2684,Keyboard,4,1389.65,5529.360000000001,29.24,Credit Card
7619,2023-10-03 18:00:00,2154,Headphones,1,173.27,75.57000000000001,97.7,nan
8334,2023-11-02 13:00:00,2812,Mouse,3,641.45,1919.2800000000002,5.07,PayPal
2327,2023-02-25 06:00:00,2453,Keyboard,4,1021.27,4078.7799999999997,6.3,PayPal
7211,2023-09-16 18:00:00,2317,Monitor,2,154.36,268.74,39.98,Credit Card
9567,2023-12-23 22:00:00,2193,Tablet,2,1608.79,3175.25,42.33,PayPal
3118,2023-03-30 05:00:00,2099,Laptop,4,370.79,1456.18,26.98,Credit Card
3938,2023-05-03 09:00:00,2159,Tablet,1,1446.32,1426.09,20.23,Credit Card
10328,2024-01-24 15:00:00,2619,Keyboard,2,1899.08,3752.68,45.48,Debit Card
1984,2023-02-10 23:00:00,2641,Mouse,1,625.94,562.33,63.61,Cash
8707,2023-11-18 02:00:00,2382,Headphones,4,1245.33,4918.33,62.99,Debit Card
6900,2023-09-03 19:00:00,2707,Monitor,2,113.75,161.68,65.82,PayPal
10036,2024-01-12 11:00:00,2387,Headphones,4,837.77,3280.37,70.71,Credit Card
3926,2023-05-02 21:00:00,2879,Mouse,3,906.75,2661.67,58.58,Debit Card
10910,2024-02-17 21:00:00,2803,Monitor,1,946.85,913.7,33.15,PayPal
4215,2023-05-14 22:00:00,2366,Monitor,1,843.73,749.0,94.73,PayPal
8443,2023-11-07 02:00:00,2991,Laptop,4,243.58,906.1700000000001,68.15,PayPal
9371,2023-12-15 18:00:00,2764,Keyboard,3,1106.94,3266.75,54.07,PayPal
7099,2023-09-12 02:00:00,2151,Headphones,3,595.77,1714.98,72.33,Debit Card
8793,2023-11-21 16:00:00,2924,Tablet,3,1503.86,4439.24,72.34,PayPal
9564,2023-12-23 19:00:00,2558,Keyboard,4,922.17,3630.74,57.94,Cash
1628,2023-01-27 03:00:00,2033,Tablet,2,1917.43,3737.81,97.05,Cash
5948,2023-07-26 03:00:00,2319,Headphones,3,1662.02,4950.879999999999,35.18,Credit Card
6081,2023-07-31 16:00:00,2308,Mouse,1,478.41,476.67,1.74,Debit Card
5245,2023-06-26 20:00:00,2120,Headphones,1,1670.67,1625.3400000000001,45.33,Debit Card
6693,2023-08-26 04:00:00,2676,Headphones,3,1946.26,5764.82,73.96,PayPal
5766,2023-07-18 13:00:00,2002,Tablet,1,1314.31,1278.78,35.53,Debit Card
2602,2023-03-08 17:00:00,2184,Laptop,2,748.94,1437.49,60.39,Credit Card
3021,2023-03-26 04:00:00,2025,Keyboard,2,514.05,1010.54,17.56,PayPal
2270,2023-02-22 21:00:00,2092,Tablet,4,80.09,227.79000000000002,92.57,Cash
1129,2023-01-06 08:00:00,2323,Monitor,2,1852.51,3691.09,13.93,Credit Card
7522,2023-09-29 17:00:00,2963,Mouse,1,1525.71,1489.95,35.76,Credit Card
2712,2023-03-13 07:00:00,2725,Tablet,1,961.22,899.34,61.88,PayPal
5183,2023-06-24 06:00:00,2499,Laptop,2,1262.55,2464.8399999999997,60.26,Credit Card
5236,2023-06-26 11:00:00,2038,Keyboard,4,280.85,1083.15,40.25,Credit Card
10547,2024-02-02 18:00:00,2340,Laptop,1,937.1,889.4300000000001,47.67,Cash
3399,2023-04-10 22:00:00,2660,Headphones,4,1392.58,5519.66,50.66,PayPal
7341,2023-09-22 04:00:00,2544,Headphones,3,750.45,2168.8800000000006,82.47,PayPal
7713,2023-10-07 16:00:00,2262,Monitor,4,94.14,276.62,99.94,Cash
9844,2024-01-04 11:00:00,2465,Monitor,1,581.39,503.03,78.36,PayPal
2187,2023-02-19 10:00:00,2385,Laptop,1,36.17,-6.269999999999996,42.44,Credit Card
7665,2023-10-05 16:00:00,2873,Keyboard,2,1113.64,2170.9500000000003,56.33,Debit Card
10446,2024-01-29 13:00:00,2216,Keyboard,4,561.09,2210.9900000000002,33.37,Cash
8930,2023-11-27 09:00:00,2835,Monitor,4,1594.74,6306.15,72.81,Cash
2978,2023-03-24 09:00:00,2209,Keyboard,4,1999.39,,27.25,Credit Card
6315,2023-08-10 10:00:00,2476,Monitor,3,1659.01,4926.04,50.99,Debit Card
3459,2023-04-13 10:00:00,2625,Keyboard,3,1702.95,5046.280000000001,62.57,Debit Card
5248,2023-06-26 23:00:00,2373,Monitor,1,441.94,366.17,75.77,Debit Card
9343,2023-12-14 14:00:00,2052,Tablet,3,920.64,2739.92,22.0,nan
1916,2023-02-08 03:00:00,2001,Tablet,3,80.33,147.27,93.72,Cash
2306,2023-02-24 09:00:00,2137,Headphones,2,,155.17000000000002,16.73,Cash
9618,2023-12-26 01:00:00,2389,Tablet,2,1332.31,2616.7999999999997,47.82,Cash
4050,2023-05-08 01:00:00,2146,Keyboard,1,515.54,459.33,56.21,PayPal
11000,2024-02-21 15:00:00,2211,Monitor,3,1778.23,5289.51,45.18,PayPal
2274,2023-02-23 01:00:00,2739,Headphones,4,414.84,1636.59,22.77,Debit Card
6904,2023-09-03 23:00:00,2239,Mouse,2,1207.47,2402.66,12.28,Debit Card
3797,2023-04-27 12:00:00,2481,Monitor,3,596.83,1783.4000000000003,7.09,PayPal
2399,2023-02-28 06:00:00,2909,Keyboard,4,616.84,2371.23,96.13,PayPal
4359,2023-05-20 22:00:00,2302,Headphones,4,833.69,3286.2200000000003,48.54,Cash
1184,2023-01-08 15:00:00,2269,Mouse,3,1855.25,5488.36,77.39,PayPal
8748,2023-11-19 19:00:00,2277,Laptop,2,1384.59,2674.5,94.68,Cash
7312,2023-09-20 23:00:00,2644,Monitor,2,,250.9,34.84,PayPal
9641,2023-12-27 00:00:00,2715,Monitor,1,84.84,21.89,62.95,Debit Card
8147,2023-10-25 18:00:00,2765,Laptop,4,1780.01,7075.67,44.37,Debit Card
7838,2023-10-12 21:00:00,2941,Headphones,3,1469.74,4396.67,12.55,Credit Card
8739,2023-11-19 10:00:00,2229,Laptop,1,1553.61,1552.8,0.81,Credit Card
5568,2023-07-10 07:00:00,2999,Headphones,1,1376.26,1339.53,36.73,Cash
8936,2023-11-27 15:00:00,2143,Headphones,2,1734.87,3390.7599999999998,78.98,Cash
9522,2023-12-22 01:00:00,2063,Monitor,3,114.96,,78.05,Credit Card
3657,2023-04-21 16:00:00,2172,Mouse,2,,1834.6899999999998,16.91,Cash
9725,2023-12-30 12:00:00,2751,Laptop,2,1938.78,3794.92,82.64,Debit Card
8603,2023-11-13 18:00:00,2457,Mouse,4,1345.34,5351.36,30.0,Cash
2962,2023-03-23 17:00:00,2738,Laptop,3,1261.46,3730.63,53.75,Credit Card
5993,2023-07-28 00:00:00,2344,Headphones,2,1697.44,3343.27,51.61,Cash
5892,2023-07-23 19:00:00,2178,Laptop,4,130.01,444.68999999999994,75.35,Debit Card
8230,2023-10-29 05:00:00,2295,Mouse,4,326.36,1256.01,49.43,Debit Card
10954,2024-02-19 17:00:00,2019,Laptop,2,1289.48,2499.9,79.06,Credit Card
8673,2023-11-16 16:00:00,2631,Monitor,4,1142.78,4570.48,0.64,Cash
9362,2023-12-15 09:00:00,2286,Monitor,3,1504.14,4456.9800000000005,55.44,Debit Card
7801,2023-10-11 08:00:00,2939,Headphones,3,1271.8,3791.9999999999995,23.4,Cash
2252,2023-02-22 03:00:00,2795,Monitor,4,1259.81,5001.88,37.36,nan
4177,2023-05-13 08:00:00,2702,Tablet,1,1519.75,1443.95,75.8,Debit Card
6073,2023-07-31 08:00:00,2300,Keyboard,3,1627.37,4851.95,30.16,Credit Card
4360,2023-05-20 23:00:00,2720,Monitor,4,,6138.5,24.1,Debit Card
6562,2023-08-20 17:00:00,2568,Mouse,3,1709.27,5096.169999999999,31.64,Debit Card
7072,2023-09-10 23:00:00,2117,Keyboard,3,587.03,1746.61,14.48,Cash
9128,2023-12-05 15:00:00,2007,Tablet,3,1516.68,4481.82,68.22,Credit Card
8258,2023-10-30 09:00:00,2608,Laptop,2,831.78,1574.31,89.25,PayPal
4290,2023-05-18 01:00:00,2251,Tablet,4,1922.08,7595.9,92.42,Cash
8153,2023-10-26 00:00:00,2379,Monitor,3,719.98,2144.4700000000003,15.47,PayPal
10169,2024-01-18 00:00:00,2103,Keyboard,1,1258.55,1195.8999999999999,62.65,Credit Card
4191,2023-05-13 22:00:00,2923,Tablet,2,130.98,180.73999999999998,81.22,Credit Card
7444,2023-09-26 11:00:00,2927,Laptop,4,1973.03,7884.91,7.21,Debit Card
8633,2023-11-15 00:00:00,2704,Monitor,1,184.41,109.49,74.92,Cash
2052,2023-02-13 19:00:00,2104,Laptop,2,1142.93,2193.31,92.55,Debit Card
5070,2023-06-19 13:00:00,2294,Tablet,4,942.68,3737.5099999999998,33.21,Debit Card
7674,2023-10-06 01:00:00,2171,Keyboard,1,1976.43,1962.65,13.78,Credit Card
7158,2023-09-14 13:00:00,2125,Tablet,1,1372.27,,13.1,PayPal
1273,2023-01-12 08:00:00,2742,Laptop,2,84.22,90.74,77.7,Cash
3043,2023-03-27 02:00:00,2670,Keyboard,4,315.73,1238.0500000000002,24.87,Debit Card
5764,2023-07-18 11:00:00,2121,Laptop,2,50.76,10.629999999999995,90.89,PayPal
6518,2023-08-18 21:00:00,2725,Laptop,3,864.95,2549.2300000000005,45.62,PayPal
8077,2023-10-22 20:00:00,2276,Tablet,3,1140.64,3398.65,23.27,Debit Card
2113,2023-02-16 08:00:00,2222,Laptop,2,1028.37,2016.5999999999997,40.14,Credit Card
2087,2023-02-15 06:00:00,2629,Tablet,3,164.51,477.63,15.9,Credit Card
7434,2023-09-26 01:00:00,2700,Keyboard,2,528.02,1043.22,12.82,Credit Card
8040,2023-10-21 07:00:00,2620,Headphones,1,380.66,336.46000000000004,44.2,Debit Card
7067,2023-09-10 18:00:00,2594,Laptop,1,1777.32,1748.9399999999998,28.38,PayPal
8406,2023-11-05 13:00:00,2012,Tablet,1,436.58,424.51,12.07,PayPal
5323,2023-06-30 02:00:00,2768,Tablet,3,1841.71,5506.13,19.0,Credit Card
10201,2024-01-19 08:00:00,2424,Monitor,1,321.74,223.18,98.56,Credit Card
9380,2023-12-16 03:00:00,2681,Laptop,3,1988.45,5948.05,17.3,Cash
7210,2023-09-16 17:00:00,2153,Keyboard,3,1070.94,3207.25,5.57,Credit Card
9210,2023-12-09 01:00:00,2006,Tablet,3,1168.43,,76.79,Debit Card
6684,2023-08-25 19:00:00,2819,Mouse,2,1659.47,3289.9900000000002,28.95,Credit Card
7849,2023-10-13 08:00:00,2223,Monitor,1,257.76,247.88,9.88,Credit Card
5710,2023-07-16 05:00:00,2693,Headphones,3,437.36,1306.49,5.59,PayPal
9019,2023-12-01 02:00:00,2025,Laptop,4,1408.02,5586.36,45.72,Cash
9704,2023-12-29 15:00:00,2534,Tablet,2,40.83,56.91,24.75,Cash
7244,2023-09-18 03:00:00,2255,Tablet,3,375.0,,24.8,Cash
9780,2024-01-01 19:00:00,2434,Tablet,2,95.85,137.75,53.95,Cash
4479,2023-05-25 22:00:00,2130,Mouse,4,762.22,3027.5,21.38,Debit Card
8880,2023-11-25 07:00:00,2649,Tablet,4,258.06,958.3,73.94,Credit Card
4925,2023-06-13 12:00:00,2466,Headphones,3,197.5,494.04,98.46,PayPal
2749,2023-03-14 20:00:00,2581,Laptop,3,1030.3,3054.43,36.47,Debit Card
1733,2023-01-31 12:00:00,2833,Laptop,4,811.6,3167.76,78.64,PayPal
3554,2023-04-17 09:00:00,2566,Mouse,3,1381.85,4132.779999999999,12.77,PayPal
8146,2023-10-25 17:00:00,2953,Headphones,3,,4525.650000000001,82.98,PayPal
6917,2023-09-04 12:00:00,2418,Keyboard,4,934.5,3660.25,77.75,Credit Card
3663,2023-04-21 22:00:00,2534,Tablet,1,116.76,96.69,20.07,Credit Card
7033,2023-09-09 08:00:00,2647,Laptop,1,983.28,911.6899999999999,71.59,Debit Card
7689,2023-10-06 16:00:00,2594,Monitor,1,886.97,841.69,45.28,Credit Card
4114,2023-05-10 17:00:00,2507,Tablet,4,1947.27,7758.97,30.11,Debit Card
4304,2023-05-18 15:00:00,2896,Laptop,3,817.3,2403.2299999999996,48.67,PayPal
2345,2023-02-26 00:00:00,2642,Headphones,2,636.08,1207.41,64.75,Credit Card
10242,2024-01-21 01:00:00,2556,Monitor,3,1116.02,3329.7799999999997,18.28,Debit Card
2691,2023-03-12 10:00:00,2941,Monitor,3,1351.83,4014.1,41.39,Debit Card
8071,2023-10-22 14:00:00,2299,Laptop,2,708.83,1325.69,91.97,Debit Card
9383,2023-12-16 06:00:00,2781,Headphones,3,1679.35,4979.709999999999,58.34,Credit Card
6049,2023-07-30 08:00:00,2206,Tablet,1,1739.97,1729.13,10.84,Debit Card
6598,2023-08-22 05:00:00,2228,Headphones,1,1742.85,1677.1599999999999,65.69,Credit Card
4309,2023-05-18 20:00:00,2098,Mouse,4,754.2,2932.04,84.76,Credit Card
2505,2023-03-04 16:00:00,2622,Monitor,4,550.39,2156.29,45.27,PayPal
2807,2023-03-17 06:00:00,2780,Laptop,1,647.45,626.1600000000001,21.29,Debit Card
9924,2024-01-07 19:00:00,2430,Keyboard,1,1460.71,1454.45,6.26,Cash
6962,2023-09-06 09:00:00,2723,Monitor,4,483.02,1866.78,65.3,Debit Card
4792,2023-06-07 23:00:00,2246,Mouse,1,1337.11,1309.49,27.62,Credit Card
6218,2023-08-06 09:00:00,2673,Tablet,4,911.43,3579.18,66.54,PayPal
1347,2023-01-15 10:00:00,2669,Mouse,4,126.74,461.63,45.33,Debit Card
9117,2023-12-05 04:00:00,2931,Mouse,1,1597.93,1512.8700000000001,85.06,PayPal
9484,2023-12-20 11:00:00,2087,Keyboard,2,1088.19,,72.18,PayPal
10968,2024-02-20 07:00:00,2279,Headphones,3,1340.48,3973.92,47.52,Credit Card
7238,2023-09-17 21:00:00,2037,Monitor,3,1882.34,5563.509999999999,83.51,PayPal
10239,2024-01-20 22:00:00,2958,Headphones,4,1267.02,5024.54,43.54,Credit Card
2849,2023-03-19 00:00:00,2437,Laptop,2,1309.8,2610.8199999999997,8.78,PayPal
5513,2023-07-08 00:00:00,2170,Headphones,2,291.01,540.61,41.41,PayPal
3432,2023-04-12 07:00:00,2068,Monitor,4,402.83,1563.0,48.32,Credit Card
5661,2023-07-14 04:00:00,2523,Keyboard,2,743.33,1394.8400000000001,91.82,PayPal
8548,2023-11-11 11:00:00,2426,Laptop,1,360.43,280.27,80.16,PayPal
7195,2023-09-16 02:00:00,2013,Monitor,4,1267.77,5014.39,56.69,PayPal
10850,2024-02-15 09:00:00,2428,Mouse,2,1721.26,3398.13,44.39,Cash
1143,2023-01-06 22:00:00,2378,Keyboard,3,913.27,2707.49,32.32,Cash
4306,2023-05-18 17:00:00,2615,Laptop,3,,2239.8,25.5,Debit Card
7139,2023-09-13 18:00:00,2351,Keyboard,3,1787.55,5281.4,81.25,PayPal
6291,2023-08-09 10:00:00,2725,Mouse,4,42.89,148.08,23.48,Cash
7772,2023-10-10 03:00:00,2737,Keyboard,3,125.61,360.19,16.64,Debit Card
4410,2023-05-23 01:00:00,2552,Monitor,4,786.54,3084.5,61.66,Credit Card
2118,2023-02-16 13:00:00,2150,Mouse,4,443.42,,13.03,Cash
2757,2023-03-15 04:00:00,2528,Headphones,3,1533.09,4581.839999999999,17.43,PayPal
1498,2023-01-21 17:00:00,2411,Laptop,3,25.03,66.61,8.48,Debit Card
9158,2023-12-06 21:00:00,2075,Mouse,3,683.23,1984.3200000000002,65.37,Cash
1871,2023-02-06 06:00:00,2892,Tablet,1,1419.62,1361.9099999999999,57.71,Credit Card
4358,2023-05-20 21:00:00,2358,Monitor,2,1824.2,3623.6600000000003,24.74,Debit Card
1913,2023-02-08 00:00:00,2815,Mouse,1,787.02,730.41,56.61,Credit Card
1722,2023-01-31 01:00:00,2114,Tablet,3,89.9,246.16000000000005,23.54,Credit Card
3806,2023-04-27 21:00:00,2141,Keyboard,2,662.83,1322.3700000000001,3.29,Credit Card
6909,2023-09-04 04:00:00,2273,Tablet,3,1114.25,3249.22,93.53,Cash
1887,2023-02-06 22:00:00,2608,Headphones,3,1704.77,5114.169999999999,0.14,Debit Card
7688,2023-10-06 15:00:00,2467,Tablet,3,1722.6,5085.029999999999,82.77,Debit Card
8306,2023-11-01 09:00:00,2669,Mouse,3,1803.21,5366.57,43.06,Credit Card
10661,2024-02-07 12:00:00,2857,Laptop,4,1007.34,4027.34,2.02,PayPal
2521,2023-03-05 08:00:00,2105,Mouse,2,1188.46,2347.9500000000003,28.97,Credit Card
10218,2024-01-20 01:00:00,2931,Laptop,4,594.71,2340.19,38.65,Debit Card
3747,2023-04-25 10:00:00,2526,Tablet,1,1328.28,1281.22,47.06,Credit Card
7290,2023-09-20 01:00:00,2930,Tablet,2,816.03,1565.8999999999999,66.16,PayPal
8585,2023-11-13 00:00:00,2014,Mouse,4,227.21,821.9000000000001,86.94,Debit Card
1315,2023-01-14 02:00:00,2744,Monitor,4,812.4,3200.19,49.41,Credit Card
2800,2023-03-16 23:00:00,2668,Tablet,4,912.57,3645.61,4.67,Cash
1328,2023-01-14 15:00:00,2805,Tablet,1,1291.65,1226.8100000000002,64.84,PayPal
9288,2023-12-12 07:00:00,2064,Tablet,3,1994.64,5967.39,16.53,PayPal
5205,2023-06-25 04:00:00,2555,Monitor,3,604.57,1798.38,15.33,Credit Card
6448,2023-08-15 23:00:00,2283,Headphones,3,1728.1,5108.7699999999995,75.53,Credit Card
4130,2023-05-11 09:00:00,2949,Tablet,4,335.73,1301.8000000000002,41.12,PayPal
8606,2023-11-13 21:00:00,2789,Keyboard,4,1678.29,6691.37,21.79,Credit Card
8470,2023-11-08 05:00:00,2704,Headphones,4,50.43,188.71,13.01,Debit Card
4969,2023-06-15 08:00:00,2214,Monitor,4,401.44,1548.24,57.52,PayPal
10900,2024-02-17 11:00:00,2518,Monitor,4,789.51,3061.16,96.88,PayPal
9822,2024-01-03 13:00:00,2920,Monitor,3,683.74,1991.8500000000004,59.37,Cash
2974,2023-03-24 05:00:00,2746,Monitor,4,843.77,3337.2799999999997,37.8,Credit Card
1337,2023-01-15 00:00:00,2589,Keyboard,4,349.01,1301.75,94.29,Debit Card
3765,2023-04-26 04:00:00,2585,Tablet,2,1132.6,2226.9399999999996,38.26,Credit Card
9337,2023-12-14 08:00:00,2175,Keyboard,1,427.8,,66.47,Credit Card
1276,2023-01-12 11:00:00,2456,Tablet,1,436.35,367.89000000000004,68.46,Credit Card
3986,2023-05-05 09:00:00,2936,Laptop,1,522.11,445.85,76.26,PayPal
7261,2023-09-18 20:00:00,2595,Monitor,2,560.14,1023.5799999999999,96.7,Debit Card
2189,2023-02-19 12:00:00,2515,Headphones,1,1403.13,1354.17,48.96,PayPal
4478,2023-05-25 21:00:00,2111,Keyboard,1,256.22,167.36,88.86,Credit Card
6818,2023-08-31 09:00:00,2002,Laptop,2,,1467.5800000000002,51.34,PayPal
4559,2023-05-29 06:00:00,2177,Headphones,1,997.43,951.2099999999999,46.22,Credit Card
3810,2023-04-28 01:00:00,2574,Tablet,4,380.44,1437.71,84.05,PayPal
10574,2024-02-03 21:00:00,2943,Tablet,2,1979.5,3939.64,19.36,Debit Card
5862,2023-07-22 13:00:00,2295,Tablet,2,1370.53,,14.12,Cash
8305,2023-11-01 08:00:00,2630,Monitor,1,963.97,908.86,55.11,PayPal
6247,2023-08-07 14:00:00,2056,Keyboard,2,1732.36,3419.5499999999997,45.17,PayPal
4417,2023-05-23 08:00:00,2325,Headphones,3,976.41,2916.48,12.75,Credit Card
1308,2023-01-13 19:00:00,2130,Tablet,4,1668.52,6607.09,66.99,PayPal
4909,2023-06-12 20:00:00,2376,Laptop,1,1434.45,1401.8,32.65,PayPal
8816,2023-11-22 15:00:00,2914,Laptop,2,77.32,121.88999999999999,32.75,Cash
1349,2023-01-15 12:00:00,2982,Laptop,3,1399.3,4105.299999999999,92.6,Cash
1827,2023-02-04 10:00:00,2342,Laptop,1,1040.47,992.02,48.45,Debit Card
6297,2023-08-09 16:00:00,2149,Laptop,3,1536.56,4541.83,67.85,Cash
10979,2024-02-20 18:00:00,2832,Mouse,1,1547.82,1500.3799999999999,47.44,Credit Card
5483,2023-07-06 18:00:00,2916,Headphones,1,1020.84,936.38,84.46,Cash
7164,2023-09-14 19:00:00,2714,Monitor,3,203.9,577.19,34.51,PayPal
4683,2023-06-03 10:00:00,2952,Keyboard,3,125.13,345.02,30.37,Credit Card
10474,2024-01-30 17:00:00,2878,Headphones,3,1429.12,4214.389999999999,72.97,Debit Card
9804,2024-01-02 19:00:00,2511,Mouse,3,301.54,904.4000000000001,0.22,PayPal
3054,2023-03-27 13:00:00,2224,Laptop,2,970.83,,30.2,Cash
1072,2023-01-03 23:00:00,2772,Keyboard,3,934.17,2703.12,99.39,PayPal
7111,2023-09-12 14:00:00,2584,Headphones,1,1908.2,1853.8400000000001,54.36,Cash
8766,2023-11-20 13:00:00,2377,Monitor,1,747.57,719.9000000000001,27.67,PayPal
7963,2023-10-18 02:00:00,2665,Keyboard,3,1256.84,3714.1099999999997,56.41,Debit Card
9582,2023-12-24 13:00:00,2941,Mouse,3,637.54,1884.6399999999999,27.98,Debit Card
6357,2023-08-12 04:00:00,2974,Mouse,1,1528.01,1453.63,74.38,PayPal
2667,2023-03-11 10:00:00,2048,Headphones,2,140.66,244.79,36.53,PayPal
6571,2023-08-21 02:00:00,2018,Tablet,4,762.49,,32.01,nan
7856,2023-10-13 15:00:00,2795,Tablet,4,1234.37,4893.339999999999,44.14,Debit Card
8179,2023-10-27 02:00:00,2493,Mouse,4,216.05,821.5400000000001,42.66,Cash
10496,2024-01-31 15:00:00,2853,Headphones,3,247.32,726.51,15.45,Cash
2446,2023-03-02 05:00:00,2524,Mouse,3,1629.58,4846.19,42.55,Debit Card
6806,2023-08-30 21:00:00,2601,Monitor,1,1251.24,1223.6,27.64,Credit Card
8836,2023-11-23 11:00:00,2151,Laptop,3,1113.15,3332.9800000000005,6.47,Debit Card
2696,2023-03-12 15:00:00,2681,Tablet,3,404.07,1128.01,84.2,Credit Card
3893,2023-05-01 12:00:00,2412,Laptop,4,653.97,2556.33,59.55,Cash
8206,2023-10-28 05:00:00,2686,Laptop,4,667.67,2663.56,7.12,Debit Card
2575,2023-03-07 14:00:00,2927,Headphones,4,900.2,3534.8700000000003,65.93,Credit Card
4204,2023-05-14 11:00:00,2528,Laptop,2,370.69,683.71,57.67,PayPal
5406,2023-07-03 13:00:00,2096,Headphones,2,1612.67,3132.8500000000004,92.49,Debit Card
2631,2023-03-09 22:00:00,2066,Mouse,4,1440.83,5678.929999999999,84.39,PayPal
9837,2024-01-04 04:00:00,2883,Laptop,4,1856.77,7358.46,68.62,Credit Card
2882,2023-03-20 09:00:00,2555,Mouse,3,1330.65,3958.19,33.76,Cash
6113,2023-08-02 00:00:00,2423,Keyboard,3,791.71,2349.59,25.54,PayPal
6075,2023-07-31 10:00:00,2265,Headphones,1,564.72,468.81000000000006,95.91,PayPal
8534,2023-11-10 21:00:00,2296,Laptop,3,,2343.4199999999996,46.11,Credit Card
10270,2024-01-22 05:00:00,2888,Laptop,2,184.95,362.35999999999996,7.54,Cash
7196,2023-09-16 03:00:00,2275,Keyboard,4,1122.28,4404.5599999999995,84.56,Cash
1849,2023-02-05 08:00:00,2031,Monitor,1,1822.47,1737.8700000000001,84.6,PayPal
9301,2023-12-12 20:00:00,2357,Keyboard,2,996.46,1945.51,47.41,Credit Card
7860,2023-10-13 19:00:00,2035,Keyboard,1,,775.51,66.97,Debit Card
10073,2024-01-14 00:00:00,2215,Monitor,1,,1239.57,95.2,Debit Card
3878,2023-04-30 21:00:00,2250,Monitor,2,875.62,1714.93,36.31,Debit Card
1187,2023-01-08 18:00:00,2664,Tablet,4,,1810.3899999999999,20.13,Credit Card
4780,2023-06-07 11:00:00,2718,Laptop,2,1782.1,3534.1899999999996,30.01,Credit Card
2831,2023-03-18 06:00:00,2366,Monitor,1,868.77,844.09,24.68,Debit Card
6642,2023-08-24 01:00:00,2902,Tablet,3,1992.0,,23.75,Credit Card
3960,2023-05-04 07:00:00,2011,Headphones,1,94.18,52.24000000000001,41.94,PayPal
7364,2023-09-23 03:00:00,2113,Headphones,4,1432.19,5692.09,36.67,Cash
8075,2023-10-22 18:00:00,2690,Keyboard,2,110.43,,53.64,Debit Card
6447,2023-08-15 22:00:00,2646,Keyboard,4,429.79,1674.52,44.64,Debit Card
2235,2023-02-21 10:00:00,2761,Monitor,4,1477.53,,58.72,PayPal
7616,2023-10-03 15:00:00,2031,Mouse,1,388.18,334.21000000000004,53.97,Cash
4916,2023-06-13 03:00:00,2616,Tablet,2,1624.78,3181.97,67.59,PayPal
1447,2023-01-19 14:00:00,2586,Laptop,3,193.99,517.58,64.39,Debit Card
1845,2023-02-05 04:00:00,2652,Headphones,2,1781.0,3499.96,62.04,Debit Card
6202,2023-08-05 17:00:00,2543,Headphones,1,1853.26,,7.92,Cash
9269,2023-12-11 12:00:00,2025,Laptop,1,1428.46,1421.8400000000001,6.62,Debit Card
9350,2023-12-14 21:00:00,2532,Keyboard,1,288.93,257.72,31.21,Cash
3441,2023-04-12 16:00:00,2247,Keyboard,4,1852.65,7311.410000000001,99.19,Credit Card
4104,2023-05-10 07:00:00,2997,Mouse,3,1921.34,5757.33,6.69,Cash
10017,2024-01-11 16:00:00,2085,Mouse,2,1765.96,3460.11,71.81,PayPal
5576,2023-07-10 15:00:00,2872,Monitor,1,760.22,663.8000000000001,96.42,Cash
7265,2023-09-19 00:00:00,2782,Tablet,4,58.64,156.51,78.05,PayPal
2295,2023-02-23 22:00:00,2158,Monitor,1,662.82,617.23,45.59,PayPal
6641,2023-08-24 00:00:00,2929,Tablet,3,741.09,2203.67,19.6,Cash
6519,2023-08-18 22:00:00,2220,Keyboard,4,1582.32,6256.19,73.09,Cash
10473,2024-01-30 16:00:00,2035,Headphones,2,,3926.71,48.41,PayPal
6068,2023-07-31 03:00:00,2146,Headphones,4,1327.3,5284.09,25.11,Debit Card
4443,2023-05-24 10:00:00,2976,Laptop,3,84.44,215.95,37.37,Credit Card
2732,2023-03-14 03:00:00,2138,Tablet,4,719.8,2853.99,25.21,Debit Card
9055,2023-12-02 14:00:00,2099,Laptop,1,156.16,,45.89,PayPal
9757,2023-12-31 20:00:00,2810,Laptop,4,761.83,2960.9700000000003,86.35,Cash
7763,2023-10-09 18:00:00,2479,Headphones,1,,1537.92,31.51,PayPal
1777,2023-02-02 08:00:00,2618,Laptop,1,452.52,391.54999999999995,60.97,Credit Card
4791,2023-06-07 22:00:00,2538,Monitor,2,1094.51,2153.63,35.39,Debit Card
3154,2023-03-31 17:00:00,2842,Tablet,1,1514.75,1428.35,86.4,PayPal
6559,2023-08-20 14:00:00,2268,Mouse,2,725.65,,7.18,PayPal
5921,2023-07-25 00:00:00,2083,Headphones,2,1973.32,3922.8799999999997,23.76,PayPal
7562,2023-10-01 09:00:00,2237,Mouse,1,346.97,332.06,14.91,nan
10970,2024-02-20 09:00:00,2012,Keyboard,3,1890.44,5649.929999999999,21.39,Debit Card
7135,2023-09-13 14:00:00,2812,Monitor,4,96.73,296.78000000000003,90.14,Credit Card
8783,2023-11-21 06:00:00,2517,Tablet,3,1432.66,4229.500000000001,68.48,Credit Card
9849,2024-01-04 16:00:00,2788,Tablet,3,920.9,2738.22,24.48,Cash
8643,2023-11-15 10:00:00,2088,Tablet,3,,4571.13,56.4,PayPal
8190,2023-10-27 13:00:00,2504,Monitor,3,1290.77,3862.67,9.64,PayPal
4184,2023-05-13 15:00:00,2951,Mouse,4,1570.89,6254.06,29.5,PayPal
9375,2023-12-15 22:00:00,2163,Mouse,1,1914.12,1894.7099999999998,19.41,PayPal
4200,2023-05-14 07:00:00,2833,Monitor,2,1670.05,3314.9,25.2,PayPal
9337,2023-12-14 08:00:00,2175,Keyboard,1,427.8,,66.47,Credit Card
2290,2023-02-23 17:00:00,2147,Monitor,4,1076.85,4225.23,82.17,Cash
5582,2023-07-10 21:00:00,2172,Headphones,3,133.8,338.66,62.74,Credit Card
7865,2023-10-14 00:00:00,2407,Keyboard,2,729.3,1409.36,49.24,Credit Card
10389,2024-01-27 04:00:00,2211,Monitor,1,1405.37,1342.57,62.8,PayPal
8918,2023-11-26 21:00:00,2062,Mouse,4,1338.81,5348.5199999999995,6.72,Credit Card
10161,2024-01-17 16:00:00,2541,Monitor,2,1628.09,3172.1,84.08,Debit Card
5107,2023-06-21 02:00:00,2300,Monitor,4,1005.29,3947.96,73.2,Cash
5127,2023-06-21 22:00:00,2350,Keyboard,4,1783.1,7119.82,12.58,Cash
9625,2023-12-26 08:00:00,2035,Laptop,2,1653.52,3254.98,52.06,Debit Card
4967,2023-06-15 06:00:00,2508,Tablet,1,1244.4,1197.69,46.71,Credit Card
2880,2023-03-20 07:00:00,2673,Monitor,4,494.22,1878.15,98.73,Credit Card
10622,2024-02-05 21:00:00,2088,Mouse,2,1304.32,2571.93,36.71,Cash
10768,2024-02-11 23:00:00,2394,Monitor,3,1053.08,3071.5499999999997,87.69,PayPal
6458,2023-08-16 09:00:00,2266,Laptop,1,705.02,609.5799999999999,95.44,Cash
10713,2024-02-09 16:00:00,2680,Monitor,1,692.55,689.31,3.24,Cash
4588,2023-05-30 11:00:00,2815,Headphones,1,783.17,703.2199999999999,79.95,Cash
9143,2023-12-06 06:00:00,2729,Tablet,2,1562.36,3034.0099999999998,90.71,Cash
4866,2023-06-11 01:00:00,2147,Laptop,2,378.48,733.94,23.02,PayPal
3149,2023-03-31 12:00:00,2721,Keyboard,1,1516.07,1465.28,50.79,PayPal
5132,2023-06-22 03:00:00,2453,Monitor,3,1353.29,4003.44,56.43,Cash
2037,2023-02-13 04:00:00,2960,Tablet,1,95.3,84.27,11.03,Debit Card
1637,2023-01-27 12:00:00,2764,Monitor,1,417.6,356.8,60.8,Cash
7113,2023-09-12 16:00:00,2255,Laptop,4,187.85,719.76,31.64,Credit Card
5135,2023-06-22 06:00:00,2323,Mouse,1,,1382.56,0.51,Credit Card
8294,2023-10-31 21:00:00,2078,Tablet,2,1537.66,2992.9900000000002,82.33,Cash
2084,2023-02-15 03:00:00,2175,Laptop,4,579.47,2305.31,12.57,PayPal
1862,2023-02-05 21:00:00,2340,Headphones,1,350.65,293.87,56.78,Debit Card
6213,2023-08-06 04:00:00,2868,Headphones,2,451.12,891.17,11.07,Cash
1904,2023-02-07 15:00:00,2361,Monitor,2,427.6,782.4000000000001,72.8,PayPal
1192,2023-01-08 23:00:00,2885,Headphones,1,305.42,,94.24,Cash
1110,2023-01-05 13:00:00,2978,Headphones,2,859.79,1690.26,29.32,PayPal
5456,2023-07-05 15:00:00,2867,Headphones,3,629.25,1883.59,4.16,Credit Card
2943,2023-03-22 22:00:00,2708,Headphones,4,1185.05,4738.38,1.82,Credit Card
7203,2023-09-16 10:00:00,2934,Headphones,2,1057.94,2097.23,18.65,PayPal
5332,2023-06-30 11:00:00,2822,Tablet,4,826.92,3255.75,51.93,PayPal
10302,2024-01-23 13:00:00,2094,Monitor,1,611.11,600.46,10.65,PayPal
9159,2023-12-06 22:00:00,2423,Headphones,3,1075.08,,80.82,Cash
3041,2023-03-27 00:00:00,2472,Laptop,3,156.95,457.15999999999997,13.69,Credit Card
9119,2023-12-05 06:00:00,2944,Laptop,3,1393.15,4152.500000000001,26.95,Credit Card
9790,2024-01-02 05:00:00,2755,Monitor,3,1338.7,3935.01,81.09,PayPal
5879,2023-07-23 06:00:00,2154,Laptop,3,1991.04,5971.39,1.73,Cash
5660,2023-07-14 03:00:00,2296,Laptop,4,888.22,3491.03,61.85,Cash
8109,2023-10-24 04:00:00,2605,Headphones,3,393.35,1082.64,97.41,Cash
3776,2023-04-26 15:00:00,2023,Monitor,1,1153.82,1130.29,23.53,PayPal
5146,2023-06-22 17:00:00,2885,Laptop,1,1725.22,1651.3700000000001,73.85,Debit Card
3324,2023-04-07 19:00:00,2957,Laptop,2,1832.68,3592.69,72.67,Cash
1763,2023-02-01 18:00:00,2991,Mouse,4,238.93,925.34,30.38,Cash
3618,2023-04-20 01:00:00,2665,Mouse,3,1041.57,3114.2200000000003,10.49,Credit Card
3412,2023-04-11 11:00:00,2455,Keyboard,3,508.55,1460.51,65.14,nan
2095,2023-02-15 14:00:00,2647,Tablet,4,977.21,3902.61,6.23,PayPal
7841,2023-10-13 00:00:00,2676,Laptop,4,1439.52,5753.28,4.8,Debit Card
8804,2023-11-22 03:00:00,2065,Laptop,3,1694.68,5067.21,16.83,PayPal
1081,2023-01-04 08:00:00,2880,Laptop,2,850.26,1678.25,22.27,PayPal
4136,2023-05-11 15:00:00,2679,Keyboard,3,825.81,2391.24,86.19,Credit Card
7303,2023-09-20 14:00:00,2572,Tablet,4,952.45,3728.3300000000004,81.47,Credit Card
6041,2023-07-30 00:00:00,2728,Laptop,3,1104.39,3308.11,5.06,PayPal
6429,2023-08-15 04:00:00,2584,Headphones,2,1024.25,1958.8,89.7,PayPal
4806,2023-06-08 13:00:00,2489,Monitor,3,1573.29,4705.38,14.49,Cash
1885,2023-02-06 20:00:00,2308,Headphones,4,1128.65,4470.29,44.31,PayPal
3655,2023-04-21 14:00:00,2119,Tablet,1,1454.35,1405.27,49.08,Credit Card
6899,2023-09-03 18:00:00,2992,Monitor,3,1030.03,3047.5,42.59,PayPal
8600,2023-11-13 15:00:00,2450,Headphones,1,919.1,830.78,88.32,Cash
1465,2023-01-20 08:00:00,2019,Tablet,1,1297.86,1280.6299999999999,17.23,Cash
8476,2023-11-08 11:00:00,2257,Mouse,4,391.15,1516.3899999999999,48.21,Credit Card
9314,2023-12-13 09:00:00,2016,Laptop,1,706.63,,17.01,Cash
7297,2023-09-20 08:00:00,2583,Keyboard,3,1003.67,2992.7499999999995,18.26,Credit Card
9481,2023-12-20 08:00:00,2444,Headphones,3,1200.25,3530.93,69.82,Debit Card
6193,2023-08-05 08:00:00,2498,Laptop,4,344.16,1305.7900000000002,70.85,Credit Card
7614,2023-10-03 13:00:00,2288,Mouse,1,509.5,,51.11,PayPal
5774,2023-07-18 21:00:00,2108,Headphones,1,831.68,811.3299999999999,20.35,Cash
6301,2023-08-09 20:00:00,2614,Tablet,3,1127.92,3301.4300000000003,82.33,Cash
3203,2023-04-02 18:00:00,2343,Keyboard,3,,1894.9799999999998,84.42,Debit Card
9635,2023-12-26 18:00:00,2771,Mouse,2,55.58,42.879999999999995,68.28,Cash
8204,2023-10-28 03:00:00,2715,Laptop,4,869.46,3411.61,66.23,Credit Card
2263,2023-02-22 14:00:00,2117,Headphones,2,642.9,1217.6499999999999,68.15,Debit Card
7171,2023-09-15 02:00:00,2691,Tablet,1,1591.11,1512.7099999999998,78.4,Cash
1976,2023-02-10 15:00:00,2513,Mouse,3,1617.31,4815.240000000001,36.69,Credit Card
7467,2023-09-27 10:00:00,2682,Tablet,3,680.0,2023.3,16.7,Cash
5926,2023-07-25 05:00:00,2344,Mouse,1,1338.19,1269.9,68.29,Credit Card
1942,2023-02-09 05:00:00,2365,Laptop,4,407.39,1620.29,9.27,PayPal
6264,2023-08-08 07:00:00,2723,Tablet,1,116.38,46.28999999999999,70.09,Credit Card
5724,2023-07-16 19:00:00,2412,Monitor,3,1794.75,5306.42,77.83,PayPal
3388,2023-04-10 11:00:00,2915,Keyboard,4,1874.08,7412.57,83.75,Cash
9077,2023-12-03 12:00:00,2408,Mouse,2,84.59,123.14000000000001,46.04,Debit Card
6022,2023-07-29 05:00:00,2669,Tablet,2,1136.95,2178.51,95.39,Credit Card
5392,2023-07-02 23:00:00,2110,Monitor,1,584.72,537.8000000000001,46.92,Debit Card
6149,2023-08-03 12:00:00,2029,Headphones,1,1822.21,1785.0,37.21,nan
4222,2023-05-15 05:00:00,2589,Keyboard,2,1418.3,2781.12,55.48,Debit Card
4883,2023-06-11 18:00:00,2072,Monitor,3,1930.65,5700.160000000001,91.79,Credit Card
10914,2024-02-18 01:00:00,2559,Headphones,1,1887.43,1830.13,57.3,Cash
8348,2023-11-03 03:00:00,2418,Mouse,3,598.74,1697.13,99.09,Cash
7558,2023-10-01 05:00:00,2292,Mouse,4,118.67,419.0,55.68,PayPal
3790,2023-04-27 05:00:00,2317,Keyboard,4,1089.12,4296.4,60.08,Cash
1945,2023-02-09 08:00:00,2260,Tablet,4,711.04,2833.7799999999997,10.38,Cash
10360,2024-01-25 23:00:00,2271,Keyboard,4,401.16,1603.17,1.47,Debit Card
2858,2023-03-19 09:00:00,2305,Monitor,2,825.33,1572.23,78.43,PayPal
10108,2024-01-15 11:00:00,2427,Tablet,1,1444.89,1361.8600000000001,83.03,PayPal
5109,2023-06-21 04:00:00,2413,Monitor,2,164.61,324.69000000000005,4.53,nan
6214,2023-08-06 05:00:00,2897,Laptop,3,689.54,2029.9399999999998,38.68,Cash
9936,2024-01-08 07:00:00,2497,Laptop,1,1954.68,1916.5700000000002,38.11,Debit Card
4256,2023-05-16 15:00:00,2098,Tablet,1,483.78,451.21999999999997,32.56,PayPal
3691,2023-04-23 02:00:00,2853,Tablet,1,1072.82,1026.28,46.54,Debit Card
9148,2023-12-06 11:00:00,2540,Mouse,4,162.33,583.3900000000001,65.93,Debit Card
9249,2023-12-10 16:00:00,2660,Headphones,4,954.16,3781.75,34.89,Debit Card
2320,2023-02-24 23:00:00,2064,Headphones,3,,5816.610000000001,7.83,Credit Card
8732,2023-11-19 03:00:00,2475,Mouse,2,1635.77,3255.74,15.8,Credit Card
9147,2023-12-06 10:00:00,2270,Laptop,1,1762.09,1675.6,86.49,PayPal
6163,2023-08-04 02:00:00,2770,Mouse,4,1070.18,4268.17,12.55,PayPal
7465,2023-09-27 08:00:00,2039,Headphones,2,339.11,634.9,43.32,Cash
8529,2023-11-10 16:00:00,2871,Tablet,4,1734.0,6886.89,49.11,PayPal
7602,2023-10-03 01:00:00,2998,Tablet,2,462.68,910.65,14.71,Credit Card
7952,2023-10-17 15:00:00,2623,Headphones,2,1912.35,3764.31,60.39,Cash
4476,2023-05-25 19:00:00,2890,Keyboard,1,1936.54,1858.2,78.34,Debit Card
4506,2023-05-27 01:00:00,2723,Laptop,2,209.19,344.43,73.95,Credit Card
5750,2023-07-17 21:00:00,2882,Tablet,4,733.52,2934.0099999999998,0.07,Credit Card
3478,2023-04-14 05:00:00,2740,Laptop,2,1928.47,3822.21,34.73,Cash
7086,2023-09-11 13:00:00,2585,Mouse,3,1427.31,4272.75,9.18,Cash
8338,2023-11-02 17:00:00,2567,Tablet,1,1846.12,1796.6899999999998,49.43,Cash
10545,2024-02-02 16:00:00,2864,Mouse,2,,1342.8600000000001,13.84,Credit Card
5502,2023-07-07 13:00:00,2754,Mouse,3,815.23,2357.17,88.52,Debit Card
6936,2023-09-05 07:00:00,2819,Headphones,2,1636.12,3260.24,12.0,Debit Card
9869,2024-01-05 12:00:00,2521,Mouse,1,322.94,263.78,59.16,PayPal
8493,2023-11-09 04:00:00,2760,Headphones,3,43.44,47.86,82.46,Debit Card
2875,2023-03-20 02:00:00,2534,Keyboard,4,707.4,2770.24,59.36,Cash
9939,2024-01-08 10:00:00,2372,Mouse,2,600.41,1105.56,95.26,Credit Card
9026,2023-12-01 09:00:00,2010,Laptop,2,891.18,1777.56,4.8,Cash
10913,2024-02-18 00:00:00,2434,Tablet,3,111.9,293.81000000000006,41.89,Cash
6097,2023-08-01 08:00:00,2609,Monitor,1,1470.6,1458.9399999999998,11.66,Cash
3905,2023-05-02 00:00:00,2075,Monitor,4,1356.96,5353.0,74.84,Credit Card
1571,2023-01-24 18:00:00,2359,Headphones,4,1430.19,5699.6,21.16,Cash
2449,2023-03-02 08:00:00,2821,Tablet,3,274.77,753.7199999999999,70.59,Cash
7608,2023-10-03 07:00:00,2799,Laptop,2,1778.45,3513.01,43.89,PayPal
7924,2023-10-16 11:00:00,2965,Tablet,4,,6778.73,3.67,Debit Card
8041,2023-10-21 08:00:00,2047,Laptop,4,1383.19,5433.75,99.01,Credit Card
10075,2024-01-14 02:00:00,2320,Monitor,4,854.67,3384.54,34.14,Cash
10807,2024-02-13 14:00:00,2956,Monitor,3,1089.52,3189.04,79.52,Debit Card
8211,2023-10-28 10:00:00,2064,Monitor,3,1228.91,3673.8900000000003,12.84,Cash
4227,2023-05-15 10:00:00,2865,Mouse,2,1958.57,3873.69,43.45,Cash
1417,2023-01-18 08:00:00,2524,Tablet,4,59.08,147.95,88.37,Debit Card
4979,2023-06-15 18:00:00,2005,Keyboard,4,1575.55,6276.7699999999995,25.43,Cash
5384,2023-07-02 15:00:00,2186,Tablet,2,1700.13,3303.8,96.46,PayPal
9333,2023-12-14 04:00:00,2122,Monitor,4,557.25,2170.64,58.36,Debit Card
4540,2023-05-28 11:00:00,2095,Tablet,2,1273.8,2508.79,38.81,Debit Card
7299,2023-09-20 10:00:00,2169,Tablet,1,841.07,778.58,62.49,Credit Card
8648,2023-11-15 15:00:00,2924,Mouse,3,978.88,2922.87,13.77,Credit Card
6682,2023-08-25 17:00:00,2589,Monitor,1,1904.16,1872.97,31.19,PayPal
3828,2023-04-28 19:00:00,2797,Monitor,3,396.44,1132.7,56.62,PayPal
6781,2023-08-29 20:00:00,2153,Mouse,2,1708.3,3354.22,62.38,Debit Card
8475,2023-11-08 10:00:00,2769,Keyboard,3,1036.04,3014.0299999999997,94.09,Cash
5997,2023-07-28 04:00:00,2663,Laptop,2,124.3,201.95999999999998,46.64,Debit Card
2339,2023-02-25 18:00:00,2184,Headphones,1,1677.14,1611.23,65.91,Cash
4263,2023-05-16 22:00:00,2514,Monitor,2,458.96,840.99,76.93,Cash
8083,2023-10-23 02:00:00,2273,Keyboard,4,1090.93,4324.21,39.51,Cash
7682,2023-10-06 09:00:00,2811,Mouse,2,1593.31,3150.2999999999997,36.32,Cash
6742,2023-08-28 05:00:00,2972,Mouse,4,846.71,3359.1400000000003,27.7,Credit Card
1651,2023-01-28 02:00:00,2611,Headphones,1,239.3,234.79000000000002,4.51,Credit Card
3903,2023-05-01 22:00:00,2781,Mouse,1,1234.74,1159.28,75.46,PayPal
3259,2023-04-05 02:00:00,2138,Mouse,1,1253.48,1174.76,78.72,Credit Card
6396,2023-08-13 19:00:00,2561,Tablet,2,1483.54,2953.0499999999997,14.03,Credit Card
10633,2024-02-06 08:00:00,2140,Monitor,3,1398.18,4106.18,88.36,Cash
4522,2023-05-27 17:00:00,2088,Laptop,4,538.94,2135.3700000000003,20.39,Credit Card
3731,2023-04-24 18:00:00,2654,Tablet,1,148.9,,81.89,Debit Card
9546,2023-12-23 01:00:00,2326,Mouse,2,951.49,1876.0,26.98,PayPal
5479,2023-07-06 14:00:00,2904,Tablet,1,1914.33,1889.28,25.05,PayPal
6661,2023-08-24 20:00:00,2627,Tablet,1,1606.17,1528.47,77.7,Cash
2597,2023-03-08 12:00:00,2148,Keyboard,3,730.55,2173.47,18.18,Debit Card
8826,2023-11-23 01:00:00,2098,Headphones,2,1464.52,2914.08,14.96,Credit Card
3585,2023-04-18 16:00:00,2656,Tablet,4,1446.8,5703.05,84.15,Debit Card
7138,2023-09-13 17:00:00,2361,Tablet,2,1348.22,2613.7400000000002,82.7,Debit Card
4197,2023-05-14 04:00:00,2482,Mouse,2,1900.22,3772.32,28.12,PayPal
8773,2023-11-20 20:00:00,2832,Monitor,3,1407.65,4176.970000000001,45.98,Debit Card
6328,2023-08-10 23:00:00,2282,Headphones,1,385.76,309.15,76.61,Cash
9349,2023-12-14 20:00:00,2408,Monitor,1,618.52,611.85,6.67,Debit Card
6969,2023-09-06 16:00:00,2865,Laptop,2,1871.9,3664.79,79.01,PayPal
2259,2023-02-22 10:00:00,2750,Mouse,3,1251.37,3748.6699999999996,5.44,Debit Card
6863,2023-09-02 06:00:00,2382,Mouse,1,161.15,149.39000000000001,11.76,Cash
1992,2023-02-11 07:00:00,2361,Monitor,4,1524.36,6019.379999999999,78.06,Debit Card
4505,2023-05-27 00:00:00,2151,Monitor,1,1907.61,1840.35,67.26,Credit Card
1114,2023-01-05 17:00:00,2010,Headphones,1,1562.46,1501.4,61.06,Cash
1920,2023-02-08 07:00:00,2677,Mouse,3,846.27,,12.63,Credit Card
3510,2023-04-15 13:00:00,2355,Monitor,2,1818.57,3616.0699999999997,21.07,Credit Card
10877,2024-02-16 12:00:00,2041,Keyboard,2,1754.28,3480.66,27.9,PayPal
1166,2023-01-07 21:00:00,2421,Headphones,4,632.4,2524.17,5.43,Debit Card
6847,2023-09-01 14:00:00,2954,Headphones,1,1008.68,917.89,90.79,PayPal
8318,2023-11-01 21:00:00,2899,Laptop,4,229.83,872.73,46.59,Cash
5604,2023-07-11 19:00:00,2447,Headphones,2,1840.69,3589.7200000000003,91.66,Credit Card
1950,2023-02-09 13:00:00,2644,Keyboard,3,1121.7,3309.2200000000003,55.88,Cash
5595,2023-07-11 10:00:00,2120,Monitor,4,84.01,246.49,89.55,Debit Card
8454,2023-11-07 13:00:00,2319,Monitor,4,245.12,887.45,93.03,Debit Card
4771,2023-06-07 02:00:00,2113,Headphones,4,150.82,514.04,89.24,Debit Card
3507,2023-04-15 10:00:00,2945,Monitor,4,772.92,3043.96,47.72,Credit Card
6108,2023-08-01 19:00:00,2952,Monitor,4,258.81,987.9,47.34,Credit Card
3851,2023-04-29 18:00:00,2047,Tablet,2,1308.56,2529.16,87.96,Debit Card
8201,2023-10-28 00:00:00,2349,Headphones,3,1643.03,4923.13,5.96,Credit Card
10400,2024-01-27 15:00:00,2852,Laptop,1,1462.16,1387.1200000000001,75.04,Debit Card
9738,2023-12-31 01:00:00,2973,Laptop,3,,5367.550000000001,47.15,nan
5447,2023-07-05 06:00:00,2073,Tablet,1,1671.59,1636.1699999999998,35.42,Credit Card
6795,2023-08-30 10:00:00,2811,Monitor,3,1308.69,3902.0800000000004,23.99,Credit Card
5461,2023-07-05 20:00:00,2654,Mouse,2,,1231.23,73.51,Debit Card
8779,2023-11-21 02:00:00,2735,Keyboard,4,693.56,2682.47,91.77,Credit Card
3506,2023-04-15 09:00:00,2208,Headphones,4,98.87,,79.16,Credit Card
2115,2023-02-16 10:00:00,2314,Keyboard,1,161.93,112.0,49.93,PayPal
9814,2024-01-03 05:00:00,2538,Tablet,2,1870.31,3650.63,89.99,Debit Card
1299,2023-01-13 10:00:00,2527,Headphones,2,1280.35,2488.74,71.96,Credit Card
2676,2023-03-11 19:00:00,2953,Keyboard,1,1454.43,1442.63,11.8,Debit Card
4348,2023-05-20 11:00:00,2877,Keyboard,1,26.91,-38.7,65.61,Cash
3736,2023-04-24 23:00:00,2262,Keyboard,4,869.92,3386.5,93.18,Debit Card
6670,2023-08-25 05:00:00,2192,Headphones,4,667.27,2603.37,65.71,Cash
9410,2023-12-17 09:00:00,2648,Monitor,4,487.33,1863.84,85.48,PayPal
5989,2023-07-27 20:00:00,2849,Headphones,2,1499.65,2981.54,17.76,Cash
10452,2024-01-29 19:00:00,2149,Laptop,3,658.53,1899.1699999999998,76.42,Credit Card
7453,2023-09-26 20:00:00,2994,Keyboard,4,581.2,,66.98,Cash
5326,2023-06-30 05:00:00,2330,Headphones,1,1852.28,1757.85,94.43,Credit Card
8451,2023-11-07 10:00:00,2538,Monitor,2,894.24,1740.4,48.08,Credit Card
9661,2023-12-27 20:00:00,2149,Mouse,3,273.94,740.2199999999999,81.6,Cash
5551,2023-07-09 14:00:00,2876,Mouse,2,529.55,989.3299999999999,69.77,Debit Card
6983,2023-09-07 06:00:00,2613,Tablet,3,1055.78,3144.94,22.4,Cash
10333,2024-01-24 20:00:00,2504,Headphones,4,993.97,3886.25,89.63,PayPal
9419,2023-12-17 18:00:00,2121,Headphones,1,99.96,56.18999999999999,43.77,Cash
3104,2023-03-29 15:00:00,2402,Headphones,3,657.44,1877.0000000000002,95.32,Debit Card
6337,2023-08-11 08:00:00,2058,Headphones,3,271.62,724.75,90.11,PayPal
7449,2023-09-26 16:00:00,2335,Laptop,4,346.22,1366.41,18.47,Debit Card
8497,2023-11-09 08:00:00,2249,Keyboard,4,166.47,580.98,84.9,PayPal
9224,2023-12-09 15:00:00,2478,Headphones,3,584.94,,10.63,Credit Card
2838,2023-03-18 13:00:00,2716,Headphones,1,1725.13,1656.3300000000002,68.8,Cash
9451,2023-12-19 02:00:00,2279,Headphones,3,808.5,2398.24,27.26,Cash
9734,2023-12-30 21:00:00,2507,Headphones,3,1342.85,3985.8399999999997,42.71,Debit Card
10931,2024-02-18 18:00:00,2550,Monitor,3,1692.54,5013.12,64.5,Debit Card
6711,2023-08-26 22:00:00,2913,Keyboard,3,1654.56,4920.030000000001,43.65,Credit Card
1608,2023-01-26 07:00:00,2945,Monitor,1,1504.05,1434.6799999999998,69.37,Cash
7686,2023-10-06 13:00:00,2311,Tablet,4,1822.02,7204.32,83.76,Cash
2094,2023-02-15 13:00:00,2086,Mouse,3,489.8,1428.77,40.63,Debit Card
7712,2023-10-07 15:00:00,2046,Monitor,2,1431.2,2780.2400000000002,82.16,PayPal
8018,2023-10-20 09:00:00,2888,Mouse,1,1104.13,,2.1,PayPal
10419,2024-01-28 10:00:00,2166,Keyboard,3,720.28,2144.76,16.08,PayPal
5488,2023-07-06 23:00:00,2532,Monitor,1,,313.07,43.46,PayPal
1161,2023-01-07 16:00:00,2800,Tablet,3,293.46,868.2099999999999,12.17,PayPal
1204,2023-01-09 11:00:00,2171,Keyboard,1,1846.09,1779.56,66.53,Credit Card
8796,2023-11-21 19:00:00,2361,Monitor,4,614.48,2366.89,91.03,Debit Card
7532,2023-09-30 03:00:00,2874,Keyboard,3,581.59,1714.29,30.48,Cash
5934,2023-07-25 13:00:00,2591,Mouse,4,1244.43,4963.46,14.26,PayPal
3935,2023-05-03 06:00:00,2098,Laptop,1,1466.96,1404.25,62.71,Credit Card
9109,2023-12-04 20:00:00,2972,Headphones,3,1903.81,5689.89,21.54,Cash
3436,2023-04-12 11:00:00,2454,Laptop,1,1989.22,1947.97,41.25,PayPal
2231,2023-02-21 06:00:00,2730,Keyboard,1,181.35,85.22999999999999,96.12,Cash
10113,2024-01-15 16:00:00,2760,Keyboard,4,1187.59,,86.14,Debit Card
4047,2023-05-07 22:00:00,2218,Laptop,2,1000.16,1956.58,43.74,Debit Card
6706,2023-08-26 17:00:00,2235,Monitor,3,632.34,1870.19,26.83,Cash
8792,2023-11-21 15:00:00,2309,Tablet,3,1364.54,4007.45,86.17,Cash
7342,2023-09-22 05:00:00,2770,Laptop,2,1666.25,3314.0,18.5,Credit Card
10537,2024-02-02 08:00:00,2433,Monitor,1,1051.56,1019.14,32.42,Cash
8105,2023-10-24 00:00:00,2184,Laptop,4,809.49,3157.66,80.3,PayPal
5252,2023-06-27 03:00:00,2882,Mouse,3,517.59,1458.24,94.53,Cash
7187,2023-09-15 18:00:00,2681,Tablet,2,48.69,70.66,26.72,Debit Card
4294,2023-05-18 05:00:00,2488,Keyboard,4,224.52,830.86,67.22,Credit Card
5035,2023-06-18 02:00:00,2883,Tablet,2,230.05,399.36,60.74,Cash
3726,2023-04-24 13:00:00,2321,Mouse,4,1804.04,7178.84,37.32,Debit Card
5291,2023-06-28 18:00:00,2178,Mouse,3,856.18,2545.06,23.48,Credit Card
5335,2023-06-30 14:00:00,2790,Monitor,1,116.33,78.03,38.3,Debit Card
7572,2023-10-01 19:00:00,2840,Headphones,4,982.46,3837.23,92.61,Debit Card
4878,2023-06-11 13:00:00,2951,Tablet,1,379.62,315.61,64.01,PayPal
7026,2023-09-09 01:00:00,2827,Headphones,2,344.49,631.5,57.48,Debit Card
7392,2023-09-24 07:00:00,2045,Mouse,3,1180.51,,4.83,Credit Card
5754,2023-07-18 01:00:00,2703,Tablet,4,136.38,515.05,30.47,Credit Card
5887,2023-07-23 14:00:00,2748,Monitor,1,1935.57,1883.72,51.85,Credit Card
1858,2023-02-05 17:00:00,2695,Laptop,2,,1640.27,94.27,Credit Card
1371,2023-01-16 10:00:00,2215,Monitor,4,967.51,3801.61,68.43,Credit Card
9791,2024-01-02 06:00:00,2586,Monitor,3,868.43,2510.15,95.14,PayPal
3562,2023-04-17 17:00:00,2758,Mouse,3,568.08,1696.1300000000003,8.11,PayPal
4802,2023-06-08 09:00:00,2283,Keyboard,1,1949.01,1876.51,72.5,Credit Card
3641,2023-04-21 00:00:00,2296,Monitor,2,547.59,1049.14,46.04,PayPal
6456,2023-08-16 07:00:00,2655,Mouse,3,1357.35,3988.64,83.41,Credit Card
8382,2023-11-04 13:00:00,2296,Laptop,3,797.23,2365.16,26.53,PayPal
5491,2023-07-07 02:00:00,2248,Headphones,3,1188.28,3552.15,12.69,Debit Card
3348,2023-04-08 19:00:00,2898,Keyboard,4,871.89,3477.71,9.85,Cash
1650,2023-01-28 01:00:00,2434,Tablet,3,486.82,1413.04,47.42,PayPal
3782,2023-04-26 21:00:00,2789,Monitor,3,265.91,787.78,9.95,PayPal
7267,2023-09-19 02:00:00,2326,Keyboard,1,442.56,413.65,28.91,Credit Card
9970,2024-01-09 17:00:00,2913,Keyboard,4,374.31,1434.6,62.64,PayPal
10115,2024-01-15 18:00:00,2776,Headphones,4,90.22,329.09,31.79,PayPal
9138,2023-12-06 01:00:00,2232,Mouse,3,1987.12,5892.19,69.17,Cash
1616,2023-01-26 15:00:00,2131,Laptop,2,,2143.81,2.31,Cash
9865,2024-01-05 08:00:00,2022,Headphones,3,329.07,951.32,35.89,Debit Card
3576,2023-04-18 07:00:00,2470,Laptop,2,353.18,613.9300000000001,92.43,nan
1054,2023-01-03 05:00:00,2047,Mouse,1,1390.35,1335.85,54.5,PayPal
4341,2023-05-20 04:00:00,2575,Keyboard,1,309.7,300.63,9.07,nan
10502,2024-01-31 21:00:00,2969,Laptop,4,751.99,2970.73,37.23,Credit Card
2706,2023-03-13 01:00:00,2807,Mouse,1,1221.47,1202.9,18.57,Cash
10518,2024-02-01 13:00:00,2760,Mouse,3,,3713.3,40.9,PayPal
7062,2023-09-10 13:00:00,2455,Tablet,1,817.89,754.31,63.58,Cash
2494,2023-03-04 05:00:00,2619,Keyboard,4,1354.89,5320.6900000000005,98.87,PayPal
6877,2023-09-02 20:00:00,2207,Tablet,2,1912.07,3774.73,49.41,Credit Card
2209,2023-02-20 08:00:00,2562,Headphones,1,47.56,14.969999999999999,32.59,Cash
7246,2023-09-18 05:00:00,2086,Laptop,2,103.25,153.62,52.88,Cash
1804,2023-02-03 11:00:00,2311,Headphones,2,654.57,1270.9,38.24,Cash
5954,2023-07-26 09:00:00,2831,Laptop,3,1128.03,3358.84,25.25,Cash
8682,2023-11-17 01:00:00,2235,Keyboard,4,234.19,871.84,64.92,Cash
9947,2024-01-08 18:00:00,2531,Mouse,2,910.04,1743.9099999999999,76.17,Debit Card
1991,2023-02-11 06:00:00,2359,Headphones,4,1377.27,5447.49,61.59,Debit Card
3775,2023-04-26 14:00:00,2464,Monitor,4,373.61,1430.01,64.43,Cash
9273,2023-12-11 16:00:00,2253,Tablet,1,223.4,169.64000000000001,53.76,Debit Card
8119,2023-10-24 14:00:00,2417,Headphones,4,349.55,1319.75,78.45,Credit Card
4514,2023-05-27 09:00:00,2139,Laptop,1,,1357.25,11.23,Debit Card
7077,2023-09-11 04:00:00,2342,Keyboard,2,623.47,1154.05,92.89,Credit Card
9817,2024-01-03 08:00:00,2687,Monitor,4,1008.75,4009.92,25.08,Credit Card
1220,2023-01-10 03:00:00,2781,Mouse,1,1529.86,1430.12,99.74,Credit Card
7149,2023-09-14 04:00:00,2396,Monitor,3,1575.69,4689.69,37.38,PayPal
2289,2023-02-23 16:00:00,2117,Laptop,2,298.22,535.6800000000001,60.76,PayPal
4164,2023-05-12 19:00:00,2416,Monitor,4,209.9,787.49,52.11,nan
5679,2023-07-14 22:00:00,2190,Mouse,4,137.74,531.09,19.87,PayPal
3619,2023-04-20 02:00:00,2618,Monitor,4,1334.79,5310.04,29.12,PayPal
4613,2023-05-31 12:00:00,2013,Headphones,2,1203.32,2390.16,16.48,Debit Card
1044,2023-01-02 19:00:00,2188,Monitor,4,464.8,1797.28,61.92,Debit Card
9417,2023-12-17 16:00:00,2846,Mouse,3,649.19,1852.44,95.13,Debit Card
8245,2023-10-29 20:00:00,2766,Mouse,2,1467.97,2915.36,20.58,PayPal
4793,2023-06-08 00:00:00,2341,Laptop,1,1366.17,1304.89,61.28,PayPal
4572,2023-05-29 19:00:00,2688,Tablet,4,1465.9,5813.22,50.38,Cash
3610,2023-04-19 17:00:00,2225,Monitor,2,325.65,570.8299999999999,80.47,Cash
2504,2023-03-04 15:00:00,2598,Headphones,4,443.34,1744.4299999999998,28.93,PayPal
7162,2023-09-14 17:00:00,2235,Keyboard,2,1382.22,2732.54,31.9,PayPal
6941,2023-09-05 12:00:00,2777,Laptop,1,1841.04,1839.21,1.83,PayPal
4440,2023-05-24 07:00:00,2194,Headphones,1,736.91,726.75,10.16,Credit Card
2893,2023-03-20 20:00:00,2040,Headphones,4,1098.92,4348.62,47.06,Credit Card
10794,2024-02-13 01:00:00,2758,Laptop,2,65.77,104.03999999999999,27.5,nan
6256,2023-08-07 23:00:00,2797,Monitor,3,1986.4,5906.6,52.6,Debit Card
2956,2023-03-23 11:00:00,2054,Monitor,2,452.08,830.3,73.86,PayPal
6168,2023-08-04 07:00:00,2728,Keyboard,2,1989.81,3908.64,70.98,Debit Card
5815,2023-07-20 14:00:00,2829,Monitor,3,1700.4,5074.56,26.64,PayPal
7948,2023-10-17 11:00:00,2351,Laptop,3,,5758.1,10.78,Credit Card
2506,2023-03-04 17:00:00,2328,Laptop,1,1958.85,1944.9499999999998,13.9,PayPal
1671,2023-01-28 22:00:00,2298,Headphones,3,,5058.2699999999995,36.0,Cash
4123,2023-05-11 02:00:00,2144,Monitor,2,1478.59,2871.7999999999997,85.38,PayPal
8812,2023-11-22 11:00:00,2834,Tablet,1,1751.06,1728.62,22.44,Credit Card
1898,2023-02-07 09:00:00,2942,Laptop,2,608.66,1134.73,82.59,PayPal
7848,2023-10-13 07:00:00,2107,Mouse,4,578.16,2303.2799999999997,9.36,PayPal
3667,2023-04-22 02:00:00,2445,Monitor,4,419.07,1583.49,92.79,PayPal
4194,2023-05-14 01:00:00,2480,Laptop,4,1938.42,7688.91,64.77,Debit Card
3891,2023-05-01 10:00:00,2493,Monitor,1,352.45,319.84999999999997,32.6,Cash
8884,2023-11-25 11:00:00,2006,Laptop,4,1667.89,6573.14,98.42,Credit Card
7386,2023-09-24 01:00:00,2498,Monitor,4,1579.32,6227.03,90.25,Debit Card
3622,2023-04-20 05:00:00,2705,Tablet,3,655.43,1924.55,41.74,Debit Card
7659,2023-10-05 10:00:00,2420,Keyboard,4,1329.17,5269.4800000000005,47.2,Cash
7829,2023-10-12 12:00:00,2732,Headphones,1,838.14,750.5699999999999,87.57,Debit Card
7902,2023-10-15 13:00:00,2660,Keyboard,4,305.84,1155.51,67.85,Credit Card
6814,2023-08-31 05:00:00,2767,Tablet,2,493.85,982.49,5.21,Credit Card
1003,2023-01-01 02:00:00,2589,Monitor,3,1812.68,5412.83,25.21,Cash
6971,2023-09-06 18:00:00,2217,Laptop,1,1063.96,973.57,90.39,Cash
3371,2023-04-09 18:00:00,2369,Headphones,4,193.79,698.87,76.29,Cash
4805,2023-06-08 12:00:00,2971,Laptop,4,1626.39,6489.0,16.56,PayPal
2770,2023-03-15 17:00:00,2280,Tablet,3,868.26,2582.89,21.89,Debit Card
9927,2024-01-07 22:00:00,2395,Mouse,2,1537.78,2993.1,82.46,Credit Card
8764,2023-11-20 11:00:00,2941,Keyboard,4,207.21,767.9200000000001,60.92,Cash
1532,2023-01-23 03:00:00,2259,Headphones,3,632.57,1891.06,6.65,Debit Card
10057,2024-01-13 08:00:00,2286,Keyboard,3,1450.9,4258.220000000001,94.48,PayPal
10085,2024-01-14 12:00:00,2434,Tablet,1,1396.02,1343.94,52.08,Debit Card
8332,2023-11-02 11:00:00,2294,Mouse,4,857.22,3329.9300000000003,98.95,Cash
9952,2024-01-08 23:00:00,2130,Monitor,1,940.8,843.98,96.82,Cash
4121,2023-05-11 00:00:00,2037,Tablet,1,1941.83,1870.82,71.01,Cash
10479,2024-01-30 22:00:00,2604,Tablet,2,25.36,-40.519999999999996,91.24,Credit Card
1732,2023-01-31 11:00:00,2520,Laptop,4,720.9,2827.54,56.06,Credit Card
4407,2023-05-22 22:00:00,2683,Headphones,4,1649.6,6577.799999999999,20.6,PayPal
3340,2023-04-08 11:00:00,2667,Headphones,1,603.33,520.73,82.6,Credit Card
6992,2023-09-07 15:00:00,2357,Monitor,3,472.65,1378.6999999999998,39.25,Credit Card
7612,2023-10-03 11:00:00,2659,Headphones,3,1163.57,3487.96,2.75,Debit Card
7481,2023-09-28 00:00:00,2628,Monitor,2,538.89,1057.36,20.42,Cash
3566,2023-04-17 21:00:00,2570,Keyboard,4,1352.98,5330.68,81.24,Cash
3582,2023-04-18 13:00:00,2376,Mouse,1,183.23,84.63999999999999,98.59,Cash
9600,2023-12-25 07:00:00,2969,Tablet,1,888.76,883.4399999999999,5.32,Cash
8444,2023-11-07 03:00:00,2909,Laptop,2,1828.89,3602.51,55.27,Credit Card
8747,2023-11-19 18:00:00,2521,Mouse,1,1952.49,1935.23,17.26,Debit Card
7082,2023-09-11 09:00:00,2180,Monitor,2,,1228.1000000000001,18.04,Cash
7623,2023-10-03 22:00:00,2153,Keyboard,3,548.22,1610.5900000000001,34.07,Cash
10430,2024-01-28 21:00:00,2694,Monitor,1,1725.87,1678.78,47.09,Credit Card
2256,2023-02-22 07:00:00,2374,Laptop,4,662.58,2575.46,74.86,PayPal
3105,2023-03-29 16:00:00,2612,Tablet,2,160.91,236.44,85.38,Credit Card
8468,2023-11-08 03:00:00,2769,Headphones,1,1409.18,1355.8200000000002,53.36,PayPal
8423,2023-11-06 06:00:00,2646,Keyboard,1,420.67,369.05,51.62,Credit Card
7903,2023-10-15 14:00:00,2930,Tablet,1,1555.26,,15.74,Debit Card
10614,2024-02-05 13:00:00,2552,Mouse,1,1789.57,1732.86,56.71,Cash
5995,2023-07-28 02:00:00,2236,Mouse,3,,224.33,75.16,Credit Card
10424,2024-01-28 15:00:00,2454,Keyboard,2,1664.47,3305.63,23.31,Debit Card
8583,2023-11-12 22:00:00,2162,Mouse,4,331.88,1258.8899999999999,68.63,Cash
6058,2023-07-30 17:00:00,2399,Laptop,4,1496.94,5898.99,88.77,PayPal
7482,2023-09-28 01:00:00,2692,Tablet,4,899.26,3555.71,41.33,Cash
5435,2023-07-04 18:00:00,2768,Tablet,2,84.55,100.66,68.44,Debit Card
4485,2023-05-26 04:00:00,2586,Keyboard,3,57.48,73.85,98.59,Credit Card
10971,2024-02-20 10:00:00,2668,Headphones,4,1525.48,6093.41,8.51,Cash
6319,2023-08-10 14:00:00,2192,Monitor,1,1640.64,1630.51,10.13,Debit Card
4817,2023-06-09 00:00:00,2188,Tablet,1,1506.21,1469.89,36.32,Cash
7347,2023-09-22 10:00:00,2396,Laptop,2,411.63,793.98,29.28,Debit Card
10355,2024-01-25 18:00:00,2066,Headphones,2,1723.3,3426.46,20.14,PayPal
3547,2023-04-17 02:00:00,2121,Mouse,2,913.8,1779.33,48.27,Debit Card
7154,2023-09-14 09:00:00,2041,Keyboard,1,1430.76,1371.68,59.08,PayPal
2622,2023-03-09 13:00:00,2745,Tablet,1,1043.03,1040.47,2.56,PayPal
10897,2024-02-17 08:00:00,2254,Monitor,1,1730.62,1714.86,15.76,Credit Card
7996,2023-10-19 11:00:00,2133,Headphones,2,698.6,1346.81,50.39,PayPal
10685,2024-02-08 12:00:00,2226,Headphones,4,901.47,3578.06,27.82,Debit Card
10354,2024-01-25 17:00:00,2852,Laptop,2,1025.49,2029.27,21.71,PayPal
2097,2023-02-15 16:00:00,2266,Monitor,4,1292.84,5115.99,55.37,Credit Card
9892,2024-01-06 11:00:00,2990,Headphones,1,1382.73,1367.16,15.57,Credit Card
10959,2024-02-19 22:00:00,2006,Tablet,3,1682.6,4958.369999999999,89.43,Credit Card
8530,2023-11-10 17:00:00,2510,Monitor,4,900.32,3502.28,99.0,Cash
3464,2023-04-13 15:00:00,2661,Headphones,4,409.62,1548.98,89.5,Debit Card
8920,2023-11-26 23:00:00,2749,Keyboard,4,1449.89,5795.4800000000005,4.08,PayPal
2789,2023-03-16 12:00:00,2453,Tablet,4,838.24,3325.76,27.2,Credit Card
1251,2023-01-11 10:00:00,2523,Mouse,1,740.78,710.3399999999999,30.44,PayPal
9266,2023-12-11 09:00:00,2042,Headphones,4,1219.41,4782.6900000000005,94.95,Cash
5191,2023-06-24 14:00:00,2709,Keyboard,1,1311.1,1307.1,4.0,Debit Card
10683,2024-02-08 10:00:00,2260,Monitor,4,927.59,3612.04,98.32,Credit Card
1193,2023-01-09 00:00:00,2982,Monitor,4,1135.09,4466.889999999999,73.47,Credit Card
1821,2023-02-04 04:00:00,2966,Laptop,4,1613.25,6407.4,45.6,Debit Card
2124,2023-02-16 19:00:00,2942,Monitor,4,1135.09,4536.73,3.63,Cash
7331,2023-09-21 18:00:00,2737,Monitor,4,1688.17,6671.96,80.72,Cash
8967,2023-11-28 22:00:00,2657,Monitor,3,1762.68,5258.39,29.65,Cash
9865,2024-01-05 08:00:00,2022,Headphones,3,329.07,951.32,35.89,Debit Card
5401,2023-07-03 08:00:00,2961,Tablet,1,,1469.73,80.17,Credit Card
8799,2023-11-21 22:00:00,2214,Monitor,3,1561.01,4668.67,14.36,Credit Card
6389,2023-08-13 12:00:00,2215,Keyboard,3,1034.03,3074.36,27.73,Credit Card
5167,2023-06-23 14:00:00,2883,Monitor,1,138.88,134.67,4.21,PayPal
5952,2023-07-26 07:00:00,2506,Keyboard,2,681.09,1276.5500000000002,85.63,Cash
3688,2023-04-22 23:00:00,2400,Headphones,3,1172.98,3498.53,20.41,Debit Card
5391,2023-07-02 22:00:00,2504,Monitor,4,216.87,815.59,51.89,Cash
7497,2023-09-28 16:00:00,2970,Headphones,1,624.02,573.46,50.56,Debit Card
7626,2023-10-04 01:00:00,2232,Mouse,1,1043.4,1035.91,7.49,PayPal
5928,2023-07-25 07:00:00,2534,Laptop,1,1647.88,1558.14,89.74,Credit Card
8781,2023-11-21 04:00:00,2725,Keyboard,4,246.68,964.33,22.39,Cash
6553,2023-08-20 08:00:00,2421,Laptop,3,264.76,760.13,34.15,Credit Card
3608,2023-04-19 15:00:00,2011,Mouse,1,1281.45,1227.1100000000001,54.34,PayPal
10331,2024-01-24 18:00:00,2738,Mouse,2,,601.5,32.72,PayPal
1239,2023-01-10 22:00:00,2310,Keyboard,4,398.61,1590.97,3.47,PayPal
5016,2023-06-17 07:00:00,2764,Laptop,1,1625.25,1564.24,61.01,Credit Card
10730,2024-02-10 09:00:00,2538,Laptop,1,1489.83,1401.3899999999999,88.44,Credit Card
3978,2023-05-05 01:00:00,2007,Tablet,2,57.09,83.16000000000001,31.02,PayPal
7329,2023-09-21 16:00:00,2486,Monitor,3,492.99,1387.31,91.66,Cash
9116,2023-12-05 03:00:00,2586,Headphones,2,298.83,553.75,43.91,Debit Card
7750,2023-10-09 05:00:00,2729,Keyboard,3,1420.96,4255.96,6.92,nan
6474,2023-08-17 01:00:00,2291,Monitor,2,1856.05,3675.7599999999998,36.34,Credit Card
1946,2023-02-09 09:00:00,2434,Laptop,1,1743.42,1696.6100000000001,46.81,PayPal
9831,2024-01-03 22:00:00,2149,Headphones,3,1315.52,3921.09,25.47,Cash
9348,2023-12-14 19:00:00,2149,Keyboard,1,1656.27,1565.19,91.08,Credit Card
6098,2023-08-01 09:00:00,2612,Keyboard,3,947.82,2840.91,2.55,PayPal
7056,2023-09-10 07:00:00,2917,Laptop,2,372.98,727.6800000000001,18.28,Cash
1577,2023-01-25 00:00:00,2264,Tablet,1,1090.82,1022.28,68.54,Credit Card
7437,2023-09-26 04:00:00,2356,Headphones,2,362.68,664.75,60.61,Cash
4553,2023-05-29 00:00:00,2919,Monitor,4,829.36,3245.01,72.43,Credit Card
4474,2023-05-25 17:00:00,2835,Tablet,4,75.44,291.18,10.58,PayPal
4361,2023-05-21 00:00:00,2671,Monitor,2,349.63,617.49,81.77,Credit Card
7871,2023-10-14 06:00:00,2489,Laptop,4,1201.17,4768.34,36.34,PayPal
6629,2023-08-23 12:00:00,2417,Tablet,3,1134.58,3375.0699999999997,28.67,PayPal
3411,2023-04-11 10:00:00,2335,Tablet,2,1963.54,3843.5099999999998,83.57,Debit Card
6784,2023-08-29 23:00:00,2009,Monitor,2,1783.54,3480.91,86.17,PayPal
5508,2023-07-07 19:00:00,2016,Laptop,3,1435.14,4289.52,15.9,PayPal
9879,2024-01-05 22:00:00,2501,Laptop,2,1707.89,3406.7000000000003,9.08,PayPal
4983,2023-06-15 22:00:00,2632,Mouse,3,950.58,2846.76,4.98,Credit Card
1147,2023-01-07 02:00:00,2360,Keyboard,4,70.95,217.41000000000003,66.39,Credit Card
8908,2023-11-26 11:00:00,2718,Keyboard,4,1334.16,5290.09,46.55,Cash
3295,2023-04-06 14:00:00,2315,Keyboard,2,596.05,1115.9499999999998,76.15,PayPal
3254,2023-04-04 21:00:00,2130,Mouse,4,785.92,3080.16,63.52,Cash
4612,2023-05-31 11:00:00,2005,Monitor,2,1749.28,3429.17,69.39,PayPal
6354,2023-08-12 01:00:00,2978,Headphones,2,1076.68,2146.77,6.59,PayPal
2737,2023-03-14 08:00:00,2018,Mouse,3,,3364.14,69.69,PayPal
7502,2023-09-28 21:00:00,2533,Mouse,2,814.04,1531.96,96.12,Debit Card
10967,2024-02-20 06:00:00,2784,Tablet,3,1847.8,5489.219999999999,54.18,PayPal
1115,2023-01-05 18:00:00,2291,Laptop,4,1209.66,4790.93,47.71,PayPal
10595,2024-02-04 18:00:00,2261,Mouse,1,592.42,499.21,93.21,Debit Card
7264,2023-09-18 23:00:00,2325,Headphones,4,,6584.2,11.92,Debit Card
10952,2024-02-19 15:00:00,2192,Laptop,1,,388.23999999999995,93.04,Cash
1499,2023-01-21 18:00:00,2473,Mouse,2,1715.61,3336.25,94.97,Debit Card
5734,2023-07-17 05:00:00,2236,Monitor,2,1202.98,2365.2,40.76,Debit Card
1721,2023-01-31 00:00:00,2353,Mouse,2,995.72,1906.0800000000002,85.36,Cash
8953,2023-11-28 08:00:00,2698,Laptop,4,32.82,111.16,20.12,PayPal
10294,2024-01-23 05:00:00,2007,Laptop,4,1363.38,5436.85,16.67,Credit Card
7348,2023-09-22 11:00:00,2892,Laptop,1,1034.8,981.65,53.15,Credit Card
7792,2023-10-10 23:00:00,2249,Laptop,1,364.01,288.57,75.44,Cash
4090,2023-05-09 17:00:00,2408,Monitor,2,325.64,642.7099999999999,8.57,Cash
9001,2023-11-30 08:00:00,2675,Laptop,2,1436.12,2868.79,3.45,Cash
9132,2023-12-05 19:00:00,2299,Mouse,2,,2615.1,7.08,Cash
8225,2023-10-29 00:00:00,2131,Headphones,2,273.36,490.1,56.62,PayPal
1597,2023-01-25 20:00:00,2279,Laptop,1,1720.89,1668.1200000000001,52.77,Cash
10766,2024-02-11 21:00:00,2398,Monitor,1,664.63,575.74,88.89,Cash
7753,2023-10-09 08:00:00,2180,Mouse,2,291.38,504.75,78.01,Credit Card
8024,2023-10-20 15:00:00,2450,Tablet,4,1125.11,4414.5199999999995,85.92,PayPal
6165,2023-08-04 04:00:00,2899,Laptop,4,321.54,1238.7900000000002,47.37,PayPal
10607,2024-02-05 06:00:00,2396,Tablet,3,1491.42,4387.2300000000005,87.03,Cash
2648,2023-03-10 15:00:00,2287,Mouse,1,662.95,591.96,70.99,Cash
7793,2023-10-11 00:00:00,2945,Laptop,1,969.94,905.2800000000001,64.66,Credit Card
3751,2023-04-25 14:00:00,2036,Laptop,3,,2259.1000000000004,23.39,Cash
3701,2023-04-23 12:00:00,2641,Headphones,4,1040.19,4070.13,90.63,Credit Card
3909,2023-05-02 04:00:00,2970,Keyboard,3,341.87,940.0700000000002,85.54,Credit Card
2701,2023-03-12 20:00:00,2399,Monitor,4,1070.31,4211.95,69.29,Debit Card
10397,2024-01-27 12:00:00,2201,Monitor,1,,780.48,20.35,Credit Card
6405,2023-08-14 04:00:00,2346,Tablet,4,1878.66,7493.47,21.17,Credit Card
8992,2023-11-29 23:00:00,2579,Mouse,4,1877.45,7465.3,44.5,Cash
7573,2023-10-01 20:00:00,2401,Tablet,3,1726.18,5099.08,79.46,Debit Card
3943,2023-05-03 14:00:00,2443,Keyboard,1,1485.58,1473.4299999999998,12.15,PayPal
7990,2023-10-19 05:00:00,2570,Monitor,3,1257.33,3703.87,68.12,PayPal
1087,2023-01-04 14:00:00,2263,Mouse,3,1623.96,4862.8,9.08,Cash
3309,2023-04-07 04:00:00,2192,Headphones,3,1484.67,4384.820000000001,69.19,nan
3678,2023-04-22 13:00:00,2498,Tablet,4,1943.39,7676.93,96.63,Debit Card
9629,2023-12-26 12:00:00,2586,Laptop,1,634.72,591.21,43.51,PayPal
9608,2023-12-25 15:00:00,2633,Laptop,3,25.37,56.83,19.28,Debit Card
3595,2023-04-19 02:00:00,2884,Mouse,4,311.93,1182.41,65.31,Credit Card
7523,2023-09-29 18:00:00,2212,Headphones,1,653.14,625.4,27.74,Credit Card
2030,2023-02-12 21:00:00,2872,Keyboard,2,1687.0,3363.43,10.57,Cash
1137,2023-01-06 16:00:00,2330,Keyboard,1,690.67,645.78,44.89,Credit Card
8573,2023-11-12 12:00:00,2808,Laptop,2,756.34,1433.18,79.5,PayPal
7804,2023-10-11 11:00:00,2153,Monitor,2,1539.99,3019.77,60.21,PayPal
3855,2023-04-29 22:00:00,2322,Headphones,2,102.91,169.78,36.04,PayPal
5410,2023-07-03 17:00:00,2278,Laptop,1,1788.83,1736.1399999999999,52.69,Cash
2201,2023-02-20 00:00:00,2736,Tablet,4,1387.35,5546.24,3.16,Cash
7122,2023-09-13 01:00:00,2516,Headphones,3,132.12,393.27000000000004,3.09,Credit Card
5718,2023-07-16 13:00:00,2130,Tablet,4,,1508.18,94.78,Cash
10996,2024-02-21 11:00:00,2738,Mouse,3,790.28,2275.2000000000003,95.64,Cash
8314,2023-11-01 17:00:00,2436,Headphones,4,1966.95,7815.900000000001,51.9,Cash
1567,2023-01-24 14:00:00,2525,Headphones,4,1260.59,4988.63,53.73,Cash
9046,2023-12-02 05:00:00,2467,Laptop,4,762.18,2985.95,62.77,Debit Card
6934,2023-09-05 05:00:00,2750,Tablet,4,1243.17,4890.63,82.05,Cash
6431,2023-08-15 06:00:00,2296,Keyboard,1,784.56,766.42,18.14,PayPal
6869,2023-09-02 12:00:00,2289,Keyboard,3,454.15,1290.35,72.1,Cash
4928,2023-06-13 15:00:00,2752,Monitor,3,,1177.5,84.24,Credit Card
9096,2023-12-04 07:00:00,2430,Laptop,4,1852.7,7334.34,76.46,Credit Card
9297,2023-12-12 16:00:00,2342,Headphones,2,918.77,1747.81,89.73,Credit Card
7276,2023-09-19 11:00:00,2278,Laptop,3,579.26,1703.98,33.8,Debit Card
8291,2023-10-31 18:00:00,2747,Monitor,3,55.82,,72.61,Debit Card
4239,2023-05-15 22:00:00,2929,Keyboard,4,216.28,797.45,67.67,Debit Card
8253,2023-10-30 04:00:00,2116,Laptop,2,944.97,1811.94,78.0,Debit Card
10365,2024-01-26 04:00:00,2136,Tablet,2,696.14,1387.45,4.83,Debit Card
9690,2023-12-29 01:00:00,2156,Keyboard,2,502.81,940.1800000000001,65.44,Debit Card
3331,2023-04-08 02:00:00,2318,Tablet,4,796.75,3149.6,37.4,Credit Card
4516,2023-05-27 11:00:00,2698,Mouse,3,167.83,428.1,75.39,nan
3188,2023-04-02 03:00:00,2176,Monitor,4,423.96,1637.7099999999998,58.13,PayPal
1196,2023-01-09 03:00:00,2267,Headphones,2,1053.12,2014.7099999999998,91.53,PayPal
10409,2024-01-28 00:00:00,2859,Tablet,3,1126.98,3298.1,82.84,Debit Card
7281,2023-09-19 16:00:00,2589,Laptop,4,144.49,522.45,55.51,Debit Card
6060,2023-07-30 19:00:00,2907,Tablet,2,1187.74,2294.83,80.65,PayPal
1803,2023-02-03 10:00:00,2891,Monitor,2,615.99,1208.74,23.24,Cash
6716,2023-08-27 03:00:00,2707,Mouse,2,208.71,414.76,2.66,Cash
9693,2023-12-29 04:00:00,2512,Tablet,1,265.68,236.51,29.17,Credit Card
1242,2023-01-11 01:00:00,2224,Keyboard,2,207.51,362.74,52.28,Cash
3069,2023-03-28 04:00:00,2305,Mouse,1,415.12,315.29,99.83,Debit Card
2254,2023-02-22 05:00:00,2091,Monitor,2,1693.61,3387.0499999999997,0.17,Debit Card
10187,2024-01-18 18:00:00,2765,Headphones,3,822.36,2402.42,64.66,Debit Card
1645,2023-01-27 20:00:00,2367,Mouse,2,1378.62,2709.5,47.74,Debit Card
10846,2024-02-15 05:00:00,2053,Laptop,1,26.55,7.0,19.55,Credit Card
6104,2023-08-01 15:00:00,2487,Laptop,4,207.82,740.73,90.55,Cash
6461,2023-08-16 12:00:00,2288,Laptop,1,61.15,-11.380000000000003,72.53,Debit Card
2638,2023-03-10 05:00:00,2730,Tablet,3,799.04,2306.8199999999997,90.3,Credit Card
1121,2023-01-06 00:00:00,2644,Keyboard,2,1748.75,3439.26,58.24,PayPal
6874,2023-09-02 17:00:00,2172,Mouse,1,1179.5,1174.53,4.97,PayPal
3982,2023-05-05 05:00:00,2485,Mouse,3,116.48,341.87,7.57,Cash
6070,2023-07-31 05:00:00,2601,Laptop,1,28.08,-10.310000000000002,38.39,Cash
4075,2023-05-09 02:00:00,2655,Monitor,1,773.1,726.09,47.01,Credit Card
10381,2024-01-26 20:00:00,2004,Mouse,3,219.75,626.65,32.6,PayPal
4279,2023-05-17 14:00:00,2294,Laptop,3,1446.68,4254.42,85.62,PayPal
3136,2023-03-30 23:00:00,2226,Keyboard,3,418.91,1194.45,62.28,PayPal
8037,2023-10-21 04:00:00,2412,Tablet,4,1279.08,5077.44,38.88,Debit Card
5971,2023-07-27 02:00:00,2869,Monitor,1,769.6,747.99,21.61,Debit Card
9244,2023-12-10 11:00:00,2031,Mouse,3,1299.76,3804.9399999999996,94.34,Credit Card
1135,2023-01-06 14:00:00,2516,Keyboard,1,1495.41,,93.8,Debit Card
5352,2023-07-01 07:00:00,2114,Monitor,4,173.83,690.8900000000001,4.43,Debit Card
6325,2023-08-10 20:00:00,2940,Laptop,2,877.15,1719.56,34.74,Credit Card
5082,2023-06-20 01:00:00,2726,Keyboard,4,827.73,3304.04,6.88,Cash
7826,2023-10-12 09:00:00,2557,Mouse,3,243.51,708.39,22.14,PayPal
3560,2023-04-17 15:00:00,2925,Keyboard,1,883.16,866.6999999999999,16.46,PayPal
1063,2023-01-03 14:00:00,2230,Monitor,4,677.26,2696.44,12.6,Credit Card
2359,2023-02-26 14:00:00,2067,Monitor,3,1690.41,5043.96,27.27,nan
8266,2023-10-30 17:00:00,2352,Headphones,3,820.4,2445.35,15.85,Cash
8136,2023-10-25 07:00:00,2619,Monitor,3,1016.74,2977.7300000000005,72.49,Debit Card
7463,2023-09-27 06:00:00,2447,Monitor,4,262.56,980.2,70.04,Cash
3468,2023-04-13 19:00:00,2281,Headphones,1,763.37,758.47,4.9,Credit Card
1680,2023-01-29 07:00:00,2368,Tablet,2,1995.94,3976.44,15.44,Debit Card
8533,2023-11-10 20:00:00,2409,Keyboard,2,693.25,1321.02,65.48,PayPal
1742,2023-01-31 21:00:00,2959,Laptop,4,1725.43,6807.1,94.62,PayPal
6308,2023-08-10 03:00:00,2891,Mouse,2,,2041.86,44.76,Credit Card
8478,2023-11-08 13:00:00,2214,Monitor,3,339.1,955.34,61.96,PayPal
4642,2023-06-01 17:00:00,2573,Tablet,2,1065.05,2100.95,29.15,Debit Card
1445,2023-01-19 12:00:00,2971,Monitor,2,1401.55,2791.95,11.15,Debit Card
9575,2023-12-24 06:00:00,2218,Keyboard,3,940.53,2801.19,20.4,Credit Card
4259,2023-05-16 18:00:00,2444,Mouse,2,1642.31,3226.97,57.65,Credit Card
5664,2023-07-14 07:00:00,2343,Tablet,3,1046.7,3045.9900000000002,94.11,Debit Card
2874,2023-03-20 01:00:00,2432,Laptop,4,1211.34,4754.74,90.62,PayPal
8062,2023-10-22 05:00:00,2612,Mouse,1,1202.38,1129.43,72.95,PayPal
3597,2023-04-19 04:00:00,2979,Keyboard,1,1460.37,1424.3799999999999,35.99,Debit Card
2718,2023-03-13 13:00:00,2385,Monitor,2,362.0,635.65,88.35,Cash
3913,2023-05-02 08:00:00,2919,Tablet,4,867.18,3381.6899999999996,87.03,Debit Card
3844,2023-04-29 11:00:00,2009,Headphones,4,1770.73,7078.76,4.16,Cash
5028,2023-06-17 19:00:00,2022,Keyboard,3,700.98,2066.48,36.46,Cash
6489,2023-08-17 16:00:00,2882,Headphones,3,357.42,1066.39,5.87,Cash
10068,2024-01-13 19:00:00,2217,Tablet,4,1952.19,7797.280000000001,11.48,PayPal
5486,2023-07-06 21:00:00,2222,Tablet,3,872.61,2520.73,97.1,PayPal
3557,2023-04-17 12:00:00,2858,Mouse,2,1566.21,3071.04,61.38,PayPal
1490,2023-01-21 09:00:00,2993,Headphones,1,1200.18,1132.72,67.46,Cash
1494,2023-01-21 13:00:00,2736,Headphones,3,522.09,1474.62,91.65,PayPal
1691,2023-01-29 18:00:00,2207,Tablet,1,382.23,329.25,52.98,Credit Card
8147,2023-10-25 18:00:00,2765,Laptop,4,1780.01,7075.67,44.37,Debit Card
4822,2023-06-09 05:00:00,2064,Mouse,2,1870.35,3706.23,34.47,PayPal
1603,2023-01-26 02:00:00,2019,Tablet,3,1453.53,4331.51,29.08,PayPal
2912,2023-03-21 15:00:00,2607,Laptop,4,1490.55,5931.61,30.59,Credit Card
2015,2023-02-12 06:00:00,2062,Laptop,2,259.1,503.47,14.73,Cash
10300,2024-01-23 11:00:00,2752,Headphones,3,1730.45,5150.01,41.34,PayPal
2994,2023-03-25 01:00:00,2095,Headphones,3,1492.44,4412.82,64.5,Debit Card
7394,2023-09-24 09:00:00,2236,Tablet,4,1700.6,,14.83,Debit Card
4758,2023-06-06 13:00:00,2652,Tablet,4,1803.72,7148.6900000000005,66.19,Cash
3367,2023-04-09 14:00:00,2736,Mouse,3,1182.03,3543.09,3.0,Debit Card
6284,2023-08-09 03:00:00,2306,Laptop,3,1455.72,4317.41,49.75,Credit Card
5371,2023-07-02 02:00:00,2376,Mouse,2,232.31,403.37,61.25,Cash
8629,2023-11-14 20:00:00,2750,Mouse,3,1283.53,3810.36,40.23,PayPal
8763,2023-11-20 10:00:00,2544,Mouse,1,998.68,919.43,79.25,Credit Card
2362,2023-02-26 17:00:00,2586,Laptop,1,584.77,576.53,8.24,PayPal
8038,2023-10-21 05:00:00,2261,Keyboard,2,401.36,798.94,3.78,Cash
2527,2023-03-05 14:00:00,2501,Laptop,3,338.35,916.7,98.35,PayPal
2328,2023-02-25 07:00:00,2145,Headphones,2,234.21,447.01,21.41,Debit Card
10659,2024-02-07 10:00:00,2105,Mouse,4,530.44,2053.4100000000003,68.35,PayPal
9527,2023-12-22 06:00:00,2295,Tablet,1,1361.87,1348.1299999999999,13.74,Debit Card
2552,2023-03-06 15:00:00,2194,Headphones,2,1061.91,2036.7200000000003,87.1,Credit Card
7953,2023-10-17 16:00:00,2076,Keyboard,1,230.72,167.87,62.85,Debit Card
1361,2023-01-16 00:00:00,2503,Headphones,3,1153.33,3406.3799999999997,53.61,Cash
2338,2023-02-25 17:00:00,2081,Laptop,4,1660.64,6599.870000000001,42.69,Debit Card
4902,2023-06-12 13:00:00,2696,Laptop,4,169.97,678.99,0.89,PayPal
4011,2023-05-06 10:00:00,2458,Monitor,3,889.93,2620.23,49.56,Credit Card
6042,2023-07-30 01:00:00,2839,Headphones,4,25.49,80.86999999999999,21.09,Credit Card
9707,2023-12-29 18:00:00,2212,Keyboard,3,448.55,1337.43,8.22,Debit Card
3251,2023-04-04 18:00:00,2905,Laptop,3,1441.85,4286.249999999999,39.3,Debit Card
8251,2023-10-30 02:00:00,2055,Headphones,3,493.89,1438.8200000000002,42.85,PayPal
6040,2023-07-29 23:00:00,2462,Keyboard,1,1549.49,1485.35,64.14,Credit Card
3347,2023-04-08 18:00:00,2968,Laptop,4,1884.03,7477.7699999999995,58.35,Cash
10750,2024-02-11 05:00:00,2204,Monitor,2,27.07,-0.740000000000002,54.88,PayPal
6486,2023-08-17 13:00:00,2626,Keyboard,4,291.12,1117.4,47.08,PayPal
10319,2024-01-24 06:00:00,2717,Laptop,1,1947.54,1893.47,54.07,Credit Card
3785,2023-04-27 00:00:00,2101,Laptop,2,1937.67,3869.44,5.9,Credit Card
6695,2023-08-26 06:00:00,2725,Laptop,1,,24.5,91.38,Debit Card
6120,2023-08-02 07:00:00,2230,Monitor,4,207.76,753.1099999999999,77.93,Cash
6167,2023-08-04 06:00:00,2049,Tablet,4,703.88,2722.67,92.85,PayPal
6556,2023-08-20 11:00:00,2780,Keyboard,2,219.81,386.72,52.9,Credit Card
6600,2023-08-22 07:00:00,2191,Monitor,4,134.72,509.21999999999997,29.66,Debit Card
8408,2023-11-05 15:00:00,2636,Laptop,3,1083.13,3247.4500000000003,1.94,PayPal
1151,2023-01-07 06:00:00,2624,Laptop,3,641.43,1872.44,51.85,Cash
3805,2023-04-27 20:00:00,2871,Tablet,4,1907.25,7565.69,63.31,Debit Card
9413,2023-12-17 12:00:00,2612,Keyboard,4,1262.55,5024.78,25.42,Cash
3087,2023-03-28 22:00:00,2575,Monitor,4,1118.94,4400.97,74.79,Cash
4752,2023-06-06 07:00:00,2436,Tablet,2,1649.75,3256.31,43.19,PayPal
6613,2023-08-22 20:00:00,2143,Monitor,1,1191.54,1138.57,52.97,PayPal
3260,2023-04-05 03:00:00,2415,Tablet,3,373.61,1114.81,6.02,PayPal
5018,2023-06-17 09:00:00,2470,Headphones,1,1382.69,1336.76,45.93,Cash
9594,2023-12-25 01:00:00,2426,Mouse,1,1103.86,1084.06,19.8,Credit Card
7714,2023-10-07 17:00:00,2469,Laptop,3,1749.47,5156.24,92.17,PayPal
3425,2023-04-12 00:00:00,2928,Monitor,4,1092.11,4310.23,58.21,PayPal
5139,2023-06-22 10:00:00,2539,Monitor,1,898.59,848.21,50.38,Debit Card
4857,2023-06-10 16:00:00,2860,Tablet,4,1158.67,4569.62,65.06,Debit Card
1860,2023-02-05 19:00:00,2012,Mouse,4,229.86,910.2600000000001,9.18,PayPal
6368,2023-08-12 15:00:00,2873,Mouse,2,1210.59,2401.72,19.46,nan
3963,2023-05-04 10:00:00,2735,Headphones,3,385.89,1091.54,66.13,Credit Card
9632,2023-12-26 15:00:00,2290,Keyboard,3,1385.19,4135.04,20.53,Credit Card
9107,2023-12-04 18:00:00,2794,Keyboard,1,164.4,103.22,61.18,Debit Card
9994,2024-01-10 17:00:00,2389,Laptop,4,,654.3599999999999,40.2,Debit Card
5740,2023-07-17 11:00:00,2355,Keyboard,1,50.37,-8.18,58.55,Debit Card
10026,2024-01-12 01:00:00,2162,Headphones,1,1278.79,1241.33,37.46,Credit Card
5463,2023-07-05 22:00:00,2034,Tablet,4,1024.7,4087.4900000000002,11.31,Cash
6529,2023-08-19 08:00:00,2112,Keyboard,4,1138.19,4515.71,37.05,PayPal
2365,2023-02-26 20:00:00,2736,Mouse,4,1944.43,7765.58,12.14,Cash
2780,2023-03-16 03:00:00,2510,Keyboard,1,1074.91,986.6500000000001,88.26,PayPal
7508,2023-09-29 03:00:00,2526,Tablet,3,712.81,2082.2,56.23,Debit Card
5786,2023-07-19 09:00:00,2020,Monitor,3,160.66,470.26,11.72,Debit Card
8026,2023-10-20 17:00:00,2900,Monitor,3,1246.87,3704.0899999999997,36.52,Cash
2819,2023-03-17 18:00:00,2854,Keyboard,4,,1342.28,85.16,PayPal
1370,2023-01-16 09:00:00,2452,Keyboard,2,1068.25,,51.29,Cash
5938,2023-07-25 17:00:00,2662,Headphones,2,639.88,1208.53,71.23,Credit Card
3705,2023-04-23 16:00:00,2879,Keyboard,2,326.4,618.74,34.06,PayPal
6286,2023-08-09 05:00:00,2346,Monitor,1,,1382.76,58.58,PayPal
1176,2023-01-08 07:00:00,2287,Laptop,4,1656.56,6551.33,74.91,PayPal
9242,2023-12-10 09:00:00,2066,Monitor,4,73.08,251.70999999999998,40.61,Cash
3094,2023-03-29 05:00:00,2215,Headphones,1,1684.9,1609.68,75.22,Debit Card
9923,2024-01-07 18:00:00,2233,Mouse,1,1537.0,1439.16,97.84,Cash
4492,2023-05-26 11:00:00,2144,Tablet,4,,7646.790000000001,19.73,PayPal
2921,2023-03-22 00:00:00,2891,Monitor,2,1387.97,2758.25,17.69,Debit Card
1083,2023-01-04 10:00:00,2473,Monitor,1,1112.04,1093.99,18.05,PayPal
1817,2023-02-04 00:00:00,2341,Mouse,3,,4528.740000000001,73.74,PayPal
10034,2024-01-12 09:00:00,2908,Keyboard,3,167.57,440.33,62.38,Debit Card
9145,2023-12-06 08:00:00,2240,Mouse,1,1588.52,,89.64,Debit Card
5397,2023-07-03 04:00:00,2996,Headphones,2,484.41,956.25,12.57,Debit Card
8503,2023-11-09 14:00:00,2782,Keyboard,2,1948.91,3845.1400000000003,52.68,PayPal
6569,2023-08-21 00:00:00,2305,Monitor,1,76.61,75.48,1.13,Debit Card
1284,2023-01-12 19:00:00,2819,Keyboard,3,1569.13,4669.34,38.05,PayPal
7125,2023-09-13 04:00:00,2702,Mouse,2,110.46,127.33999999999999,93.58,PayPal
5121,2023-06-21 16:00:00,2117,Tablet,2,379.55,735.0,24.1,Debit Card
9387,2023-12-16 10:00:00,2630,Mouse,2,419.69,750.51,88.87,Debit Card
1610,2023-01-26 09:00:00,2930,Tablet,2,625.02,1155.6399999999999,94.4,PayPal
3916,2023-05-02 11:00:00,2832,Mouse,4,1306.29,5189.3099999999995,35.85,Cash
2814,2023-03-17 13:00:00,2450,Headphones,3,774.92,2298.3199999999997,26.44,nan
2272,2023-02-22 23:00:00,2750,Laptop,2,310.37,561.6800000000001,59.06,Debit Card
8521,2023-11-10 08:00:00,2036,Headphones,1,417.81,394.74,23.07,Credit Card
10055,2024-01-13 06:00:00,2462,Headphones,4,1420.27,5638.2699999999995,42.81,Cash
3995,2023-05-05 18:00:00,2596,Keyboard,1,776.87,749.03,27.84,Credit Card
8874,2023-11-25 01:00:00,2176,Keyboard,3,599.26,1723.09,74.69,PayPal
8434,2023-11-06 17:00:00,2471,Laptop,2,1475.38,,7.79,PayPal
7105,2023-09-12 08:00:00,2948,Monitor,3,1941.46,5772.1,52.28,Debit Card
9147,2023-12-06 10:00:00,2270,Laptop,1,1762.09,1675.6,86.49,PayPal
3643,2023-04-21 02:00:00,2620,Keyboard,2,1032.12,2013.6499999999999,50.59,Debit Card
8272,2023-10-30 23:00:00,2956,Headphones,2,1645.67,3236.32,55.02,Debit Card
5509,2023-07-07 20:00:00,2504,Laptop,4,28.95,37.980000000000004,77.82,PayPal
3306,2023-04-07 01:00:00,2067,Mouse,3,1352.18,4017.6,38.94,Credit Card
10394,2024-01-27 09:00:00,2972,Tablet,4,866.95,3371.07,96.73,Cash
10564,2024-02-03 11:00:00,2481,Laptop,4,1664.59,6587.23,71.13,Credit Card
5196,2023-06-24 19:00:00,2882,Mouse,4,1416.72,5606.24,60.64,Cash
6563,2023-08-20 18:00:00,2739,Tablet,4,301.62,1107.2,99.28,PayPal
5841,2023-07-21 16:00:00,2722,Mouse,1,671.32,615.32,56.0,Cash
5656,2023-07-13 23:00:00,2285,Headphones,1,1256.74,1209.71,47.03,Cash
9580,2023-12-24 11:00:00,2571,Keyboard,4,991.32,3876.34,88.94,Credit Card
5169,2023-06-23 16:00:00,2513,Laptop,3,1538.18,4524.46,90.08,Cash
4850,2023-06-10 09:00:00,2924,Laptop,4,751.9,2997.0,10.6,Debit Card
5909,2023-07-24 12:00:00,2891,Laptop,2,,2058.91,61.09,Cash
9818,2024-01-03 09:00:00,2342,Keyboard,4,96.99,361.51,26.45,Debit Card
6254,2023-08-07 21:00:00,2194,Monitor,4,1010.31,3957.49,83.75,Credit Card
9128,2023-12-05 15:00:00,2007,Tablet,3,1516.68,4481.82,68.22,Credit Card
6534,2023-08-19 13:00:00,2398,Monitor,4,,3009.01,91.83,Credit Card
3415,2023-04-11 14:00:00,2412,Laptop,3,935.21,2720.3,85.33,nan
4555,2023-05-29 02:00:00,2030,Mouse,4,215.71,810.39,52.45,Credit Card
5692,2023-07-15 11:00:00,2011,Monitor,1,,900.7700000000001,31.43,Debit Card
5499,2023-07-07 10:00:00,2960,Keyboard,2,465.97,892.61,39.33,Debit Card
3196,2023-04-02 11:00:00,2540,Laptop,2,1794.02,3547.91,40.13,Debit Card
6046,2023-07-30 05:00:00,2110,Mouse,1,126.05,44.75,81.3,Cash
3601,2023-04-19 08:00:00,2757,Headphones,1,1991.04,1936.58,54.46,Debit Card
7164,2023-09-14 19:00:00,2714,Monitor,3,203.9,577.19,34.51,PayPal
7374,2023-09-23 13:00:00,2021,Mouse,1,1632.94,1535.49,97.45,PayPal
2519,2023-03-05 06:00:00,2801,Monitor,4,1512.01,5965.3,82.74,Debit Card
5765,2023-07-18 12:00:00,2966,Mouse,3,928.0,,49.21,Cash
5315,2023-06-29 18:00:00,2555,Monitor,1,1370.51,1276.27,94.24,Credit Card
4367,2023-05-21 06:00:00,2837,Monitor,4,579.38,2286.42,31.1,PayPal
7059,2023-09-10 10:00:00,2100,Keyboard,4,239.5,873.73,84.27,PayPal
7721,2023-10-08 00:00:00,2577,Tablet,4,1483.61,5928.259999999999,6.18,Credit Card
8301,2023-11-01 04:00:00,2292,Mouse,1,996.84,,45.72,Credit Card
7310,2023-09-20 21:00:00,2695,Monitor,3,1288.81,3778.5499999999997,87.88,Debit Card
3634,2023-04-20 17:00:00,2645,Mouse,4,1467.79,5846.73,24.43,Debit Card
8857,2023-11-24 08:00:00,2854,Keyboard,3,1197.67,3565.0200000000004,27.99,Cash
6634,2023-08-23 17:00:00,2690,Headphones,3,1908.97,5636.57,90.34,Debit Card
9606,2023-12-25 13:00:00,2244,Monitor,4,1824.81,7272.09,27.15,PayPal
6923,2023-09-04 18:00:00,2247,Keyboard,2,122.39,196.57,48.21,Cash
10774,2024-02-12 05:00:00,2241,Monitor,4,305.46,1129.1899999999998,92.65,Cash
10237,2024-01-20 20:00:00,2667,Mouse,3,78.14,201.35000000000002,33.07,Credit Card
3435,2023-04-12 10:00:00,2649,Laptop,2,265.77,478.09999999999997,53.44,Cash
4401,2023-05-22 16:00:00,2109,Monitor,4,611.44,2404.48,41.28,PayPal
8494,2023-11-09 05:00:00,2872,Tablet,4,754.27,2942.39,74.69,Cash
8712,2023-11-18 07:00:00,2585,Keyboard,3,764.6,2229.01,64.79,PayPal
8333,2023-11-02 12:00:00,2345,Laptop,4,1063.83,4236.44,18.88,Debit Card
7065,2023-09-10 16:00:00,2598,Keyboard,3,1122.19,3305.7000000000003,60.87,Debit Card
5521,2023-07-08 08:00:00,2906,Headphones,1,1980.1,1887.73,92.37,PayPal
6588,2023-08-21 19:00:00,2450,Monitor,3,185.4,527.4200000000001,28.78,Cash
4546,2023-05-28 17:00:00,2638,Headphones,3,1465.1,4387.779999999999,7.52,Credit Card
10243,2024-01-21 02:00:00,2482,Laptop,2,1130.39,2258.8700000000003,1.91,Cash
1304,2023-01-13 15:00:00,2418,Tablet,2,1707.75,3405.9,9.6,Cash
10254,2024-01-21 13:00:00,2027,Tablet,3,881.75,2615.63,29.62,PayPal
6532,2023-08-19 11:00:00,2466,Keyboard,1,,1351.5,3.57,Cash
6445,2023-08-15 20:00:00,2988,Laptop,1,328.35,246.53000000000003,81.82,Debit Card
1518,2023-01-22 13:00:00,2358,Mouse,1,559.32,495.56000000000006,63.76,Credit Card
10647,2024-02-06 22:00:00,2619,Monitor,3,210.23,603.38,27.31,Debit Card
7161,2023-09-14 16:00:00,2468,Mouse,2,1752.84,3471.5299999999997,34.15,Debit Card
8610,2023-11-14 01:00:00,2514,Laptop,3,422.71,1219.3899999999999,48.74,Debit Card
4466,2023-05-25 09:00:00,2241,Mouse,3,619.44,,89.46,Debit Card
9492,2023-12-20 19:00:00,2429,Laptop,4,460.21,1829.52,11.32,Debit Card
8117,2023-10-24 12:00:00,2574,Monitor,4,1389.47,5463.99,93.89,Credit Card
2416,2023-02-28 23:00:00,2336,Keyboard,3,1125.41,3283.8400000000006,92.39,Credit Card
5665,2023-07-14 08:00:00,2602,Monitor,1,955.19,934.1800000000001,21.01,Cash
5457,2023-07-05 16:00:00,2453,Laptop,2,1655.77,3295.12,16.42,Debit Card
3762,2023-04-26 01:00:00,2409,Keyboard,4,725.84,2826.65,76.71,Cash
6912,2023-09-04 07:00:00,2114,Tablet,3,1820.87,5452.929999999999,9.68,PayPal
5856,2023-07-22 07:00:00,2838,Keyboard,3,1742.97,5133.55,95.36,Cash
10310,2024-01-23 21:00:00,2758,Keyboard,1,1909.64,1879.44,30.2,Credit Card
1128,2023-01-06 07:00:00,2862,Mouse,4,1394.94,,60.28,Cash
4475,2023-05-25 18:00:00,2304,Monitor,4,314.1,1252.95,3.45,Cash
7359,2023-09-22 22:00:00,2309,Headphones,2,507.54,982.46,32.62,Cash
9489,2023-12-20 16:00:00,2863,Mouse,1,1047.1,999.2399999999999,47.86,Cash
5311,2023-06-29 14:00:00,2868,Laptop,1,1210.24,1137.96,72.28,PayPal
3439,2023-04-12 14:00:00,2290,Headphones,4,1791.22,7094.1,70.78,PayPal
4766,2023-06-06 21:00:00,2978,Tablet,3,411.15,1200.5699999999997,32.88,Cash
8622,2023-11-14 13:00:00,2294,Headphones,3,528.34,1507.35,77.67,Cash
9065,2023-12-03 00:00:00,2305,Mouse,3,1464.01,4309.58,82.45,PayPal
7476,2023-09-27 19:00:00,2284,Mouse,2,1264.54,2472.64,56.44,Credit Card
7889,2023-10-15 00:00:00,2990,Tablet,2,604.5,1158.47,50.53,Debit Card
5752,2023-07-17 23:00:00,2157,Keyboard,4,247.49,968.72,21.24,PayPal
2474,2023-03-03 09:00:00,2157,Monitor,2,919.59,1770.45,68.73,nan
7341,2023-09-22 04:00:00,2544,Headphones,3,750.45,2168.8800000000006,82.47,PayPal
5822,2023-07-20 21:00:00,2890,Mouse,1,347.74,,44.11,Credit Card
8664,2023-11-16 07:00:00,2414,Laptop,1,1816.93,1812.1000000000001,4.83,Debit Card
4561,2023-05-29 08:00:00,2625,Tablet,2,387.53,746.91,28.15,Cash
4952,2023-06-14 15:00:00,2084,Keyboard,1,105.63,18.409999999999997,87.22,Cash
1050,2023-01-03 01:00:00,2917,Monitor,3,1602.89,4751.74,56.93,Cash
6438,2023-08-15 13:00:00,2446,Keyboard,2,1438.01,2789.08,86.94,Credit Card
3125,2023-03-30 12:00:00,2228,Laptop,3,1594.93,4690.48,94.31,Cash
1888,2023-02-06 23:00:00,2867,Keyboard,3,558.2,1580.8700000000001,93.73,Cash
7262,2023-09-18 21:00:00,2149,Keyboard,4,1755.6,6990.2699999999995,32.13,Cash
7044,2023-09-09 19:00:00,2390,Tablet,1,415.81,316.59000000000003,99.22,PayPal
3617,2023-04-20 00:00:00,2247,Tablet,3,354.71,1045.08,19.05,Credit Card
1517,2023-01-22 12:00:00,2396,Keyboard,3,650.67,1873.6799999999998,78.33,Debit Card
4169,2023-05-13 00:00:00,2663,Keyboard,4,1694.6,6753.839999999999,24.56,Debit Card
3950,2023-05-03 21:00:00,2121,Headphones,3,1668.37,4957.049999999999,48.06,Cash
2425,2023-03-01 08:00:00,2632,Keyboard,4,1417.19,5617.070000000001,51.69,Credit Card
1140,2023-01-06 19:00:00,2519,Headphones,2,858.72,1633.39,84.05,Credit Card
2925,2023-03-22 04:00:00,2798,Laptop,4,1369.16,5426.05,50.59,Credit Card
3379,2023-04-10 02:00:00,2410,Keyboard,4,361.18,1371.8600000000001,72.86,Cash
4198,2023-05-14 05:00:00,2850,Laptop,4,1225.31,4872.16,29.08,Cash
6132,2023-08-02 19:00:00,2387,Monitor,3,1388.9,4133.4400000000005,33.26,Debit Card
1113,2023-01-05 16:00:00,2139,Laptop,1,101.38,71.19,30.19,Credit Card
5560,2023-07-09 23:00:00,2895,Mouse,2,1040.36,2053.91,26.81,PayPal
5596,2023-07-11 11:00:00,2815,Keyboard,1,1330.99,1237.9,93.09,Cash
9444,2023-12-18 19:00:00,2866,Headphones,4,1678.93,6671.54,44.18,PayPal
4251,2023-05-16 10:00:00,2911,Keyboard,1,891.81,800.9799999999999,90.83,Credit Card
5691,2023-07-15 10:00:00,2656,Keyboard,4,1479.47,5871.5,46.38,PayPal
9198,2023-12-08 13:00:00,2930,Headphones,3,163.76,448.41999999999996,42.86,Credit Card
4698,2023-06-04 01:00:00,2880,Laptop,2,,3471.0299999999997,66.13,Debit Card
5547,2023-07-09 10:00:00,2245,Tablet,3,1739.13,5155.55,61.84,Cash
8530,2023-11-10 17:00:00,2510,Monitor,4,900.32,3502.28,99.0,Cash
4278,2023-05-17 13:00:00,2775,Keyboard,1,343.8,289.84000000000003,53.96,Debit Card
7969,2023-10-18 08:00:00,2784,Mouse,2,955.64,1837.4,73.88,Credit Card
10130,2024-01-16 09:00:00,2263,Headphones,1,1521.31,1493.29,28.02,Debit Card
5069,2023-06-19 12:00:00,2411,Headphones,2,455.5,856.15,54.85,Debit Card
5409,2023-07-03 16:00:00,2806,Monitor,1,216.66,140.70999999999998,75.95,PayPal
10069,2024-01-13 20:00:00,2522,Tablet,3,227.78,640.63,42.71,PayPal
10020,2024-01-11 19:00:00,2874,Keyboard,2,163.1,,40.79,Cash
9177,2023-12-07 16:00:00,2924,Monitor,2,78.69,134.67,22.71,Debit Card
4223,2023-05-15 06:00:00,2945,Monitor,3,412.55,1160.3400000000001,77.31,PayPal
9623,2023-12-26 06:00:00,2339,Headphones,1,1162.25,1138.98,23.27,Debit Card
1452,2023-01-19 19:00:00,2318,Keyboard,4,1451.54,5765.25,40.91,PayPal
4732,2023-06-05 11:00:00,2272,Mouse,2,1671.81,3254.88,88.74,Credit Card
10407,2024-01-27 22:00:00,2772,Headphones,1,724.29,651.05,73.24,Credit Card
5987,2023-07-27 18:00:00,2082,Laptop,1,385.55,310.47,75.08,PayPal
4664,2023-06-02 15:00:00,2632,Monitor,4,652.9,2582.89,28.71,Debit Card
3764,2023-04-26 03:00:00,2535,Monitor,1,1504.48,1456.18,48.3,PayPal
1659,2023-01-28 10:00:00,2045,Headphones,2,260.58,456.26,64.9,Debit Card
6603,2023-08-22 10:00:00,2680,Laptop,4,246.15,933.63,50.97,Debit Card
2856,2023-03-19 07:00:00,2714,Headphones,2,,6.670000000000002,53.91,PayPal
5621,2023-07-12 12:00:00,2800,Tablet,4,114.52,433.89,24.19,Debit Card
2000,2023-02-11 15:00:00,2404,Keyboard,2,1896.53,3757.79,35.27,Credit Card
1390,2023-01-17 05:00:00,2808,Mouse,2,1258.9,2421.5,96.3,Debit Card
4408,2023-05-22 23:00:00,2001,Tablet,3,892.09,2635.42,40.85,Credit Card
7427,2023-09-25 18:00:00,2688,Keyboard,4,398.7,1518.8999999999999,75.9,Cash
2477,2023-03-03 12:00:00,2872,Mouse,4,127.92,433.48,78.2,Cash
3241,2023-04-04 08:00:00,2203,Mouse,4,1243.38,4958.92,14.6,Debit Card
3387,2023-04-10 10:00:00,2383,Headphones,4,1218.62,4797.349999999999,77.13,PayPal
10603,2024-02-05 02:00:00,2534,Headphones,3,1088.21,3248.69,15.94,Debit Card
1993,2023-02-11 08:00:00,2331,Headphones,3,1612.13,4759.900000000001,76.49,Debit Card
5998,2023-07-28 05:00:00,2376,Monitor,1,1012.3,926.6199999999999,85.68,Credit Card
4923,2023-06-13 10:00:00,2508,Keyboard,2,767.36,1437.55,97.17,Debit Card
3973,2023-05-04 20:00:00,2948,Tablet,4,,2922.1,47.9,Cash
4387,2023-05-22 02:00:00,2327,Headphones,4,1077.93,4234.240000000001,77.48,Credit Card
9347,2023-12-14 18:00:00,2289,Tablet,2,1153.56,2223.8399999999997,83.28,Cash
9795,2024-01-02 10:00:00,2016,Mouse,1,1696.26,1618.11,78.15,Credit Card
8710,2023-11-18 05:00:00,2442,Mouse,4,1889.16,7458.43,98.21,Credit Card
5770,2023-07-18 17:00:00,2639,Mouse,3,1633.67,4810.14,90.87,PayPal
2294,2023-02-23 21:00:00,2536,Mouse,3,,398.8399999999999,72.85,Debit Card
2825,2023-03-18 00:00:00,2719,Tablet,2,1672.24,3260.43,84.05,Cash
3874,2023-04-30 17:00:00,2703,Monitor,4,586.69,2270.75,76.01,Debit Card
5174,2023-06-23 21:00:00,2357,Laptop,3,993.44,2903.9500000000003,76.37,Credit Card
3536,2023-04-16 15:00:00,2186,Headphones,3,1972.87,,27.73,PayPal
10596,2024-02-04 19:00:00,2767,Headphones,3,1554.3,4613.62,49.28,PayPal
2908,2023-03-21 11:00:00,2409,Laptop,4,1600.11,6385.089999999999,15.35,Credit Card
1043,2023-01-02 18:00:00,2076,Tablet,1,1725.25,1663.35,61.9,Debit Card
10969,2024-02-20 08:00:00,2303,Tablet,2,431.74,798.4100000000001,65.07,Credit Card
1369,2023-01-16 08:00:00,2610,Tablet,2,119.26,205.59,32.93,PayPal
7034,2023-09-09 09:00:00,2965,Laptop,3,1957.89,,79.4,Cash
2152,2023-02-17 23:00:00,2216,Headphones,3,396.64,1111.53,78.39,Cash
2568,2023-03-07 07:00:00,2777,Mouse,3,1671.32,4932.31,81.65,Debit Card
8054,2023-10-21 21:00:00,2577,Headphones,1,1691.18,1616.41,74.77,Debit Card
8189,2023-10-27 12:00:00,2265,Monitor,4,1939.02,7728.51,27.57,Credit Card
8224,2023-10-28 23:00:00,2360,Laptop,2,391.58,766.0,17.16,Credit Card
9274,2023-12-11 17:00:00,2475,Headphones,2,1381.54,2674.44,88.64,Debit Card
5161,2023-06-23 08:00:00,2446,Keyboard,2,313.05,585.89,40.21,Cash
5288,2023-06-28 15:00:00,2923,Headphones,1,460.36,368.55,91.81,Credit Card
3231,2023-04-03 22:00:00,2652,Headphones,2,431.15,824.74,37.56,Cash
8445,2023-11-07 04:00:00,2130,Monitor,2,733.15,1416.79,49.51,Debit Card
1175,2023-01-08 06:00:00,2645,Keyboard,3,685.7,2024.2300000000005,32.87,PayPal
2904,2023-03-21 07:00:00,2925,Headphones,2,316.76,560.13,73.39,Cash
2100,2023-02-15 19:00:00,2698,Tablet,1,949.22,870.88,78.34,Credit Card
9561,2023-12-23 16:00:00,2338,Monitor,2,1379.13,2744.9100000000003,13.35,Debit Card
4409,2023-05-23 00:00:00,2995,Tablet,3,466.25,1385.64,13.11,PayPal
2539,2023-03-06 02:00:00,2053,Laptop,3,1726.54,5136.89,42.73,Cash
3293,2023-04-06 12:00:00,2785,Monitor,3,,3313.32,9.27,Cash
10769,2024-02-12 00:00:00,2356,Laptop,2,,2593.32,16.22,Cash
2364,2023-02-26 19:00:00,2651,Monitor,2,655.52,1227.6299999999999,83.41,Credit Card
6590,2023-08-21 21:00:00,2310,Laptop,4,959.06,3750.9199999999996,85.32,PayPal
8353,2023-11-03 08:00:00,2392,Monitor,1,303.51,262.78999999999996,40.72,Cash
6261,2023-08-08 04:00:00,2836,Laptop,1,,1366.8799999999999,77.19,Debit Card
8554,2023-11-11 17:00:00,2362,Headphones,3,1936.72,5713.78,96.38,Credit Card
8813,2023-11-22 12:00:00,2090,Tablet,1,,1106.81,44.15,Credit Card
1681,2023-01-29 08:00:00,2554,Monitor,1,232.86,157.06,75.8,Debit Card
10786,2024-02-12 17:00:00,2450,Keyboard,4,1760.63,6945.84,96.68,Debit Card
9332,2023-12-14 03:00:00,2529,Keyboard,3,926.19,2761.84,16.73,PayPal
4665,2023-06-02 16:00:00,2770,Headphones,1,712.53,666.28,46.25,Debit Card
1501,2023-01-21 20:00:00,2902,Tablet,1,904.55,841.2199999999999,63.33,Debit Card
2662,2023-03-11 05:00:00,2885,Tablet,3,335.54,941.5700000000002,65.05,PayPal
1509,2023-01-22 04:00:00,2342,Headphones,3,,1546.3999999999999,56.68,Cash
1167,2023-01-07 22:00:00,2556,Keyboard,2,1220.55,2389.12,51.98,PayPal
6498,2023-08-18 01:00:00,2521,Tablet,1,1409.89,1404.01,5.88,Cash
9715,2023-12-30 02:00:00,2061,Headphones,2,1015.63,2013.84,17.42,Credit Card
2007,2023-02-11 22:00:00,2794,Keyboard,3,1380.14,4048.44,91.98,Debit Card
9768,2024-01-01 07:00:00,2646,Mouse,2,686.27,1273.42,99.12,Cash
2915,2023-03-21 18:00:00,2859,Mouse,4,392.88,1550.45,21.07,Debit Card
4495,2023-05-26 14:00:00,2519,Headphones,1,786.14,771.0,15.14,Debit Card
5072,2023-06-19 15:00:00,2410,Monitor,1,218.69,151.41,67.28,Credit Card
3689,2023-04-23 00:00:00,2729,Mouse,4,939.59,3733.1800000000003,25.18,PayPal
8149,2023-10-25 20:00:00,2901,Monitor,1,1740.75,1671.32,69.43,Debit Card
5991,2023-07-27 22:00:00,2587,Headphones,1,1984.27,1905.79,78.48,Credit Card
3537,2023-04-16 16:00:00,2162,Monitor,1,1314.62,1229.9099999999999,84.71,PayPal
2105,2023-02-16 00:00:00,2827,Headphones,3,646.49,1938.7,0.77,PayPal
4876,2023-06-11 11:00:00,2582,Headphones,1,1432.71,,37.4,PayPal
9264,2023-12-11 07:00:00,2999,Keyboard,4,915.68,3636.25,26.47,PayPal
2753,2023-03-15 00:00:00,2915,Headphones,3,146.0,365.47,72.53,PayPal
6311,2023-08-10 06:00:00,2065,Laptop,4,1102.01,4319.64,88.4,PayPal
6953,2023-09-06 00:00:00,2592,Monitor,2,755.86,1478.2,33.52,Credit Card
8721,2023-11-18 16:00:00,2970,Mouse,3,128.34,,6.62,Cash
3917,2023-05-02 12:00:00,2758,Headphones,2,744.48,1434.15,54.81,Cash
9533,2023-12-22 12:00:00,2875,Headphones,4,773.21,3042.01,50.83,PayPal
6755,2023-08-28 18:00:00,2301,Keyboard,2,812.86,1550.24,75.48,Cash
1153,2023-01-07 08:00:00,2897,Laptop,2,1245.96,2447.23,44.69,Credit Card
6231,2023-08-06 22:00:00,2320,Keyboard,3,1827.27,5425.209999999999,56.6,PayPal
6680,2023-08-25 15:00:00,2403,Monitor,1,1881.2,1880.5,0.7,Credit Card
4908,2023-06-12 19:00:00,2293,Monitor,3,792.53,2294.19,83.4,PayPal
10599,2024-02-04 22:00:00,2526,Tablet,4,389.58,1503.07,55.25,PayPal
3553,2023-04-17 08:00:00,2280,Monitor,1,1913.56,1879.9299999999998,33.63,PayPal
3774,2023-04-26 13:00:00,2040,Laptop,3,577.6,1647.2600000000002,85.54,Debit Card
9571,2023-12-24 02:00:00,2674,Monitor,3,1222.0,3610.45,55.55,Cash
4552,2023-05-28 23:00:00,2729,Laptop,1,1570.6,1560.9499999999998,9.65,PayPal
4723,2023-06-05 02:00:00,2672,Keyboard,3,1189.48,3535.52,32.92,PayPal
8367,2023-11-03 22:00:00,2703,Laptop,3,1388.05,4069.7999999999997,94.35,Cash
1521,2023-01-22 16:00:00,2376,Mouse,3,547.78,1592.08,51.26,Debit Card
9519,2023-12-21 22:00:00,2600,Headphones,3,1007.0,3015.53,5.47,Credit Card
10406,2024-01-27 21:00:00,2164,Laptop,4,87.85,268.07,83.33,Cash
5539,2023-07-09 02:00:00,2970,Headphones,1,,1525.57,93.51,PayPal
7176,2023-09-15 07:00:00,2661,Headphones,1,1151.61,1108.2099999999998,43.4,Credit Card
2559,2023-03-06 22:00:00,2995,Mouse,3,110.62,290.69,41.17,Credit Card
2823,2023-03-17 22:00:00,2498,Laptop,4,372.56,1444.52,45.72,Debit Card
5087,2023-06-20 06:00:00,2325,Laptop,2,1904.49,3768.36,40.62,Credit Card
7811,2023-10-11 18:00:00,2603,Headphones,1,888.63,789.94,98.69,Credit Card
10557,2024-02-03 04:00:00,2830,Tablet,1,232.89,226.13,6.76,PayPal
9118,2023-12-05 05:00:00,2614,Tablet,1,781.14,744.0799999999999,37.06,PayPal
10250,2024-01-21 09:00:00,2848,Mouse,3,,2432.05,70.79,Credit Card
1310,2023-01-13 21:00:00,2696,Monitor,1,635.65,581.86,53.79,Debit Card
5309,2023-06-29 12:00:00,2742,Keyboard,2,983.53,1892.44,74.62,Cash
9991,2024-01-10 14:00:00,2004,Headphones,3,510.84,1493.28,39.24,PayPal
9100,2023-12-04 11:00:00,2094,Laptop,4,1992.53,7892.64,77.48,PayPal
4600,2023-05-30 23:00:00,2200,Tablet,1,,265.85,6.26,Cash
4623,2023-05-31 22:00:00,2338,Tablet,4,1770.24,7077.71,3.25,Credit Card
4812,2023-06-08 19:00:00,2945,Tablet,2,216.79,,53.89,Credit Card
7006,2023-09-08 05:00:00,2186,Headphones,3,1455.55,,3.09,Cash
4451,2023-05-24 18:00:00,2455,Mouse,3,890.07,2643.18,27.03,Cash
5592,2023-07-11 07:00:00,2687,Keyboard,2,,2352.8399999999997,92.28,Debit Card
1206,2023-01-09 13:00:00,2688,Tablet,1,1458.82,1422.3799999999999,36.44,Cash
2618,2023-03-09 09:00:00,2836,Mouse,3,851.63,2530.75,24.14,PayPal
2136,2023-02-17 07:00:00,2685,Keyboard,4,235.63,844.9,97.62,Credit Card
10856,2024-02-15 15:00:00,2425,Keyboard,2,1198.62,2351.5299999999997,45.71,Debit Card
3750,2023-04-25 13:00:00,2694,Keyboard,1,,363.91,78.71,Debit Card
4614,2023-05-31 13:00:00,2978,Keyboard,4,575.67,2206.89,95.79,Cash
1306,2023-01-13 17:00:00,2408,Headphones,2,1761.08,3467.47,54.69,Debit Card
2850,2023-03-19 01:00:00,2196,Mouse,3,,1389.67,32.69,Cash
8150,2023-10-25 21:00:00,2253,Laptop,1,262.54,209.04000000000002,53.5,PayPal
10526,2024-02-01 21:00:00,2762,Laptop,3,397.58,1158.84,33.9,Credit Card
2989,2023-03-24 20:00:00,2919,Monitor,2,1549.85,3054.97,44.73,Debit Card
4241,2023-05-16 00:00:00,2496,Keyboard,1,,778.31,70.83,Debit Card
3799,2023-04-27 14:00:00,2393,Monitor,2,161.21,292.75,29.67,Debit Card
5516,2023-07-08 03:00:00,2633,Monitor,4,1793.23,7097.22,75.7,Cash
6631,2023-08-23 14:00:00,2201,Mouse,1,1794.22,1700.07,94.15,Cash
9367,2023-12-15 14:00:00,2829,Keyboard,1,,1064.9199999999998,38.4,Credit Card
4110,2023-05-10 13:00:00,2373,Monitor,3,1784.37,5278.62,74.49,Debit Card
5940,2023-07-25 19:00:00,2910,Laptop,2,,1618.36,42.0,Debit Card
5060,2023-06-19 03:00:00,2700,Tablet,2,567.77,1133.1,2.44,Credit Card
2988,2023-03-24 19:00:00,2596,Mouse,4,1135.69,4478.37,64.39,Debit Card
8927,2023-11-27 06:00:00,2500,Tablet,4,1510.44,5986.63,55.13,PayPal
10325,2024-01-24 12:00:00,2710,Tablet,3,359.13,990.7999999999998,86.59,Credit Card
8336,2023-11-02 15:00:00,2242,Monitor,2,1442.35,2855.96,28.74,Credit Card
1384,2023-01-16 23:00:00,2949,Laptop,1,551.98,,82.01,PayPal
6635,2023-08-23 18:00:00,2368,Keyboard,1,,568.1600000000001,34.29,Debit Card
5308,2023-06-29 11:00:00,2476,Laptop,4,41.74,132.06,34.9,Cash
4389,2023-05-22 04:00:00,2277,Mouse,3,1843.35,5473.3099999999995,56.74,Debit Card
4157,2023-05-12 12:00:00,2451,Headphones,2,1251.78,2407.88,95.68,Cash
7054,2023-09-10 05:00:00,2503,Keyboard,4,1978.93,7874.06,41.66,Cash
6171,2023-08-04 10:00:00,2248,Mouse,1,794.49,773.5600000000001,20.93,Debit Card
9150,2023-12-06 13:00:00,2335,Tablet,1,937.1,930.14,6.96,Credit Card
3728,2023-04-24 15:00:00,2845,Headphones,2,1235.51,2400.34,70.68,Debit Card
8811,2023-11-22 10:00:00,2261,Keyboard,3,237.96,698.36,15.52,nan
2863,2023-03-19 14:00:00,2197,Mouse,4,746.21,2953.05,31.79,Cash
10122,2024-01-16 01:00:00,2727,Keyboard,2,1166.0,2259.48,72.52,Credit Card
10701,2024-02-09 04:00:00,2601,Keyboard,2,1451.91,2837.26,66.56,Debit Card
7692,2023-10-06 19:00:00,2899,Laptop,3,426.94,1264.85,15.97,Credit Card
4833,2023-06-09 16:00:00,2369,Keyboard,2,1607.92,3194.38,21.46,Cash
10144,2024-01-16 23:00:00,2338,Tablet,3,86.22,233.58999999999997,25.07,Credit Card
5777,2023-07-19 00:00:00,2112,Mouse,4,983.25,3926.66,6.34,Credit Card
5277,2023-06-28 04:00:00,2974,Monitor,4,1566.75,6203.17,63.83,Debit Card
1254,2023-01-11 13:00:00,2197,Headphones,1,1038.62,939.8299999999999,98.79,Cash
7840,2023-10-12 23:00:00,2761,Headphones,3,1354.41,3988.3000000000006,74.93,Credit Card
3928,2023-05-02 23:00:00,2350,Headphones,2,452.07,847.85,56.29,Debit Card
10460,2024-01-30 03:00:00,2434,Monitor,3,,3881.66,12.01,Credit Card
1279,2023-01-12 14:00:00,2821,Monitor,4,1425.72,5619.650000000001,83.23,PayPal
4253,2023-05-16 12:00:00,2996,Headphones,4,1447.09,5743.7699999999995,44.59,Debit Card
7931,2023-10-16 18:00:00,2215,Monitor,3,512.81,1482.37,56.06,Debit Card
3481,2023-04-14 08:00:00,2424,Laptop,3,743.46,2196.84,33.54,Credit Card
1290,2023-01-13 01:00:00,2461,Headphones,1,1066.48,1008.12,58.36,Cash
7743,2023-10-08 22:00:00,2376,Laptop,3,246.6,657.0,82.8,Credit Card
4076,2023-05-09 03:00:00,2571,Monitor,1,1121.6,1025.49,96.11,Cash
5074,2023-06-19 17:00:00,2673,Headphones,4,1004.08,3926.78,89.54,Cash
3584,2023-04-18 15:00:00,2790,Laptop,2,976.34,1949.2,3.48,Credit Card
8101,2023-10-23 20:00:00,2895,Headphones,3,1235.0,3695.22,9.78,Cash
7109,2023-09-12 12:00:00,2623,Tablet,3,403.35,1199.39,10.66,Debit Card
6090,2023-08-01 01:00:00,2281,Mouse,4,631.01,2500.83,23.21,Debit Card
7333,2023-09-21 20:00:00,2436,Laptop,4,671.87,2687.17,0.31,PayPal
8412,2023-11-05 19:00:00,2229,Laptop,1,1364.47,1322.99,41.48,Credit Card
9066,2023-12-03 01:00:00,2414,Tablet,3,1520.42,4499.31,61.95,Credit Card
10203,2024-01-19 10:00:00,2916,Monitor,2,967.49,1901.07,33.91,Debit Card
9819,2024-01-03 10:00:00,2897,Tablet,4,122.62,456.07000000000005,34.41,Credit Card
10411,2024-01-28 02:00:00,2837,Mouse,4,1633.54,6450.58,83.58,PayPal
7780,2023-10-10 11:00:00,2436,Keyboard,1,1065.42,1020.9200000000001,44.5,PayPal
5067,2023-06-19 10:00:00,2678,Headphones,2,607.14,1161.71,52.57,PayPal
1271,2023-01-12 06:00:00,2365,Laptop,4,852.12,3395.98,12.5,Cash
7010,2023-09-08 09:00:00,2898,Mouse,1,1674.95,1648.42,26.53,Cash
5571,2023-07-10 10:00:00,2562,Headphones,1,1616.7,1550.42,66.28,PayPal
4577,2023-05-30 00:00:00,2856,Headphones,4,1736.61,6921.219999999999,25.22,Cash
4566,2023-05-29 13:00:00,2744,Keyboard,2,1236.54,2420.0299999999997,53.05,nan
3972,2023-05-04 19:00:00,2073,Tablet,1,1022.11,1008.42,13.69,Debit Card
7866,2023-10-14 01:00:00,2960,Keyboard,4,1672.88,6618.85,72.67,Debit Card
10213,2024-01-19 20:00:00,2229,Mouse,1,551.24,481.52,69.72,Debit Card
5208,2023-06-25 07:00:00,2405,Laptop,3,872.29,2610.27,6.6,Credit Card
4219,2023-05-15 02:00:00,2208,Monitor,4,1208.92,4802.070000000001,33.61,PayPal
2392,2023-02-27 23:00:00,2983,Keyboard,2,805.71,1601.5800000000002,9.84,PayPal
4976,2023-06-15 15:00:00,2802,Monitor,3,369.66,1018.6,90.38,Debit Card
5317,2023-06-29 20:00:00,2046,Keyboard,3,1044.4,3110.59,22.61,Debit Card
8426,2023-11-06 09:00:00,2440,Monitor,4,,5250.26,20.46,Credit Card
9135,2023-12-05 22:00:00,2100,Headphones,3,61.52,111.7,72.86,Credit Card
2423,2023-03-01 06:00:00,2389,Mouse,3,1189.83,3565.56,3.93,PayPal
1084,2023-01-04 11:00:00,2023,Monitor,1,183.29,,9.3,Cash
1874,2023-02-06 09:00:00,2715,Monitor,2,1755.62,3475.06,36.18,Credit Card
8439,2023-11-06 22:00:00,2726,Headphones,4,1541.85,6109.61,57.79,PayPal
10413,2024-01-28 04:00:00,2394,Laptop,2,716.64,1385.71,47.57,Debit Card
5558,2023-07-09 21:00:00,2781,Tablet,1,1620.38,1603.15,17.23,Debit Card
5501,2023-07-07 12:00:00,2334,Monitor,3,1301.56,3864.6,40.08,PayPal
5648,2023-07-13 15:00:00,2169,Monitor,2,685.7,1324.8300000000002,46.57,Credit Card
8839,2023-11-23 14:00:00,2315,Mouse,1,526.42,435.84999999999997,90.57,PayPal
7471,2023-09-27 14:00:00,2687,Mouse,4,1119.65,4422.620000000001,55.98,Cash
3039,2023-03-26 22:00:00,2796,Headphones,2,1340.37,2678.8599999999997,1.88,Credit Card
9218,2023-12-09 09:00:00,2281,Keyboard,1,543.79,492.93999999999994,50.85,Credit Card
4101,2023-05-10 04:00:00,2021,Laptop,4,664.26,2652.97,4.07,PayPal
10133,2024-01-16 12:00:00,2597,Laptop,2,666.88,1314.43,19.33,Debit Card
3451,2023-04-13 02:00:00,2971,Mouse,1,1294.01,1262.01,32.0,Credit Card
4955,2023-06-14 18:00:00,2379,Keyboard,1,1475.62,1426.04,49.58,Debit Card
3330,2023-04-08 01:00:00,2656,Mouse,3,1409.85,4226.65,2.9,Credit Card
10587,2024-02-04 10:00:00,2832,Monitor,1,921.19,915.72,5.47,Debit Card
7243,2023-09-18 02:00:00,2651,Laptop,4,828.54,3265.5299999999997,48.63,PayPal
8800,2023-11-21 23:00:00,2825,Monitor,2,1895.28,3776.32,14.24,Cash
6043,2023-07-30 02:00:00,2138,Mouse,1,777.39,687.4399999999999,89.95,nan
10836,2024-02-14 19:00:00,2920,Mouse,1,1434.51,1349.03,85.48,Credit Card
5747,2023-07-17 18:00:00,2060,Headphones,1,1839.69,1743.67,96.02,Debit Card
10839,2024-02-14 22:00:00,2881,Laptop,4,1646.82,6585.96,1.32,PayPal
9638,2023-12-26 21:00:00,2772,Monitor,3,781.5,2278.97,65.53,PayPal
8208,2023-10-28 07:00:00,2582,Monitor,2,1742.15,3460.59,23.71,Debit Card
8364,2023-11-03 19:00:00,2741,Laptop,2,1545.85,3012.93,78.77,PayPal
8050,2023-10-21 17:00:00,2772,Keyboard,1,162.33,129.47000000000003,32.86,Credit Card
3402,2023-04-11 01:00:00,2079,Keyboard,4,657.74,2615.18,15.78,Credit Card
6521,2023-08-19 00:00:00,2938,Laptop,3,1170.82,3464.0,48.46,Cash
2217,2023-02-20 16:00:00,2450,Keyboard,4,1098.91,4350.64,45.0,PayPal
10134,2024-01-16 13:00:00,2837,Laptop,3,1628.96,,90.73,Debit Card
7021,2023-09-08 20:00:00,2744,Tablet,2,856.76,1704.37,9.15,Credit Card
8611,2023-11-14 02:00:00,2899,Headphones,1,1718.45,1649.0,69.45,PayPal
2065,2023-02-14 08:00:00,2405,Monitor,2,338.89,620.54,57.24,Credit Card
4787,2023-06-07 18:00:00,2146,Keyboard,4,287.59,1135.1399999999999,15.22,Cash
5411,2023-07-03 18:00:00,2976,Headphones,4,415.5,1625.8,36.2,Cash
9331,2023-12-14 02:00:00,2535,Headphones,4,1304.28,5153.67,63.45,Debit Card
8496,2023-11-09 07:00:00,2547,Headphones,3,1688.09,5027.99,36.28,Credit Card
6524,2023-08-19 03:00:00,2606,Laptop,1,1205.77,1146.0,59.77,PayPal
6997,2023-09-07 20:00:00,2119,Tablet,2,173.0,268.3,77.7,Cash
10283,2024-01-22 18:00:00,2855,Tablet,3,1198.53,3514.48,81.11,Credit Card
6889,2023-09-03 08:00:00,2383,Headphones,1,1986.9,1909.5600000000002,77.34,Cash
3162,2023-04-01 01:00:00,2547,Laptop,3,1559.53,4602.400000000001,76.19,Debit Card
4009,2023-05-06 08:00:00,2955,Monitor,1,1886.77,1830.18,56.59,Cash
10171,2024-01-18 02:00:00,2288,Keyboard,3,710.1,2073.11,57.19,Debit Card
2106,2023-02-16 01:00:00,2117,Headphones,2,601.29,1175.06,27.52,Cash
10734,2024-02-10 13:00:00,2525,Mouse,4,1530.82,6098.95,24.33,Credit Card
1693,2023-01-29 20:00:00,2652,Headphones,4,1231.48,4866.53,59.39,PayPal
3004,2023-03-25 11:00:00,2250,Headphones,4,,3619.69,11.27,Cash
5957,2023-07-26 12:00:00,2438,Keyboard,1,,1082.1,33.45,Debit Card
8319,2023-11-01 22:00:00,2286,Laptop,3,1348.47,4023.14,22.27,Cash
9899,2024-01-06 18:00:00,2309,Headphones,2,,3832.2000000000003,38.6,Credit Card
5370,2023-07-02 01:00:00,2381,Headphones,2,550.96,1006.74,95.18,PayPal
3766,2023-04-26 05:00:00,2351,Headphones,4,,5095.06,63.74,Cash
4930,2023-06-13 17:00:00,2993,Monitor,1,467.09,385.57,81.52,PayPal
9485,2023-12-20 12:00:00,2761,Mouse,4,254.02,992.21,23.87,Debit Card
10178,2024-01-18 09:00:00,2870,Monitor,3,1878.41,5594.110000000001,41.12,PayPal
7871,2023-10-14 06:00:00,2489,Laptop,4,1201.17,4768.34,36.34,PayPal
8110,2023-10-24 05:00:00,2840,Mouse,2,679.64,1292.18,67.1,Credit Card
1629,2023-01-27 04:00:00,2159,Mouse,4,1924.66,7695.17,3.47,Credit Card
3452,2023-04-13 03:00:00,2518,Monitor,3,1434.3,4224.67,78.23,Debit Card
7921,2023-10-16 08:00:00,2247,Mouse,4,355.38,1367.8799999999999,53.64,Debit Card
8297,2023-11-01 00:00:00,2320,Monitor,2,1146.18,2278.4300000000003,13.93,PayPal
4825,2023-06-09 08:00:00,2185,Monitor,1,314.12,221.62,92.5,Cash
10433,2024-01-29 00:00:00,2917,Laptop,3,1742.72,5150.61,77.55,Credit Card
3653,2023-04-21 12:00:00,2521,Keyboard,2,1284.43,2539.1200000000003,29.74,PayPal
10568,2024-02-03 15:00:00,2801,Tablet,3,795.88,2326.17,61.47,Cash
4744,2023-06-05 23:00:00,2952,Laptop,1,96.54,55.07000000000001,41.47,PayPal
3177,2023-04-01 16:00:00,2659,Mouse,4,1278.02,5054.48,57.6,Credit Card
8017,2023-10-20 08:00:00,2199,Headphones,2,520.38,944.14,96.62,Cash
7690,2023-10-06 17:00:00,2041,Headphones,3,592.48,,82.33,PayPal
10731,2024-02-10 10:00:00,2628,Laptop,2,383.74,719.08,48.4,Credit Card
4319,2023-05-19 06:00:00,2147,Mouse,1,815.92,783.9499999999999,31.97,PayPal
8389,2023-11-04 20:00:00,2252,Laptop,3,273.19,737.6899999999999,81.88,Debit Card
3788,2023-04-27 03:00:00,2611,Mouse,4,961.5,3753.04,92.96,Debit Card
5106,2023-06-21 01:00:00,2360,Headphones,4,916.14,3616.54,48.02,Credit Card
8051,2023-10-21 18:00:00,2689,Keyboard,4,1521.08,6067.25,17.07,Cash
2677,2023-03-11 20:00:00,2962,Monitor,2,148.48,256.51,40.45,Cash
4948,2023-06-14 11:00:00,2651,Keyboard,2,1447.83,2844.8599999999997,50.8,PayPal
5445,2023-07-05 04:00:00,2043,Tablet,4,146.5,508.79,77.21,Cash
3937,2023-05-03 08:00:00,2896,Tablet,3,677.96,2008.71,25.17,Cash
8387,2023-11-04 18:00:00,2279,Headphones,1,216.89,214.39,2.5,PayPal
3838,2023-04-29 05:00:00,2674,Monitor,2,865.31,1723.4299999999998,7.19,PayPal
6723,2023-08-27 10:00:00,2702,Tablet,3,921.77,2731.65,33.66,Cash
10380,2024-01-26 19:00:00,2551,Mouse,3,1876.92,5551.6900000000005,79.07,Debit Card
3504,2023-04-15 07:00:00,2513,Headphones,4,1121.53,4465.08,21.04,Debit Card
9901,2024-01-06 20:00:00,2179,Monitor,4,916.79,3584.31,82.85,PayPal
3370,2023-04-09 17:00:00,2459,Keyboard,3,70.95,171.40000000000003,41.45,PayPal
5968,2023-07-26 23:00:00,2194,Headphones,4,554.95,2136.82,82.98,Debit Card
6884,2023-09-03 03:00:00,2113,Mouse,4,1820.65,7264.76,17.84,Cash
3218,2023-04-03 09:00:00,2099,Monitor,1,916.24,895.01,21.23,PayPal
6848,2023-09-01 15:00:00,2082,Laptop,2,1650.61,3279.3999999999996,21.82,Cash
3219,2023-04-03 10:00:00,2631,Tablet,1,506.44,422.63,83.81,Credit Card
4327,2023-05-19 14:00:00,2067,Keyboard,1,991.46,,62.18,Debit Card
8467,2023-11-08 02:00:00,2518,Tablet,3,1065.55,3176.3199999999997,20.33,PayPal
4584,2023-05-30 07:00:00,2981,Keyboard,1,602.34,570.0,32.34,Cash
5814,2023-07-20 13:00:00,2852,Keyboard,3,1434.35,4224.349999999999,78.7,Credit Card
4620,2023-05-31 19:00:00,2214,Tablet,4,1748.51,6976.71,17.33,PayPal
7218,2023-09-17 01:00:00,2946,Mouse,2,1437.28,2848.43,26.13,Cash
3469,2023-04-13 20:00:00,2607,Tablet,2,733.83,1417.48,50.18,Credit Card
8135,2023-10-25 06:00:00,2127,Mouse,4,614.42,2395.02,62.66,PayPal
4116,2023-05-10 19:00:00,2332,Keyboard,3,749.1,2202.77,44.53,Cash
1086,2023-01-04 13:00:00,2621,Tablet,2,679.83,1274.51,85.15,Credit Card
9887,2024-01-06 06:00:00,2108,Keyboard,2,214.77,359.15000000000003,70.39,Credit Card
6974,2023-09-06 21:00:00,2418,Laptop,4,108.11,426.75,5.69,nan
3802,2023-04-27 17:00:00,2871,Laptop,3,573.8,1697.0099999999998,24.39,PayPal
4672,2023-06-02 23:00:00,2479,Monitor,4,1938.19,7716.91,35.85,Debit Card
4668,2023-06-02 19:00:00,2213,Headphones,2,1080.27,2100.36,60.18,Cash
7754,2023-10-09 09:00:00,2637,Monitor,1,769.49,670.1700000000001,99.32,Debit Card
3674,2023-04-22 09:00:00,2835,Keyboard,1,1783.86,1734.1,49.76,Credit Card
6159,2023-08-03 22:00:00,2769,Keyboard,3,405.1,1149.17,66.13,Credit Card
6726,2023-08-27 13:00:00,2406,Tablet,2,,3203.44,72.88,Cash
5591,2023-07-11 06:00:00,2725,Monitor,2,1124.64,2151.88,97.4,Cash
3020,2023-03-26 03:00:00,2181,Tablet,4,448.53,1773.28,20.84,Credit Card
4424,2023-05-23 15:00:00,2073,Tablet,1,1179.44,1141.94,37.5,PayPal
3526,2023-04-16 05:00:00,2441,Laptop,2,1220.19,2372.9,67.48,Credit Card
6270,2023-08-08 13:00:00,2606,Tablet,2,1551.4,3073.75,29.05,nan
7910,2023-10-15 21:00:00,2383,Keyboard,3,656.04,1956.6,11.52,Debit Card
4213,2023-05-14 20:00:00,2649,Headphones,2,1125.84,2221.85,29.83,Cash
1520,2023-01-22 15:00:00,2392,Tablet,3,1513.32,4500.19,39.77,PayPal
6367,2023-08-12 14:00:00,2191,Monitor,3,626.55,,78.84,PayPal
8498,2023-11-09 09:00:00,2843,Laptop,2,142.99,,2.31,PayPal
7594,2023-10-02 17:00:00,2400,Tablet,1,578.96,536.83,42.13,Cash
3896,2023-05-01 15:00:00,2894,Monitor,1,378.6,287.53000000000003,91.07,Credit Card
1245,2023-01-11 04:00:00,2596,Keyboard,3,,3066.8999999999996,9.75,Credit Card
6931,2023-09-05 02:00:00,2894,Keyboard,4,828.22,3309.53,3.35,Cash
5715,2023-07-16 10:00:00,2926,Headphones,4,1794.23,7166.38,10.54,Debit Card
10675,2024-02-08 02:00:00,2425,Laptop,1,1804.99,1731.38,73.61,Cash
4426,2023-05-23 17:00:00,2193,Laptop,1,405.08,354.01,51.07,Debit Card
8471,2023-11-08 06:00:00,2901,Laptop,4,739.42,2901.25,56.43,PayPal
10301,2024-01-23 12:00:00,2480,Tablet,4,85.34,309.34000000000003,32.02,Debit Card
9440,2023-12-18 15:00:00,2730,Keyboard,1,733.37,721.96,11.41,PayPal
8360,2023-11-03 15:00:00,2564,Laptop,2,1745.62,3415.85,75.39,Credit Card
8174,2023-10-26 21:00:00,2288,Headphones,1,1118.73,1021.21,97.52,nan
9030,2023-12-01 13:00:00,2028,Mouse,2,1125.02,2199.56,50.48,Cash
6510,2023-08-18 13:00:00,2261,Monitor,1,647.67,566.26,81.41,PayPal
7298,2023-09-20 09:00:00,2173,Keyboard,3,1365.07,4068.96,26.25,Cash
3002,2023-03-25 09:00:00,2202,Tablet,4,1332.52,5256.39,73.69,PayPal
1886,2023-02-06 21:00:00,2323,Monitor,2,1306.59,2603.0099999999998,10.17,Credit Card
1870,2023-02-06 05:00:00,2888,Headphones,3,713.89,2052.69,88.98,Debit Card
7455,2023-09-26 22:00:00,2634,Headphones,3,789.39,2325.17,43.0,Credit Card
1305,2023-01-13 16:00:00,2101,Keyboard,3,1493.89,4408.2,73.47,Credit Card
10758,2024-02-11 13:00:00,2094,Keyboard,2,,983.48,34.68,nan
6721,2023-08-27 08:00:00,2534,Keyboard,2,704.77,1309.56,99.98,Debit Card
1357,2023-01-15 20:00:00,2855,Tablet,1,401.17,328.03000000000003,73.14,PayPal
9721,2023-12-30 08:00:00,2981,Tablet,4,233.56,903.52,30.72,PayPal
6452,2023-08-16 03:00:00,2672,Keyboard,1,1476.94,1391.18,85.76,Credit Card
9604,2023-12-25 11:00:00,2231,Tablet,1,252.15,240.69,11.46,PayPal
10811,2024-02-13 18:00:00,2156,Keyboard,4,1838.43,7273.35,80.37,Debit Card
3744,2023-04-25 07:00:00,2268,Keyboard,4,770.12,3024.81,55.67,PayPal
8535,2023-11-10 22:00:00,2954,Monitor,2,1324.07,2565.52,82.62,Debit Card
2276,2023-02-23 03:00:00,2320,Headphones,4,820.26,3237.85,43.19,Credit Card
2891,2023-03-20 18:00:00,2764,Headphones,4,1302.2,5180.2,28.6,Debit Card
10124,2024-01-16 03:00:00,2592,Headphones,4,1345.45,5290.89,90.91,Debit Card
8950,2023-11-28 05:00:00,2652,Tablet,3,159.3,424.14000000000004,53.76,Cash
8287,2023-10-31 14:00:00,2498,Headphones,3,237.06,705.6,5.58,Debit Card
10649,2024-02-07 00:00:00,2930,Monitor,1,1138.25,1046.92,91.33,Cash
4564,2023-05-29 11:00:00,2960,Laptop,4,1450.02,5785.58,14.5,Credit Card
6788,2023-08-30 03:00:00,2330,Keyboard,1,610.68,587.87,22.81,Cash
5959,2023-07-26 14:00:00,2809,Headphones,1,223.74,190.77,32.97,Cash
2547,2023-03-06 10:00:00,2025,Tablet,4,1217.89,4821.1,50.46,Credit Card
7194,2023-09-16 01:00:00,2086,Headphones,3,1443.0,4281.13,47.87,Cash
3381,2023-04-10 04:00:00,2150,Monitor,2,108.17,170.15,46.19,PayPal
7475,2023-09-27 18:00:00,2625,Headphones,4,1598.82,6339.349999999999,55.93,Cash
4824,2023-06-09 07:00:00,2780,Headphones,4,1521.35,6015.08,70.32,Debit Card
4233,2023-05-15 16:00:00,2316,Mouse,4,1236.89,4930.660000000001,16.9,PayPal
10702,2024-02-09 05:00:00,2020,Mouse,4,1110.57,4433.84,8.44,Cash
4307,2023-05-18 18:00:00,2947,Keyboard,4,1127.02,4431.29,76.79,Credit Card
1493,2023-01-21 12:00:00,2231,Monitor,2,434.8,811.37,58.23,Debit Card
4500,2023-05-26 19:00:00,2873,Monitor,3,105.03,259.39000000000004,55.7,Credit Card
5994,2023-07-28 01:00:00,2339,Monitor,1,1939.42,1865.28,74.14,Debit Card
2117,2023-02-16 12:00:00,2863,Mouse,2,1469.51,2926.85,12.17,Debit Card
6638,2023-08-23 21:00:00,2805,Keyboard,2,1599.39,3164.3100000000004,34.47,Cash
10220,2024-01-20 03:00:00,2315,Mouse,1,163.89,98.34999999999998,65.54,PayPal
7147,2023-09-14 02:00:00,2248,Headphones,3,1591.51,4709.41,65.12,Debit Card
5956,2023-07-26 11:00:00,2244,Monitor,4,1573.51,6203.56,90.48,Credit Card
10221,2024-01-20 04:00:00,2330,Laptop,4,1359.61,5396.7699999999995,41.67,PayPal
8437,2023-11-06 20:00:00,2050,Headphones,1,127.64,51.480000000000004,76.16,Credit Card
9639,2023-12-26 22:00:00,2378,Monitor,2,1613.66,3202.2200000000003,25.1,Cash
7858,2023-10-13 17:00:00,2612,Tablet,1,1903.85,1889.3799999999999,14.47,Cash
10045,2024-01-12 20:00:00,2286,Mouse,4,1558.15,6159.56,73.04,Debit Card
7590,2023-10-02 13:00:00,2038,Laptop,4,77.02,281.75,26.33,PayPal
10529,2024-02-02 00:00:00,2440,Keyboard,4,699.47,2734.51,63.37,Cash
4646,2023-06-01 21:00:00,2308,Headphones,2,,959.15,30.71,Debit Card
3501,2023-04-15 04:00:00,2661,Laptop,3,1204.51,3595.6299999999997,17.9,Cash
6678,2023-08-25 13:00:00,2142,Tablet,3,,3427.74,87.0,Cash
9420,2023-12-17 19:00:00,2739,Headphones,2,231.03,381.42,80.64,Cash
6242,2023-08-07 09:00:00,2169,Keyboard,2,184.04,319.46999999999997,48.61,Credit Card
8236,2023-10-29 11:00:00,2265,Tablet,4,540.73,2084.39,78.53,Credit Card
3784,2023-04-26 23:00:00,2487,Laptop,4,230.35,845.6999999999999,75.7,PayPal
7159,2023-09-14 14:00:00,2856,Keyboard,1,207.05,199.12,7.93,Cash
4810,2023-06-08 17:00:00,2042,Headphones,3,1358.22,4017.87,56.79,Cash
8343,2023-11-02 22:00:00,2313,Keyboard,1,495.39,456.69,38.7,nan
10082,2024-01-14 09:00:00,2228,Monitor,1,,549.7900000000001,96.54,Cash
3994,2023-05-05 17:00:00,2950,Laptop,3,1515.68,4546.95,0.09,Cash
2697,2023-03-12 16:00:00,2559,Laptop,3,815.17,2419.9999999999995,25.51,Cash
6686,2023-08-25 21:00:00,2590,Keyboard,2,1345.9,2689.69,2.11,Credit Card
8945,2023-11-28 00:00:00,2970,Laptop,1,216.54,187.1,29.44,Cash
9640,2023-12-26 23:00:00,2154,Headphones,1,1013.77,960.6,53.17,Cash
7505,2023-09-29 00:00:00,2201,Tablet,2,714.49,1373.98,55.0,Cash
6940,2023-09-05 11:00:00,2068,Monitor,3,324.26,960.6,12.18,Debit Card
3053,2023-03-27 12:00:00,2975,Tablet,1,359.91,312.3,47.61,Credit Card
2777,2023-03-16 00:00:00,2997,Mouse,4,1404.95,5537.27,82.53,Credit Card
8279,2023-10-31 06:00:00,2857,Laptop,2,1485.38,2890.01,80.75,Credit Card
4314,2023-05-19 01:00:00,2304,Mouse,2,324.58,626.35,22.81,Debit Card
5782,2023-07-19 05:00:00,2787,Keyboard,2,1566.56,3132.2799999999997,0.84,Debit Card
7633,2023-10-04 08:00:00,2632,Monitor,2,931.19,1858.72,3.66,PayPal
9883,2024-01-06 02:00:00,2905,Laptop,1,1907.43,1817.3000000000002,90.13,Debit Card
8517,2023-11-10 04:00:00,2960,Headphones,1,571.97,545.9300000000001,26.04,Debit Card
2593,2023-03-08 08:00:00,2383,Laptop,1,246.56,204.69,41.87,Cash
2724,2023-03-13 19:00:00,2424,Laptop,3,989.07,2922.41,44.8,Credit Card
1216,2023-01-09 23:00:00,2138,Mouse,1,1941.92,1871.92,70.0,PayPal
8161,2023-10-26 08:00:00,2926,Monitor,3,584.97,1680.17,74.74,PayPal
7708,2023-10-07 11:00:00,2870,Headphones,2,822.38,1622.17,22.59,Debit Card
10539,2024-02-02 10:00:00,2803,Laptop,1,175.01,105.94999999999999,69.06,PayPal
1491,2023-01-21 10:00:00,2653,Headphones,3,1373.96,,57.65,Cash
10597,2024-02-04 20:00:00,2046,Headphones,4,727.89,2839.7,71.86,Debit Card
4484,2023-05-26 03:00:00,2561,Mouse,3,1818.81,5422.46,33.97,Cash
6103,2023-08-01 14:00:00,2579,Keyboard,1,,753.8,11.71,PayPal
6188,2023-08-05 03:00:00,2991,Monitor,2,381.36,742.23,20.49,Debit Card
4432,2023-05-23 23:00:00,2094,Monitor,1,379.81,339.07,40.74,Debit Card
7600,2023-10-02 23:00:00,2006,Tablet,3,1132.37,3388.74,8.37,PayPal
7984,2023-10-18 23:00:00,2350,Headphones,2,692.7,1346.01,39.39,Credit Card
1461,2023-01-20 04:00:00,2955,Headphones,1,1056.05,1015.56,40.49,Debit Card
7411,2023-09-25 02:00:00,2017,Laptop,1,442.02,422.33,19.69,Cash
7651,2023-10-05 02:00:00,2289,Tablet,3,803.44,2320.2200000000003,90.1,Cash
6514,2023-08-18 17:00:00,2696,Mouse,4,1735.03,6929.9,10.22,Credit Card
1026,2023-01-02 01:00:00,2797,Headphones,2,799.67,,33.29,Debit Card
4513,2023-05-27 08:00:00,2726,Laptop,1,1001.25,989.43,11.82,Credit Card
3410,2023-04-11 09:00:00,2800,Keyboard,4,484.46,1915.3,22.54,PayPal
4271,2023-05-17 06:00:00,2796,Keyboard,2,936.76,1845.57,27.95,Cash
6210,2023-08-06 01:00:00,2075,Mouse,3,746.71,2190.35,49.78,Cash
10151,2024-01-17 06:00:00,2771,Laptop,2,1370.9,2716.2000000000003,25.6,PayPal
2553,2023-03-06 16:00:00,2118,Monitor,3,880.28,2584.56,56.28,PayPal
10665,2024-02-07 16:00:00,2228,Mouse,4,1049.19,4133.41,63.35,Debit Card
10055,2024-01-13 06:00:00,2462,Headphones,4,1420.27,5638.2699999999995,42.81,Cash
8754,2023-11-20 01:00:00,2689,Monitor,3,1104.49,3216.8,96.67,Credit Card
4872,2023-06-11 07:00:00,2580,Monitor,3,431.42,1226.49,67.77,Cash
4403,2023-05-22 18:00:00,2126,Monitor,4,1924.28,7634.98,62.14,PayPal
5530,2023-07-08 17:00:00,2091,Mouse,1,1542.59,1446.36,96.23,Credit Card
1980,2023-02-10 19:00:00,2933,Monitor,2,175.92,272.17999999999995,79.66,Cash
3656,2023-04-21 15:00:00,2091,Laptop,1,711.13,668.91,42.22,PayPal
2848,2023-03-18 23:00:00,2843,Mouse,3,941.29,2745.7799999999997,78.09,PayPal
9487,2023-12-20 14:00:00,2217,Keyboard,3,430.01,1251.57,38.46,PayPal
9654,2023-12-27 13:00:00,2417,Monitor,3,598.56,1762.7499999999998,32.93,Debit Card
8912,2023-11-26 15:00:00,2802,Laptop,4,1815.15,7245.13,15.47,Cash
9082,2023-12-03 17:00:00,2617,Laptop,3,1622.72,4781.599999999999,86.56,PayPal
6722,2023-08-27 09:00:00,2839,Monitor,3,419.2,1171.37,86.23,Debit Card
1516,2023-01-22 11:00:00,2532,Laptop,3,727.34,2122.93,59.09,PayPal
8978,2023-11-29 09:00:00,2622,Tablet,1,612.02,553.78,58.24,PayPal
1511,2023-01-22 06:00:00,2607,Tablet,4,1930.67,7667.740000000001,54.94,Credit Card
9976,2024-01-09 23:00:00,2604,Keyboard,2,709.82,1346.48,73.16,Debit Card
2103,2023-02-15 22:00:00,2163,Monitor,2,1826.46,3597.8,55.12,Credit Card
4277,2023-05-17 12:00:00,2456,Laptop,4,183.75,641.31,93.69,Credit Card
8181,2023-10-27 04:00:00,2991,Monitor,2,1188.82,2353.7999999999997,23.84,Debit Card
8989,2023-11-29 20:00:00,2883,Keyboard,1,1277.34,1221.05,56.29,Credit Card
9182,2023-12-07 21:00:00,2852,Monitor,3,211.31,538.0,95.93,Credit Card
10535,2024-02-02 06:00:00,2331,Mouse,4,293.01,1141.59,30.45,Cash
9753,2023-12-31 16:00:00,2509,Laptop,2,939.4,1821.26,57.54,Credit Card
4997,2023-06-16 12:00:00,2345,Monitor,4,1972.94,7885.91,5.85,PayPal
1195,2023-01-09 02:00:00,2252,Laptop,2,1124.46,2213.19,35.73,Debit Card
5712,2023-07-16 07:00:00,2039,Laptop,1,25.56,0.21999999999999886,25.34,PayPal
1644,2023-01-27 19:00:00,2904,Laptop,2,740.67,1435.99,45.35,Credit Card
9806,2024-01-02 21:00:00,2845,Laptop,1,1704.81,1621.8899999999999,82.92,Cash
4286,2023-05-17 21:00:00,2594,Tablet,2,1272.52,2520.0,25.04,Cash
4117,2023-05-10 20:00:00,2445,Tablet,4,994.6,3897.6600000000003,80.74,Credit Card
8188,2023-10-27 11:00:00,2460,Mouse,4,1160.3,4583.3,57.9,PayPal
4576,2023-05-29 23:00:00,2133,Headphones,3,329.5,976.89,11.61,Cash
7873,2023-10-14 08:00:00,2774,Tablet,1,1404.44,1380.31,24.13,PayPal
10480,2024-01-30 23:00:00,2466,Headphones,2,1038.58,1995.7199999999998,81.44,PayPal
5321,2023-06-30 00:00:00,2349,Tablet,2,318.3,621.5,15.1,PayPal
8170,2023-10-26 17:00:00,2707,Keyboard,1,683.21,649.6,33.61,Debit Card
9265,2023-12-11 08:00:00,2210,Monitor,1,528.07,474.6700000000001,53.4,Cash
3208,2023-04-02 23:00:00,2767,Tablet,3,1277.93,3761.54,72.25,Credit Card
5553,2023-07-09 16:00:00,2737,Tablet,3,974.18,2839.34,83.2,Credit Card
9102,2023-12-04 13:00:00,2153,Laptop,1,812.36,716.74,95.62,PayPal
10296,2024-01-23 07:00:00,2246,Laptop,2,1610.84,3163.1,58.58,PayPal
4719,2023-06-04 22:00:00,2001,Headphones,4,1419.53,5609.54,68.58,Cash
1973,2023-02-10 12:00:00,2267,Monitor,1,,-40.760000000000005,82.65,Credit Card
5580,2023-07-10 19:00:00,2828,Keyboard,3,1575.37,4633.58,92.53,Cash
7517,2023-09-29 12:00:00,2835,Laptop,3,1144.62,3360.66,73.2,Cash
7699,2023-10-07 02:00:00,2655,Keyboard,1,347.21,283.60999999999996,63.6,Cash
1720,2023-01-30 23:00:00,2685,Keyboard,1,1251.11,1182.7099999999998,68.4,Credit Card
8232,2023-10-29 07:00:00,2445,Mouse,4,1765.68,,78.79,PayPal
7156,2023-09-14 11:00:00,2181,Tablet,3,1839.27,5426.32,91.49,PayPal
10905,2024-02-17 16:00:00,2472,Mouse,1,378.82,377.06,1.76,PayPal
4897,2023-06-12 08:00:00,2834,Tablet,3,1389.92,4075.7400000000002,94.02,PayPal
3804,2023-04-27 19:00:00,2953,Laptop,3,942.39,2751.84,75.33,Cash
3567,2023-04-17 22:00:00,2639,Headphones,1,1201.31,1148.61,52.7,Credit Card
5026,2023-06-17 17:00:00,2954,Tablet,3,443.32,1254.88,75.08,Credit Card
7199,2023-09-16 06:00:00,2870,Tablet,2,1805.7,3565.27,46.13,Cash
1033,2023-01-02 08:00:00,2476,Headphones,4,140.17,490.65,70.03,Debit Card
9723,2023-12-30 10:00:00,2605,Laptop,2,1340.24,2618.91,61.57,Credit Card
10281,2024-01-22 16:00:00,2407,Keyboard,4,1715.99,6774.51,89.45,PayPal
10412,2024-01-28 03:00:00,2750,Keyboard,4,1626.27,6479.99,25.09,Credit Card
5064,2023-06-19 07:00:00,2242,Laptop,2,426.33,778.9499999999999,73.71,Debit Card
10402,2024-01-27 17:00:00,2409,Mouse,4,,3274.4399999999996,45.76,Cash
6541,2023-08-19 20:00:00,2792,Keyboard,3,1783.79,5255.96,95.41,Cash
2698,2023-03-12 17:00:00,2965,Monitor,3,302.31,886.4000000000001,20.53,PayPal
3793,2023-04-27 08:00:00,2196,Keyboard,4,659.89,2613.0499999999997,26.51,Debit Card
3223,2023-04-03 14:00:00,2636,Headphones,1,1354.88,1311.5400000000002,43.34,nan
6819,2023-08-31 10:00:00,2329,Mouse,3,517.15,1458.2399999999998,93.21,Credit Card
5748,2023-07-17 19:00:00,2164,Laptop,3,1799.85,5348.5199999999995,51.03,Cash
4765,2023-06-06 20:00:00,2475,Mouse,2,1152.91,2280.4,25.42,PayPal
4867,2023-06-11 02:00:00,2262,Mouse,2,1458.31,2827.3199999999997,89.3,PayPal
9586,2023-12-24 17:00:00,2170,Mouse,2,1821.74,3593.55,49.93,Cash
10098,2024-01-15 01:00:00,2608,Headphones,2,820.43,1634.78,6.08,Debit Card
10392,2024-01-27 07:00:00,2316,Keyboard,3,301.36,860.1700000000001,43.91,PayPal
8399,2023-11-05 06:00:00,2142,Monitor,2,1193.96,2362.7000000000003,25.22,Cash
9553,2023-12-23 08:00:00,2651,Laptop,4,1356.18,5398.91,25.81,nan
4759,2023-06-06 14:00:00,2317,Keyboard,1,,1092.01,18.67,Credit Card
3832,2023-04-28 23:00:00,2648,Laptop,2,795.49,1507.1,83.88,PayPal
4228,2023-05-15 11:00:00,2021,Mouse,4,1601.22,6326.5,78.38,Credit Card
5215,2023-06-25 14:00:00,2069,Laptop,4,865.3,3370.9199999999996,90.28,PayPal
4924,2023-06-13 11:00:00,2104,Mouse,3,1286.89,3852.4300000000003,8.24,Cash
4905,2023-06-12 16:00:00,2093,Mouse,1,1741.61,1650.6799999999998,90.93,Credit Card
3278,2023-04-05 21:00:00,2448,Headphones,1,897.46,865.74,31.72,Credit Card
4571,2023-05-29 18:00:00,2103,Laptop,3,729.99,2116.9700000000003,73.0,Cash
2402,2023-02-28 09:00:00,2236,Laptop,2,1680.58,3330.48,30.68,Debit Card
1740,2023-01-31 19:00:00,2578,Headphones,4,757.33,2947.77,81.55,Debit Card
7553,2023-10-01 00:00:00,2331,Keyboard,1,1503.82,1461.58,42.24,Cash
5267,2023-06-27 18:00:00,2696,Mouse,2,1643.24,3252.42,34.06,Credit Card
6538,2023-08-19 17:00:00,2849,Laptop,4,363.95,1451.02,4.78,PayPal
9143,2023-12-06 06:00:00,2729,Tablet,2,1562.36,3034.0099999999998,90.71,Cash
4254,2023-05-16 13:00:00,2072,Laptop,1,687.48,636.04,51.44,PayPal
4852,2023-06-10 11:00:00,2353,Tablet,3,698.38,2063.2799999999997,31.86,Cash
10579,2024-02-04 02:00:00,2683,Mouse,1,737.42,642.3199999999999,95.1,Cash
3662,2023-04-21 21:00:00,2800,Tablet,2,865.9,1702.1,29.7,Cash
8221,2023-10-28 20:00:00,2101,Mouse,2,1629.87,3183.75,75.99,Credit Card
8589,2023-11-13 04:00:00,2818,Tablet,4,238.56,877.78,76.46,Debit Card
1675,2023-01-29 02:00:00,2797,Tablet,1,651.09,570.25,80.84,Debit Card
6101,2023-08-01 12:00:00,2005,Laptop,1,556.0,469.3,86.7,Credit Card
8012,2023-10-20 03:00:00,2474,Mouse,3,522.35,1540.9600000000003,26.09,Credit Card
8056,2023-10-21 23:00:00,2336,Headphones,1,,615.48,71.46,Credit Card
4842,2023-06-10 01:00:00,2024,Mouse,4,1207.07,4770.03,58.25,Credit Card
2816,2023-03-17 15:00:00,2890,Tablet,1,,278.62,37.91,Cash
9751,2023-12-31 14:00:00,2423,Laptop,4,,6591.46,67.46,PayPal
2651,2023-03-10 18:00:00,2825,Monitor,4,1952.49,7723.42,86.54,Credit Card
10669,2024-02-07 20:00:00,2213,Headphones,1,432.7,387.21999999999997,45.48,Credit Card
5654,2023-07-13 21:00:00,2578,Monitor,1,1163.65,1107.3200000000002,56.33,Debit Card
9098,2023-12-04 09:00:00,2246,Mouse,1,1267.67,1267.3600000000001,0.31,Cash
3101,2023-03-29 12:00:00,2379,Headphones,3,1292.43,3783.15,94.14,Cash
6164,2023-08-04 03:00:00,2571,Keyboard,2,1453.46,2823.76,83.16,PayPal
7709,2023-10-07 12:00:00,2134,Laptop,4,269.26,1024.1299999999999,52.91,Debit Card
2674,2023-03-11 17:00:00,2681,Monitor,3,1634.61,4832.24,71.59,Cash
3102,2023-03-29 13:00:00,2641,Monitor,1,1093.35,1071.9299999999998,21.42,PayPal
5214,2023-06-25 13:00:00,2617,Monitor,2,465.85,869.1400000000001,62.56,Debit Card
8708,2023-11-18 03:00:00,2967,Keyboard,2,220.74,,45.56,PayPal
2549,2023-03-06 12:00:00,2497,Laptop,4,1453.65,5798.67,15.93,Credit Card
8922,2023-11-27 01:00:00,2957,Laptop,3,1553.43,4647.15,13.14,Debit Card
8104,2023-10-23 23:00:00,2707,Tablet,4,495.91,1981.4,2.24,PayPal
4324,2023-05-19 11:00:00,2577,Tablet,2,1390.04,2746.44,33.64,Credit Card
9345,2023-12-14 16:00:00,2316,Tablet,1,,141.78,10.78,Cash
1356,2023-01-15 19:00:00,2359,Keyboard,2,1926.85,3834.98,18.72,Credit Card
6185,2023-08-05 00:00:00,2557,Keyboard,2,479.1,955.35,2.85,Credit Card
2462,2023-03-02 21:00:00,2612,Laptop,3,937.1,2786.3700000000003,24.93,Cash
9541,2023-12-22 20:00:00,2883,Mouse,2,1763.54,3488.43,38.65,nan
7632,2023-10-04 07:00:00,2927,Headphones,1,1919.12,1864.61,54.51,Cash
10857,2024-02-15 16:00:00,2005,Keyboard,4,743.97,2896.23,79.65,Credit Card
4221,2023-05-15 04:00:00,2243,Tablet,2,1115.85,2173.0099999999998,58.69,Debit Card
1940,2023-02-09 03:00:00,2958,Tablet,1,162.98,142.22,20.76,Debit Card
10624,2024-02-05 23:00:00,2422,Keyboard,3,808.18,2370.74,53.8,Credit Card
6148,2023-08-03 11:00:00,2843,Keyboard,4,1496.96,5963.2300000000005,24.61,Cash
7418,2023-09-25 09:00:00,2918,Headphones,3,1964.92,5803.49,91.27,Cash
6924,2023-09-04 19:00:00,2500,Mouse,3,1906.16,5672.13,46.35,PayPal
9439,2023-12-18 14:00:00,2808,Tablet,4,842.82,3318.9700000000003,52.31,PayPal
2752,2023-03-14 23:00:00,2523,Mouse,4,771.16,3049.0499999999997,35.59,PayPal
4977,2023-06-15 16:00:00,2505,Keyboard,1,363.67,270.37,93.3,Debit Card
9299,2023-12-12 18:00:00,2473,Keyboard,2,1868.7,3698.08,39.32,PayPal
2773,2023-03-15 20:00:00,2908,Monitor,4,1611.02,6442.01,2.07,Cash
2197,2023-02-19 20:00:00,2080,Keyboard,1,485.38,450.02,35.36,Cash
2879,2023-03-20 06:00:00,2888,Keyboard,3,476.64,1393.75,36.17,Debit Card
3669,2023-04-22 04:00:00,2953,Tablet,3,564.89,1607.73,86.94,PayPal
4172,2023-05-13 03:00:00,2662,Laptop,1,1844.46,1793.49,50.97,Credit Card
3017,2023-03-26 00:00:00,2108,Keyboard,4,426.21,1651.6899999999998,53.15,Debit Card
3006,2023-03-25 13:00:00,2074,Keyboard,3,494.05,1466.69,15.46,Credit Card
9686,2023-12-28 21:00:00,2512,Headphones,2,1832.56,3633.8399999999997,31.28,Debit Card
4894,2023-06-12 05:00:00,2036,Headphones,2,1841.37,3608.08,74.66,Debit Card
9922,2024-01-07 17:00:00,2372,Mouse,2,1150.76,2261.06,40.46,Cash
4238,2023-05-15 21:00:00,2126,Headphones,2,638.54,1227.24,49.84,Credit Card
5425,2023-07-04 08:00:00,2312,Monitor,4,1123.39,4465.64,27.92,PayPal
5745,2023-07-17 16:00:00,2925,Monitor,4,1382.08,5500.139999999999,28.18,Debit Card
10605,2024-02-05 04:00:00,2517,Keyboard,2,1868.35,3682.04,54.66,Debit Card
3079,2023-03-28 14:00:00,2222,Headphones,3,675.67,1966.0599999999997,60.95,Debit Card
6220,2023-08-06 11:00:00,2088,Mouse,2,879.51,1756.5,2.52,Credit Card
1397,2023-01-17 12:00:00,2648,Mouse,3,729.05,2167.6199999999994,19.53,Debit Card
3789,2023-04-27 04:00:00,2082,Headphones,4,541.78,2155.27,11.85,Credit Card
10128,2024-01-16 07:00:00,2456,Headphones,2,1743.84,3447.1,40.58,Debit Card
8223,2023-10-28 22:00:00,2964,Monitor,2,1393.4,2754.9,31.9,Cash
5073,2023-06-19 16:00:00,2359,Mouse,2,1726.82,3449.7999999999997,3.84,Cash
6575,2023-08-21 06:00:00,2963,Laptop,2,1893.18,3705.05,81.31,Cash
9785,2024-01-02 00:00:00,2994,Headphones,1,667.56,609.05,58.51,Debit Card
10985,2024-02-21 00:00:00,2716,Tablet,4,133.9,530.83,4.77,Credit Card
6356,2023-08-12 03:00:00,2173,Mouse,2,935.52,1869.06,1.98,PayPal
9009,2023-11-30 16:00:00,2844,Monitor,4,,3436.7799999999997,27.42,PayPal
7094,2023-09-11 21:00:00,2677,Monitor,3,997.73,2945.98,47.21,Cash
8559,2023-11-11 22:00:00,2414,Mouse,3,1521.07,4492.72,70.49,Debit Card
2520,2023-03-05 07:00:00,2737,Monitor,3,1717.94,5143.929999999999,9.89,PayPal
9607,2023-12-25 14:00:00,2286,Headphones,2,727.89,1365.04,90.74,Credit Card
2379,2023-02-27 10:00:00,2256,Mouse,2,710.65,1355.34,65.96,Credit Card
6673,2023-08-25 08:00:00,2080,Mouse,4,118.87,457.79,17.69,Credit Card
2024,2023-02-12 15:00:00,2270,Monitor,3,1280.52,3760.37,81.19,PayPal
3588,2023-04-18 19:00:00,2496,Keyboard,4,29.28,32.040000000000006,85.08,Cash
9937,2024-01-08 08:00:00,2965,Tablet,4,927.67,3612.7799999999997,97.9,PayPal
8798,2023-11-21 21:00:00,2120,Mouse,1,,296.21,98.75,Credit Card
6622,2023-08-23 05:00:00,2790,Monitor,1,611.95,525.4200000000001,86.53,Credit Card
9851,2024-01-04 18:00:00,2711,Laptop,3,1282.47,3784.69,62.72,Credit Card
6009,2023-07-28 16:00:00,2533,Mouse,1,678.39,594.8199999999999,83.57,Debit Card
3858,2023-04-30 01:00:00,2445,Headphones,2,,1932.0600000000002,21.1,Debit Card
9668,2023-12-28 03:00:00,2868,Monitor,3,811.47,2388.8399999999997,45.57,Debit Card
6772,2023-08-29 11:00:00,2677,Headphones,3,1519.64,4513.88,45.04,Debit Card
6843,2023-09-01 10:00:00,2101,Keyboard,4,1820.99,7196.97,86.99,Debit Card
8923,2023-11-27 02:00:00,2556,Keyboard,1,159.96,130.45000000000002,29.51,PayPal
6833,2023-09-01 00:00:00,2963,Mouse,1,611.56,563.9799999999999,47.58,Credit Card
2630,2023-03-09 21:00:00,2773,Keyboard,3,1458.45,4279.070000000001,96.28,Cash
5889,2023-07-23 16:00:00,2033,Laptop,2,1149.46,2255.16,43.76,Credit Card
5527,2023-07-08 14:00:00,2251,Headphones,2,525.64,1021.28,30.0,Cash
4524,2023-05-27 19:00:00,2994,Mouse,4,292.78,1117.83,53.29,Credit Card
6905,2023-09-04 00:00:00,2513,Mouse,2,380.69,729.12,32.26,Cash
1523,2023-01-22 18:00:00,2305,Mouse,3,200.21,,33.96,Debit Card
4608,2023-05-31 07:00:00,2540,Keyboard,3,677.46,1957.9,74.48,Credit Card
10892,2024-02-17 03:00:00,2824,Laptop,1,205.97,114.45,91.52,Cash
6221,2023-08-06 12:00:00,2506,Keyboard,4,1874.31,7446.65,50.59,Credit Card
1235,2023-01-10 18:00:00,2278,Monitor,3,1965.12,5851.179999999999,44.18,PayPal
4989,2023-06-16 04:00:00,2417,Monitor,4,1917.76,7626.65,44.39,Credit Card
4797,2023-06-08 04:00:00,2690,Keyboard,3,59.63,160.53000000000003,18.36,Cash
5119,2023-06-21 14:00:00,2813,Mouse,3,1231.8,3693.45,1.95,Credit Card
7319,2023-09-21 06:00:00,2371,Keyboard,1,1301.44,1208.17,93.27,Debit Card
6002,2023-07-28 09:00:00,2254,Monitor,1,1656.84,1629.29,27.55,Debit Card
8095,2023-10-23 14:00:00,2081,Mouse,3,1946.63,5742.67,97.22,Credit Card
7776,2023-10-10 07:00:00,2156,Headphones,3,1441.67,4248.51,76.5,Cash
4801,2023-06-08 08:00:00,2191,Tablet,1,549.38,529.93,19.45,PayPal
9278,2023-12-11 21:00:00,2522,Laptop,3,1549.2,4625.610000000001,21.99,Debit Card
4900,2023-06-12 11:00:00,2245,Keyboard,3,1045.62,3118.4399999999996,18.42,Cash
6025,2023-07-29 08:00:00,2995,Tablet,3,1865.79,5594.39,2.98,PayPal
2949,2023-03-23 04:00:00,2069,Keyboard,4,1301.6,5187.74,18.66,PayPal
7362,2023-09-23 01:00:00,2227,Laptop,4,419.46,,25.28,PayPal
1471,2023-01-20 14:00:00,2190,Keyboard,3,297.85,872.5100000000001,21.04,Credit Card
3449,2023-04-13 00:00:00,2560,Laptop,2,793.34,1525.55,61.13,Cash
4493,2023-05-26 12:00:00,2760,Monitor,3,1498.27,4412.459999999999,82.35,PayPal
7835,2023-10-12 18:00:00,2192,Laptop,3,1515.46,4500.72,45.66,Cash
7092,2023-09-11 19:00:00,2283,Keyboard,2,117.81,166.68,68.94,Cash
3672,2023-04-22 07:00:00,2122,Mouse,1,1557.96,1537.71,20.25,nan
8170,2023-10-26 17:00:00,2707,Keyboard,1,683.21,649.6,33.61,Debit Card
3225,2023-04-03 16:00:00,2955,Keyboard,2,,5.460000000000001,60.6,Debit Card
2107,2023-02-16 02:00:00,2406,Monitor,4,1326.12,5257.28,47.2,Cash
3189,2023-04-02 04:00:00,2313,Monitor,1,1742.3,1700.94,41.36,Credit Card
1819,2023-02-04 02:00:00,2102,Headphones,1,,1505.8,69.75,Debit Card
8055,2023-10-21 22:00:00,2864,Keyboard,4,1556.34,6181.389999999999,43.97,PayPal
7756,2023-10-09 11:00:00,2183,Tablet,2,1706.44,3349.4900000000002,63.39,Credit Card
6572,2023-08-21 03:00:00,2748,Keyboard,4,972.88,3821.19,70.33,PayPal
5524,2023-07-08 11:00:00,2932,Tablet,1,1444.41,1440.5400000000002,3.87,Debit Card
6794,2023-08-30 09:00:00,2036,Tablet,3,1305.68,3831.4,85.64,PayPal
10853,2024-02-15 12:00:00,2031,Headphones,3,,5703.380000000001,43.57,PayPal
10227,2024-01-20 10:00:00,2919,Tablet,2,25.68,24.36,27.0,Cash
6739,2023-08-28 02:00:00,2522,Keyboard,4,976.24,3810.87,94.09,PayPal
3625,2023-04-20 08:00:00,2585,Laptop,1,1249.58,1149.59,99.99,Credit Card
8855,2023-11-24 06:00:00,2715,Monitor,4,1617.88,6389.25,82.27,PayPal
10864,2024-02-15 23:00:00,2508,Laptop,3,368.41,1086.84,18.39,PayPal
5368,2023-07-01 23:00:00,2609,Mouse,3,1369.93,4107.23,2.56,Cash
10582,2024-02-04 05:00:00,2827,Keyboard,2,165.59,260.75,70.43,Cash
1889,2023-02-07 00:00:00,2912,Monitor,1,1119.38,1092.63,26.75,Debit Card
9540,2023-12-22 19:00:00,2099,Laptop,3,1715.2,5080.8,64.8,Cash
8500,2023-11-09 11:00:00,2564,Headphones,4,826.63,3266.1,40.42,Credit Card
3438,2023-04-12 13:00:00,2607,Monitor,2,356.61,692.9100000000001,20.31,PayPal
7057,2023-09-10 08:00:00,2597,Tablet,2,1354.58,2615.41,93.75,Credit Card
8824,2023-11-22 23:00:00,2631,Laptop,3,521.08,1514.7500000000002,48.49,Debit Card
1818,2023-02-04 01:00:00,2678,Keyboard,2,1074.96,2068.46,81.46,Cash
10388,2024-01-27 03:00:00,2499,Keyboard,1,158.76,114.73999999999998,44.02,Debit Card
4415,2023-05-23 06:00:00,2802,Headphones,3,103.03,251.48000000000002,57.61,PayPal
7353,2023-09-22 16:00:00,2210,Laptop,1,1779.07,1743.04,36.03,Debit Card
3342,2023-04-08 13:00:00,2192,Mouse,3,910.59,2691.87,39.9,Credit Card
10487,2024-01-31 06:00:00,2867,Keyboard,3,874.07,2587.57,34.64,Credit Card
4168,2023-05-12 23:00:00,2119,Tablet,4,1233.67,4837.3,97.38,Credit Card
2810,2023-03-17 09:00:00,2779,Monitor,3,,5020.079999999999,5.97,Credit Card
10399,2024-01-27 14:00:00,2124,Tablet,3,1265.7,3736.6200000000003,60.48,PayPal
2265,2023-02-22 16:00:00,2131,Tablet,3,975.0,2846.2,78.8,Cash
6087,2023-07-31 22:00:00,2653,Headphones,2,1695.63,3372.23,19.03,PayPal
9225,2023-12-09 16:00:00,2428,Monitor,3,1339.17,4009.9500000000003,7.56,PayPal
6836,2023-09-01 03:00:00,2047,Laptop,1,60.55,22.809999999999995,37.74,nan
8017,2023-10-20 08:00:00,2199,Headphones,2,520.38,944.14,96.62,Cash
6195,2023-08-05 10:00:00,2402,Tablet,2,1040.56,1992.8799999999999,88.24,Debit Card
5450,2023-07-05 09:00:00,2019,Tablet,1,581.8,580.01,1.79,Cash
5946,2023-07-26 01:00:00,2802,Mouse,4,1535.17,6117.070000000001,23.61,Debit Card
5046,2023-06-18 13:00:00,2807,Headphones,1,1429.23,1405.48,23.75,Debit Card
8220,2023-10-28 19:00:00,2858,Keyboard,1,1342.09,1334.8899999999999,7.2,PayPal
4703,2023-06-04 06:00:00,2004,Tablet,2,1489.74,2967.03,12.45,Cash
2036,2023-02-13 03:00:00,2704,Tablet,2,1191.66,2301.9500000000003,81.37,Debit Card
10724,2024-02-10 03:00:00,2129,Tablet,1,561.84,532.89,28.95,Cash
7920,2023-10-16 07:00:00,2264,Tablet,2,1517.02,2947.5099999999998,86.53,Debit Card
6591,2023-08-21 22:00:00,2856,Mouse,1,1859.43,1765.99,93.44,Cash
2229,2023-02-21 04:00:00,2974,Laptop,2,937.86,1836.42,39.3,Debit Card
9052,2023-12-02 11:00:00,2845,Headphones,4,1851.2,7329.41,75.39,Credit Card
8255,2023-10-30 06:00:00,2279,Headphones,1,254.53,163.78,90.75,Debit Card
9012,2023-11-30 19:00:00,2904,Headphones,3,865.78,2596.88,0.46,Debit Card
6142,2023-08-03 05:00:00,2833,Tablet,3,764.95,2283.6700000000005,11.18,Debit Card
8541,2023-11-11 04:00:00,2915,Laptop,1,1383.56,1381.59,1.97,Debit Card
7552,2023-09-30 23:00:00,2168,Headphones,2,1824.05,3622.77,25.33,Debit Card
1053,2023-01-03 04:00:00,2802,Monitor,4,394.37,1497.52,79.96,Cash
9114,2023-12-05 01:00:00,2321,Keyboard,1,462.92,375.87,87.05,Credit Card
7556,2023-10-01 03:00:00,2231,Tablet,1,1217.79,1164.6,53.19,Debit Card
8182,2023-10-27 05:00:00,2862,Headphones,4,759.19,2990.09,46.67,Credit Card
9812,2024-01-03 03:00:00,2329,Tablet,4,1310.7,5167.18,75.62,Debit Card
1160,2023-01-07 15:00:00,2618,Headphones,3,778.45,2316.5800000000004,18.77,Credit Card
9279,2023-12-11 22:00:00,2264,Laptop,2,1079.68,2082.98,76.38,Credit Card
2588,2023-03-08 03:00:00,2088,Tablet,2,1207.61,2396.3199999999997,18.9,Credit Card
2590,2023-03-08 05:00:00,2574,Headphones,3,1667.77,4969.969999999999,33.34,Credit Card
3030,2023-03-26 13:00:00,2569,Tablet,2,806.41,1530.9499999999998,81.87,Debit Card
9445,2023-12-18 20:00:00,2763,Monitor,1,733.52,700.55,32.97,Debit Card
10800,2024-02-13 07:00:00,2399,Tablet,1,759.38,731.48,27.9,Credit Card
7688,2023-10-06 15:00:00,2467,Tablet,3,1722.6,5085.029999999999,82.77,Debit Card
10812,2024-02-13 19:00:00,2692,Laptop,2,1070.25,2089.92,50.58,Debit Card
8679,2023-11-16 22:00:00,2800,Mouse,4,682.01,2700.42,27.62,Credit Card
8317,2023-11-01 20:00:00,2014,Headphones,4,21.9,15.739999999999995,71.86,Debit Card
7175,2023-09-15 06:00:00,2744,Keyboard,1,308.99,234.06,74.93,Cash
9438,2023-12-18 13:00:00,2640,Headphones,4,1387.41,,33.32,PayPal
10343,2024-01-25 06:00:00,2897,Mouse,4,630.73,2506.26,16.66,Credit Card
4859,2023-06-10 18:00:00,2167,Mouse,1,1184.92,1110.0600000000002,74.86,Debit Card
9482,2023-12-20 09:00:00,2133,Laptop,3,1152.45,3401.9500000000003,55.4,Debit Card
10918,2024-02-18 05:00:00,2620,Mouse,2,1311.35,2523.85,98.85,Debit Card
3829,2023-04-28 20:00:00,2861,Tablet,4,1620.69,6452.1,30.66,PayPal
1437,2023-01-19 04:00:00,2075,Monitor,3,39.06,91.11000000000001,26.07,Debit Card
6790,2023-08-30 05:00:00,2753,Tablet,2,1293.33,2532.58,54.08,PayPal
10939,2024-02-19 02:00:00,2794,Headphones,3,1598.49,4727.42,68.05,PayPal
9591,2023-12-24 22:00:00,2569,Laptop,4,1602.75,6393.07,17.93,Credit Card
4879,2023-06-11 14:00:00,2886,Monitor,4,1193.74,4679.7300000000005,95.23,PayPal
2589,2023-03-08 04:00:00,2908,Monitor,1,651.46,639.88,11.58,Cash
3781,2023-04-26 20:00:00,2263,Tablet,1,1595.98,1562.26,33.72,Cash
10437,2024-01-29 04:00:00,2644,Headphones,1,187.86,145.17000000000002,42.69,Cash
10835,2024-02-14 18:00:00,2596,Tablet,4,595.86,2382.62,0.82,Debit Card
6687,2023-08-25 22:00:00,2162,Mouse,4,1637.8,6544.7699999999995,6.43,Cash
4966,2023-06-15 05:00:00,2941,Monitor,3,1357.93,3990.41,83.38,PayPal
5728,2023-07-16 23:00:00,2446,Keyboard,2,380.27,751.25,9.29,Cash
1974,2023-02-10 13:00:00,2676,Laptop,3,1017.92,3011.9799999999996,41.78,Cash
2239,2023-02-21 14:00:00,2420,Tablet,3,729.83,2123.96,65.53,Cash
3952,2023-05-03 23:00:00,2612,Laptop,1,367.69,320.24,47.45,Credit Card
3343,2023-04-08 14:00:00,2593,Laptop,3,450.79,1266.97,85.4,Debit Card
8238,2023-10-29 13:00:00,2044,Headphones,2,1699.47,3376.4500000000003,22.49,Credit Card
9095,2023-12-04 06:00:00,2632,Keyboard,4,1403.27,5565.87,47.21,Cash
7047,2023-09-09 22:00:00,2807,Tablet,1,82.57,51.599999999999994,30.97,PayPal
3159,2023-03-31 22:00:00,2158,Tablet,3,1101.88,3272.0200000000004,33.62,Credit Card
10756,2024-02-11 11:00:00,2476,Headphones,2,1888.79,3680.67,96.91,PayPal
8308,2023-11-01 11:00:00,2422,Laptop,3,128.92,351.95,34.81,Debit Card
2498,2023-03-04 09:00:00,2001,Headphones,3,,5824.599999999999,95.06,Cash
5546,2023-07-09 09:00:00,2333,Monitor,2,676.46,1330.0500000000002,22.87,Credit Card
7466,2023-09-27 09:00:00,2200,Monitor,2,625.84,1207.6100000000001,44.07,Debit Card
5258,2023-06-27 09:00:00,2382,Keyboard,4,271.41,1015.1800000000001,70.46,Cash
3423,2023-04-11 22:00:00,2153,Monitor,1,257.44,213.93,43.51,Cash
9995,2024-01-10 18:00:00,2753,Laptop,3,1583.15,4675.170000000001,74.28,Debit Card
10318,2024-01-24 05:00:00,2988,Monitor,2,1211.39,2417.7400000000002,5.04,Credit Card
6186,2023-08-05 01:00:00,2588,Monitor,1,1840.85,1818.1999999999998,22.65,Debit Card
6648,2023-08-24 07:00:00,2310,Mouse,4,1737.22,6858.08,90.8,Credit Card
1358,2023-01-15 21:00:00,2617,Tablet,4,80.64,307.34,15.22,PayPal
6243,2023-08-07 10:00:00,2402,Mouse,3,1695.32,5000.49,85.47,Credit Card
3131,2023-03-30 18:00:00,2900,Headphones,1,393.29,311.04,82.25,Debit Card
10708,2024-02-09 11:00:00,2333,Keyboard,2,475.11,866.76,83.46,Debit Card
3093,2023-03-29 04:00:00,2286,Laptop,4,1265.77,4978.37,84.71,PayPal
6410,2023-08-14 09:00:00,2406,Laptop,2,972.13,1848.79,95.47,Cash
3016,2023-03-25 23:00:00,2071,Tablet,3,754.13,2234.37,28.02,Debit Card
10517,2024-02-01 12:00:00,2744,Monitor,1,1009.18,965.15,44.03,Credit Card
5045,2023-06-18 12:00:00,2691,Keyboard,4,1921.37,7598.48,87.0,PayPal
1188,2023-01-08 19:00:00,2157,Laptop,2,1221.11,2398.0499999999997,44.17,Cash
9110,2023-12-04 21:00:00,2293,Tablet,1,664.05,600.4,63.65,PayPal
4656,2023-06-02 07:00:00,2278,Mouse,4,62.33,153.05,96.27,PayPal
4427,2023-05-23 18:00:00,2475,Monitor,4,489.69,1918.67,40.09,PayPal
8966,2023-11-28 21:00:00,2278,Monitor,1,644.35,556.34,88.01,PayPal
2382,2023-02-27 13:00:00,2700,Headphones,1,172.73,167.64,5.09,Cash
9719,2023-12-30 06:00:00,2588,Monitor,4,295.59,1103.9599999999998,78.4,Cash
1414,2023-01-18 05:00:00,2383,Tablet,1,1184.2,1095.01,89.19,Credit Card
6038,2023-07-29 21:00:00,2536,Laptop,3,269.9,720.6099999999999,89.09,Debit Card
5898,2023-07-24 01:00:00,2899,Headphones,1,763.58,728.35,35.23,Cash
4337,2023-05-20 00:00:00,2302,Tablet,3,1414.13,4218.58,23.81,nan
4607,2023-05-31 06:00:00,2738,Keyboard,4,,6188.2,10.2,PayPal
4176,2023-05-13 07:00:00,2553,Tablet,2,39.27,72.92,5.62,Credit Card
7847,2023-10-13 06:00:00,2028,Keyboard,4,1425.5,5700.06,1.94,Debit Card
3242,2023-04-04 09:00:00,2488,Monitor,4,306.21,1140.4399999999998,84.4,PayPal
5517,2023-07-08 04:00:00,2989,Laptop,2,1551.45,3054.37,48.53,nan
9402,2023-12-17 01:00:00,2071,Laptop,1,1177.26,1121.42,55.84,Credit Card
1257,2023-01-11 16:00:00,2275,Mouse,3,1612.52,4822.299999999999,15.26,Debit Card
8817,2023-11-22 16:00:00,2393,Tablet,2,123.78,240.92000000000002,6.64,PayPal
1201,2023-01-09 08:00:00,2781,Mouse,3,1068.95,3144.4600000000005,62.39,Debit Card
3236,2023-04-04 03:00:00,2383,Tablet,4,965.6,3852.7400000000002,9.66,Credit Card
5744,2023-07-17 15:00:00,2367,Mouse,4,1448.22,5792.25,0.63,Cash
2768,2023-03-15 15:00:00,2676,Mouse,4,515.41,1962.2399999999998,99.4,Cash
5237,2023-06-26 12:00:00,2115,Tablet,3,1009.71,2998.92,30.21,Credit Card
9255,2023-12-10 22:00:00,2356,Monitor,1,893.31,824.4,68.91,Credit Card
9867,2024-01-05 10:00:00,2730,Tablet,2,1399.08,2713.33,84.83,Credit Card
8937,2023-11-27 16:00:00,2901,Mouse,3,1546.3,4631.139999999999,7.76,PayPal
2573,2023-03-07 12:00:00,2115,Headphones,1,1564.9,1547.22,17.68,Debit Card
1025,2023-01-02 00:00:00,2066,Mouse,1,1209.23,1146.17,63.06,Debit Card
4364,2023-05-21 03:00:00,2307,Headphones,2,1545.3,3069.81,20.79,Cash
2089,2023-02-15 08:00:00,2946,Headphones,2,911.15,1732.37,89.93,Cash
5675,2023-07-14 18:00:00,2899,Keyboard,4,984.85,3924.71,14.69,Cash
3695,2023-04-23 06:00:00,2069,Mouse,1,703.32,637.1500000000001,66.17,Cash
9293,2023-12-12 12:00:00,2760,Tablet,2,915.69,1801.8000000000002,29.58,Cash
4399,2023-05-22 14:00:00,2103,Keyboard,2,490.16,950.35,29.97,Debit Card
4560,2023-05-29 07:00:00,2222,Keyboard,4,1411.02,5619.55,24.53,Cash
10620,2024-02-05 19:00:00,2111,Tablet,1,1199.39,1160.67,38.72,Debit Card
3842,2023-04-29 09:00:00,2261,Keyboard,1,1898.79,1838.1599999999999,60.63,Cash
3312,2023-04-07 07:00:00,2400,Headphones,1,1545.43,1533.47,11.96,PayPal
9749,2023-12-31 12:00:00,2277,Laptop,1,1785.23,1701.3,83.93,Cash
4235,2023-05-15 18:00:00,2867,Laptop,3,106.2,263.17,55.43,Credit Card
5153,2023-06-23 00:00:00,2649,Monitor,3,1400.7,4169.860000000001,32.24,Credit Card
2310,2023-02-24 13:00:00,2692,Headphones,4,821.94,3231.07,56.69,PayPal
1696,2023-01-29 23:00:00,2493,Monitor,2,1059.92,2057.06,62.78,Cash
8396,2023-11-05 03:00:00,2365,Keyboard,3,1844.34,5457.91,75.11,PayPal
4753,2023-06-06 08:00:00,2607,Headphones,4,1385.44,5456.76,85.0,Credit Card
7338,2023-09-22 01:00:00,2887,Mouse,3,1477.51,4413.75,18.78,Debit Card
2228,2023-02-21 03:00:00,2502,Mouse,4,1171.54,,31.5,Debit Card
3000,2023-03-25 07:00:00,2629,Laptop,4,1020.71,4011.4900000000002,71.35,PayPal
1277,2023-01-12 12:00:00,2740,Headphones,4,1554.07,6214.73,1.55,Cash
8506,2023-11-09 17:00:00,2061,Mouse,4,,404.65,69.35,Debit Card
8840,2023-11-23 15:00:00,2984,Mouse,3,85.85,174.61999999999995,82.93,Credit Card
6930,2023-09-05 01:00:00,2782,Headphones,4,1020.57,4039.11,43.17,Cash
3954,2023-05-04 01:00:00,2135,Headphones,4,,679.39,58.17,Cash
4638,2023-06-01 13:00:00,2867,Laptop,1,572.8,498.21999999999997,74.58,PayPal
4907,2023-06-12 18:00:00,2826,Tablet,2,879.38,1691.52,67.24,PayPal
5779,2023-07-19 02:00:00,2970,Laptop,2,113.99,196.82999999999998,31.15,PayPal
6846,2023-09-01 13:00:00,2595,Tablet,4,907.94,3550.8300000000004,80.93,Cash
8931,2023-11-27 10:00:00,2624,Laptop,4,888.8,3456.41,98.79,Credit Card
5118,2023-06-21 13:00:00,2005,Headphones,4,,919.5400000000001,66.78,PayPal
10504,2024-01-31 23:00:00,2962,Mouse,3,247.12,691.88,49.48,Debit Card
2138,2023-02-17 09:00:00,2237,Tablet,4,454.08,1757.99,58.33,Debit Card
3768,2023-04-26 07:00:00,2537,Mouse,2,1438.47,2810.21,66.73,PayPal
3335,2023-04-08 06:00:00,2895,Laptop,4,945.78,3723.2599999999998,59.86,Debit Card
10268,2024-01-22 03:00:00,2410,Monitor,1,1269.84,1238.53,31.31,Cash
1943,2023-02-09 06:00:00,2669,Tablet,2,1162.05,2293.5099999999998,30.59,Debit Card
9338,2023-12-14 09:00:00,2907,Laptop,4,145.54,547.54,34.62,PayPal
8488,2023-11-08 23:00:00,2596,Keyboard,1,729.79,678.8199999999999,50.97,PayPal
3491,2023-04-14 18:00:00,2480,Tablet,1,350.2,342.76,7.44,Cash
10645,2024-02-06 20:00:00,2707,Monitor,1,854.81,775.51,79.3,Credit Card
7291,2023-09-20 02:00:00,2613,Keyboard,4,1643.84,,76.27,Cash
5936,2023-07-25 15:00:00,2167,Tablet,4,1951.0,7801.7,2.3,Debit Card
4936,2023-06-13 23:00:00,2238,Tablet,1,1114.46,1043.42,71.04,Debit Card
7881,2023-10-14 16:00:00,2895,Tablet,4,1600.95,6331.84,71.96,PayPal
9774,2024-01-01 13:00:00,2089,Tablet,3,1356.12,4016.93,51.43,PayPal
3385,2023-04-10 08:00:00,2074,Keyboard,4,893.34,3485.1600000000003,88.2,Cash
8085,2023-10-23 04:00:00,2036,Mouse,2,,3769.98,45.18,PayPal
1116,2023-01-05 19:00:00,2922,Tablet,4,69.78,211.41000000000003,67.71,Debit Card
2864,2023-03-19 15:00:00,2898,Laptop,3,1397.15,4177.170000000001,14.28,PayPal
7766,2023-10-09 21:00:00,2455,Monitor,2,1978.39,3925.09,31.69,PayPal
4120,2023-05-10 23:00:00,2158,Tablet,3,750.82,2232.06,20.4,Debit Card
5259,2023-06-27 10:00:00,2389,Mouse,4,198.69,786.99,7.77,Cash
8435,2023-11-06 18:00:00,2929,Headphones,2,612.34,1144.68,80.0,Credit Card
1903,2023-02-07 14:00:00,2385,Headphones,1,623.93,600.6099999999999,23.32,Cash
3820,2023-04-28 11:00:00,2121,Monitor,1,177.08,84.15,92.93,Cash
4823,2023-06-09 06:00:00,2081,Laptop,2,322.72,550.6300000000001,94.81,PayPal
8886,2023-11-25 13:00:00,2673,Mouse,2,67.3,111.16,23.44,Cash
8637,2023-11-15 04:00:00,2269,Headphones,4,368.61,1460.93,13.51,Cash
10549,2024-02-02 20:00:00,2205,Mouse,3,430.49,,63.28,Debit Card
5700,2023-07-15 19:00:00,2333,Keyboard,4,1897.16,7527.47,61.17,Credit Card
10370,2024-01-26 09:00:00,2393,Monitor,4,1404.51,5538.22,79.82,PayPal
4803,2023-06-08 10:00:00,2758,Tablet,4,1742.36,6899.849999999999,69.59,Credit Card
9729,2023-12-30 16:00:00,2148,Keyboard,2,132.42,,55.31,PayPal
7069,2023-09-10 20:00:00,2886,Tablet,1,1744.25,1729.35,14.9,Cash
6811,2023-08-31 02:00:00,2400,Tablet,1,1786.17,1715.3400000000001,70.83,Debit Card
4537,2023-05-28 08:00:00,2707,Tablet,1,1830.74,1801.48,29.26,Debit Card
4826,2023-06-09 09:00:00,2461,Laptop,4,1997.19,7939.17,49.59,Cash
7643,2023-10-04 18:00:00,2855,Monitor,3,977.46,2857.48,74.9,Debit Card
10148,2024-01-17 03:00:00,2140,Tablet,3,1575.22,4706.21,19.45,Debit Card
10158,2024-01-17 13:00:00,2889,Laptop,1,43.43,35.72,7.71,Credit Card
5811,2023-07-20 10:00:00,2892,Tablet,3,1623.81,4789.64,81.79,Credit Card
2947,2023-03-23 02:00:00,2501,Mouse,2,871.07,1665.15,76.99,PayPal
10163,2024-01-17 18:00:00,2876,Monitor,4,1185.47,4686.76,55.12,Credit Card
8901,2023-11-26 04:00:00,2443,Monitor,4,1774.77,7015.69,83.39,PayPal
6336,2023-08-11 07:00:00,2144,Mouse,3,1249.08,,72.49,Debit Card
4489,2023-05-26 08:00:00,2190,Mouse,2,1736.45,3467.21,5.69,nan
2611,2023-03-09 02:00:00,2543,Keyboard,2,1020.34,2006.44,34.24,PayPal
8270,2023-10-30 21:00:00,2258,Monitor,2,1632.61,3195.7599999999998,69.46,Cash
9230,2023-12-09 21:00:00,2616,Monitor,3,58.09,134.97000000000003,39.3,Debit Card
8815,2023-11-22 14:00:00,2989,Monitor,1,786.52,720.65,65.87,PayPal
8167,2023-10-26 14:00:00,2237,Tablet,2,1161.76,2260.59,62.93,PayPal
5678,2023-07-14 21:00:00,2796,Headphones,3,146.58,365.52,74.22,Credit Card
5960,2023-07-26 15:00:00,2901,Keyboard,1,1556.74,1489.26,67.48,Cash
8837,2023-11-23 12:00:00,2318,Headphones,3,211.57,590.35,44.36,Debit Card
6868,2023-09-02 11:00:00,2467,Keyboard,3,575.99,1709.68,18.29,PayPal
2761,2023-03-15 08:00:00,2755,Headphones,4,1318.4,5231.06,42.54,Cash
5762,2023-07-18 09:00:00,2891,Headphones,1,1640.64,1568.8600000000001,71.78,Credit Card
3195,2023-04-02 10:00:00,2836,Headphones,1,279.48,203.40000000000003,76.08,Credit Card
1883,2023-02-06 18:00:00,2326,Mouse,2,,2260.63,76.93,Credit Card
6702,2023-08-26 13:00:00,2388,Headphones,4,1258.6,4966.94,67.46,Debit Card
6114,2023-08-02 01:00:00,2966,Mouse,4,498.4,1931.4199999999998,62.18,Debit Card
1558,2023-01-24 05:00:00,2847,Tablet,4,1014.52,4002.83,55.25,PayPal
9538,2023-12-22 17:00:00,2167,Tablet,3,63.23,153.23,36.46,Cash
6140,2023-08-03 03:00:00,2822,Headphones,1,1550.62,1500.1799999999998,50.44,Cash
2208,2023-02-20 07:00:00,2412,Tablet,3,822.5,2434.53,32.97,PayPal
8787,2023-11-21 10:00:00,2892,Laptop,4,979.14,3884.22,32.34,Credit Card
9094,2023-12-04 05:00:00,2607,Headphones,4,1515.04,5970.49,89.67,Credit Card
2511,2023-03-04 22:00:00,2074,Headphones,2,383.06,711.35,54.77,Debit Card
9412,2023-12-17 11:00:00,2743,Tablet,4,78.02,223.12,88.96,PayPal
4830,2023-06-09 13:00:00,2296,Keyboard,4,,829.2199999999999,57.82,Cash
4733,2023-06-05 12:00:00,2093,Keyboard,4,1401.41,5548.05,57.59,Cash
9483,2023-12-20 10:00:00,2176,Keyboard,4,816.48,3218.11,47.81,Credit Card
4212,2023-05-14 19:00:00,2041,Laptop,1,1026.07,955.0699999999999,71.0,PayPal
4631,2023-06-01 06:00:00,2388,Tablet,2,598.77,1131.08,66.46,Credit Card
2709,2023-03-13 04:00:00,2138,Headphones,3,700.03,2096.2200000000003,3.87,Cash
2846,2023-03-18 21:00:00,2097,Headphones,1,1364.95,1271.83,93.12,Debit Card
1267,2023-01-12 02:00:00,2963,Monitor,3,665.61,1970.1499999999999,26.68,Credit Card
6986,2023-09-07 09:00:00,2838,Mouse,3,1455.33,4343.889999999999,22.1,Cash
2141,2023-02-17 12:00:00,2889,Laptop,3,1363.01,4046.5899999999997,42.44,Credit Card
4163,2023-05-12 18:00:00,2569,Headphones,1,1722.44,1676.8,45.64,Cash
7208,2023-09-16 15:00:00,2271,Monitor,2,970.8,1858.6399999999999,82.96,Debit Card
3047,2023-03-27 06:00:00,2966,Laptop,1,144.94,122.42999999999999,22.51,Cash
4731,2023-06-05 10:00:00,2156,Tablet,4,498.83,1955.77,39.55,Cash
2910,2023-03-21 13:00:00,2085,Laptop,2,960.22,1910.98,9.46,Credit Card
9092,2023-12-04 03:00:00,2636,Laptop,2,698.24,1384.83,11.65,Debit Card
3661,2023-04-21 20:00:00,2116,Keyboard,3,1271.62,3779.0599999999995,35.8,Cash
1657,2023-01-28 08:00:00,2208,Tablet,2,1557.78,3092.2999999999997,23.26,Credit Card
7661,2023-10-05 12:00:00,2782,Laptop,1,1507.18,1482.42,24.76,Debit Card
2308,2023-02-24 11:00:00,2270,Tablet,1,1384.0,1363.97,20.03,PayPal
3568,2023-04-17 23:00:00,2428,Mouse,4,639.89,2471.22,88.34,Debit Card
1999,2023-02-11 14:00:00,2170,Headphones,3,1910.17,5646.72,83.79,Debit Card
9212,2023-12-09 03:00:00,2204,Headphones,4,732.77,2831.5299999999997,99.55,Credit Card
3835,2023-04-29 02:00:00,2204,Mouse,3,1427.37,4257.15,24.96,PayPal
9285,2023-12-12 04:00:00,2206,Keyboard,2,1389.2,2757.65,20.75,Credit Card
10644,2024-02-06 19:00:00,2842,Tablet,3,1588.78,4699.95,66.39,Credit Card
6881,2023-09-03 00:00:00,2805,Headphones,3,927.21,2732.9700000000003,48.66,PayPal
2238,2023-02-21 13:00:00,2959,Tablet,2,1730.79,3386.49,75.09,Debit Card
3152,2023-03-31 15:00:00,2639,Monitor,1,1568.11,1493.03,75.08,Debit Card
4836,2023-06-09 19:00:00,2840,Monitor,3,873.51,2546.56,73.97,Debit Card
6704,2023-08-26 15:00:00,2515,Laptop,4,774.15,3010.99,85.61,nan
8960,2023-11-28 15:00:00,2681,Laptop,1,175.53,127.2,48.33,Cash
10902,2024-02-17 13:00:00,2488,Laptop,4,391.86,1468.1200000000001,99.32,PayPal
7579,2023-10-02 02:00:00,2189,Headphones,1,,1886.1399999999999,52.46,PayPal
6092,2023-08-01 03:00:00,2075,Tablet,2,521.25,,14.96,Cash
3187,2023-04-02 02:00:00,2307,Mouse,1,1841.78,1816.53,25.25,Credit Card
10064,2024-01-13 15:00:00,2083,Tablet,4,1442.66,5737.3,33.34,Debit Card
2135,2023-02-17 06:00:00,2374,Headphones,2,1920.27,3799.5299999999997,41.01,Cash
6005,2023-07-28 12:00:00,2915,Monitor,2,1792.85,3510.0499999999997,75.65,Cash
7627,2023-10-04 02:00:00,2121,Headphones,2,277.54,491.74,63.34,Credit Card
2304,2023-02-24 07:00:00,2482,Mouse,2,720.53,1353.8899999999999,87.17,PayPal
9886,2024-01-06 05:00:00,2008,Headphones,1,,316.7,91.64,Cash
2628,2023-03-09 19:00:00,2961,Keyboard,1,636.59,588.07,48.52,Credit Card
9426,2023-12-18 01:00:00,2101,Monitor,1,1636.75,1634.14,2.61,Debit Card
2523,2023-03-05 10:00:00,2596,Keyboard,2,893.12,1688.8,97.44,Cash
2409,2023-02-28 16:00:00,2342,Laptop,3,227.1,622.49,58.81,Cash
1359,2023-01-15 22:00:00,2514,Laptop,2,1188.76,2308.35,69.17,Debit Card
1139,2023-01-06 18:00:00,2070,Mouse,2,205.47,410.19,0.75,Debit Card
1300,2023-01-13 11:00:00,2820,Mouse,1,1891.6,1793.01,98.59,PayPal
2557,2023-03-06 20:00:00,2760,Monitor,1,855.63,820.92,34.71,Debit Card
6100,2023-08-01 11:00:00,2241,Mouse,2,1225.36,2433.29,17.43,Cash
1383,2023-01-16 22:00:00,2106,Mouse,1,1229.55,1215.24,14.31,Debit Card
9728,2023-12-30 15:00:00,2735,Keyboard,2,699.41,1388.1,10.72,Cash
8697,2023-11-17 16:00:00,2508,Headphones,3,350.99,988.84,64.13,Cash
5858,2023-07-22 09:00:00,2622,Laptop,1,,1395.17,2.6,Debit Card
4181,2023-05-13 12:00:00,2717,Mouse,3,1084.83,3212.7,41.79,PayPal
2440,2023-03-01 23:00:00,2115,Mouse,4,1586.28,6341.33,3.79,Credit Card
8898,2023-11-26 01:00:00,2057,Keyboard,1,1102.36,1059.05,43.31,Cash
6674,2023-08-25 09:00:00,2284,Keyboard,4,1112.53,4422.44,27.68,Cash
8043,2023-10-21 10:00:00,2773,Mouse,1,1952.95,1863.39,89.56,Cash
1947,2023-02-09 10:00:00,2972,Tablet,4,1947.48,7723.06,66.86,PayPal
3391,2023-04-10 14:00:00,2805,Monitor,4,1184.55,4694.599999999999,43.6,Cash
6499,2023-08-18 02:00:00,2621,Headphones,1,1079.44,1063.0,16.44,PayPal
6482,2023-08-17 09:00:00,2179,Mouse,4,557.0,2175.52,52.48,Credit Card
10698,2024-02-09 01:00:00,2584,Tablet,2,548.02,1052.3899999999999,43.65,Cash
3722,2023-04-24 09:00:00,2091,Tablet,1,435.01,409.46999999999997,25.54,Debit Card
2933,2023-03-22 12:00:00,2132,Headphones,4,142.05,533.72,34.48,PayPal
3353,2023-04-09 00:00:00,2067,Headphones,1,1413.36,1362.56,50.8,PayPal
4237,2023-05-15 20:00:00,2547,Monitor,3,1226.44,3582.09,97.23,Debit Card
4141,2023-05-11 20:00:00,2335,Laptop,3,196.77,543.24,47.07,Credit Card
5164,2023-06-23 11:00:00,2770,Mouse,3,1268.55,3791.3399999999997,14.31,Debit Card
4502,2023-05-26 21:00:00,2108,Mouse,2,651.43,1252.4499999999998,50.41,PayPal
9705,2023-12-29 16:00:00,2563,Laptop,4,199.0,703.1800000000001,92.82,PayPal
4808,2023-06-08 15:00:00,2294,Laptop,4,1345.11,5351.0199999999995,29.42,Credit Card
10957,2024-02-19 20:00:00,2579,Keyboard,1,810.05,806.3,3.75,Debit Card
8734,2023-11-19 05:00:00,2678,Mouse,4,179.15,649.33,67.27,Cash
10356,2024-01-25 19:00:00,2270,Keyboard,3,1915.63,5729.81,17.08,Cash
7782,2023-10-10 13:00:00,2578,Headphones,3,1961.82,5875.11,10.35,Cash
8640,2023-11-15 07:00:00,2846,Tablet,4,1635.15,6520.42,20.18,Credit Card
5155,2023-06-23 02:00:00,2543,Headphones,4,686.86,2701.71,45.73,Credit Card
5173,2023-06-23 20:00:00,2898,Tablet,3,1162.91,3426.9200000000005,61.81,Debit Card
1797,2023-02-03 04:00:00,2085,Mouse,4,364.66,1366.91,91.73,PayPal
3417,2023-04-11 16:00:00,2515,Mouse,3,1747.32,5147.56,94.4,Cash
10801,2024-02-13 08:00:00,2816,Tablet,3,601.51,1736.8799999999999,67.65,PayPal
7140,2023-09-13 19:00:00,2373,Laptop,2,1912.41,3818.55,6.27,PayPal
1786,2023-02-02 17:00:00,2901,Laptop,2,1916.85,3784.74,48.96,Cash
8827,2023-11-23 02:00:00,2170,Tablet,1,1838.49,1827.42,11.07,Credit Card
7790,2023-10-10 21:00:00,2394,Monitor,3,826.56,2458.33,21.35,Cash
4159,2023-05-12 14:00:00,2870,Headphones,1,1195.68,1129.39,66.29,Credit Card
8203,2023-10-28 02:00:00,2422,Keyboard,2,633.0,1254.9,11.1,PayPal
1124,2023-01-06 03:00:00,2807,Headphones,2,1445.28,2814.5099999999998,76.05,Cash
10935,2024-02-18 22:00:00,2955,Keyboard,1,1113.29,1095.3799999999999,17.91,Credit Card
8686,2023-11-17 05:00:00,2196,Keyboard,1,1000.4,957.5899999999999,42.81,nan
3173,2023-04-01 12:00:00,2612,Laptop,3,376.22,1070.63,58.03,Debit Card
3170,2023-04-01 09:00:00,2612,Headphones,3,404.82,1189.57,24.89,Cash
8626,2023-11-14 17:00:00,2143,Keyboard,2,1670.58,3256.06,85.1,Debit Card
5010,2023-06-17 01:00:00,2473,Keyboard,3,562.81,1604.1699999999998,84.26,Cash
10764,2024-02-11 19:00:00,2982,Keyboard,4,805.72,3141.29,81.59,PayPal
5341,2023-06-30 20:00:00,2966,Monitor,4,1204.79,4732.66,86.5,Cash
1911,2023-02-07 22:00:00,2543,Keyboard,1,765.07,694.35,70.72,Cash
7269,2023-09-19 04:00:00,2152,Keyboard,1,1983.33,1944.1,39.23,Debit Card
9391,2023-12-16 14:00:00,2454,Headphones,4,732.0,2861.74,66.26,Debit Card
3310,2023-04-07 05:00:00,2120,Keyboard,2,45.86,49.07,42.65,PayPal
7831,2023-10-12 14:00:00,2187,Keyboard,3,795.97,2309.16,78.75,Credit Card
4635,2023-06-01 10:00:00,2546,Headphones,2,1856.11,3633.43,78.79,Credit Card
2258,2023-02-22 09:00:00,2894,Headphones,2,703.41,1395.45,11.37,PayPal
7592,2023-10-02 15:00:00,2207,Headphones,2,1676.4,3340.4900000000002,12.31,Cash
5459,2023-07-05 18:00:00,2318,Monitor,1,296.7,219.71999999999997,76.98,PayPal
7134,2023-09-13 13:00:00,2637,Monitor,3,1397.39,4097.77,94.4,Cash
2179,2023-02-19 02:00:00,2076,Keyboard,2,1780.34,3494.43,66.25,Cash
5653,2023-07-13 20:00:00,2767,Keyboard,1,594.15,497.77,96.38,Cash
7219,2023-09-17 02:00:00,2891,Keyboard,1,1338.82,1245.85,92.97,PayPal
4651,2023-06-02 02:00:00,2479,Keyboard,1,1459.15,1434.8200000000002,24.33,Cash
1443,2023-01-19 10:00:00,2337,Monitor,1,853.03,772.98,80.05,Credit Card
4416,2023-05-23 07:00:00,2434,Headphones,4,1888.51,7487.34,66.7,PayPal
2400,2023-02-28 07:00:00,2814,Keyboard,3,491.73,1401.93,73.26,Debit Card
10181,2024-01-18 12:00:00,2754,Headphones,2,1588.9,3164.6600000000003,13.14,PayPal
8959,2023-11-28 14:00:00,2369,Laptop,1,1560.91,1519.1200000000001,41.79,PayPal
2458,2023-03-02 17:00:00,2937,Headphones,4,826.58,3286.27,20.05,Cash
9554,2023-12-23 09:00:00,2230,Laptop,1,186.72,107.65,79.07,Credit Card
6745,2023-08-28 08:00:00,2300,Headphones,4,1451.96,5730.07,77.77,Cash
2055,2023-02-13 22:00:00,2426,Mouse,3,1695.72,5082.98,4.18,Credit Card
8519,2023-11-10 06:00:00,2271,Monitor,2,1629.18,3250.5,7.86,PayPal
4276,2023-05-17 11:00:00,2386,Mouse,2,874.83,1731.44,18.22,Debit Card
2464,2023-03-02 23:00:00,2878,Laptop,3,651.32,1931.3400000000001,22.62,PayPal
4700,2023-06-04 03:00:00,2179,Headphones,3,251.84,691.12,64.4,Cash
4760,2023-06-06 15:00:00,2464,Monitor,3,1219.07,3619.06,38.15,Cash
1930,2023-02-08 17:00:00,2591,Laptop,2,1170.42,2331.8900000000003,8.95,Credit Card
6512,2023-08-18 15:00:00,2671,Headphones,1,1046.84,996.8899999999999,49.95,Cash
7469,2023-09-27 12:00:00,2860,Mouse,1,1187.85,1123.08,64.77,Cash
9829,2024-01-03 20:00:00,2518,Laptop,4,688.58,2720.8900000000003,33.43,PayPal
2830,2023-03-18 05:00:00,2390,Tablet,4,34.46,82.04,55.8,Cash
3929,2023-05-03 00:00:00,2220,Headphones,4,1673.3,6671.37,21.83,Cash
8685,2023-11-17 04:00:00,2430,Keyboard,2,947.27,1849.34,45.2,Debit Card
7539,2023-09-30 10:00:00,2945,Laptop,4,1346.93,5347.96,39.76,Credit Card
5222,2023-06-25 21:00:00,2455,Mouse,2,1993.17,3912.86,73.48,Credit Card
4547,2023-05-28 18:00:00,2914,Monitor,2,29.33,52.73,5.93,Cash
6599,2023-08-22 06:00:00,2964,Keyboard,2,,3035.1,84.76,Cash
10391,2024-01-27 06:00:00,2117,Laptop,1,1797.95,1786.51,11.44,Debit Card
9105,2023-12-04 16:00:00,2597,Keyboard,2,1033.36,2035.6799999999998,31.04,Debit Card
9566,2023-12-23 21:00:00,2905,Headphones,4,70.33,236.10999999999999,45.21,PayPal
3012,2023-03-25 19:00:00,2001,Laptop,3,1162.66,3403.4500000000003,84.53,PayPal
1914,2023-02-08 01:00:00,2952,Tablet,2,675.22,1300.75,49.69,Debit Card
9662,2023-12-27 21:00:00,2991,Laptop,1,163.98,122.95999999999998,41.02,PayPal
9047,2023-12-02 06:00:00,2064,Tablet,4,,146.26000000000002,45.82,Credit Card
4220,2023-05-15 03:00:00,2245,Laptop,1,383.63,373.61,10.02,Debit Card
3607,2023-04-19 14:00:00,2104,Tablet,3,1741.97,5179.26,46.65,PayPal
4265,2023-05-17 00:00:00,2995,Tablet,3,,540.7700000000001,46.93,Cash
5929,2023-07-25 08:00:00,2530,Keyboard,3,622.64,,81.37,Credit Card
10097,2024-01-15 00:00:00,2851,Laptop,1,518.64,471.69,46.95,Debit Card
7565,2023-10-01 12:00:00,2729,Monitor,3,911.84,2710.4,25.12,Credit Card
9569,2023-12-24 00:00:00,2359,Mouse,4,938.66,3737.1299999999997,17.51,PayPal
1007,2023-01-01 06:00:00,2658,Laptop,2,650.81,1295.6299999999999,5.99,Credit Card
3981,2023-05-05 04:00:00,2925,Laptop,3,1593.4,4758.510000000001,21.69,Debit Card
7584,2023-10-02 07:00:00,2223,Mouse,2,1160.36,2280.74,39.98,Debit Card
4362,2023-05-21 01:00:00,2451,Monitor,2,951.73,1856.05,47.41,Debit Card
5775,2023-07-18 22:00:00,2299,Tablet,3,784.81,2287.77,66.66,Debit Card
2944,2023-03-22 23:00:00,2530,Mouse,1,1842.22,1819.18,23.04,Cash
9223,2023-12-09 14:00:00,2918,Headphones,3,1485.03,4451.64,3.45,Credit Card
6500,2023-08-18 03:00:00,2655,Monitor,3,1114.52,3248.71,94.85,Credit Card
2636,2023-03-10 03:00:00,2967,Headphones,2,,1784.1200000000001,13.86,PayPal
2142,2023-02-17 13:00:00,2250,Keyboard,1,1019.95,961.32,58.63,PayPal
3042,2023-03-27 01:00:00,2111,Headphones,1,897.28,834.85,62.43,PayPal
7816,2023-10-11 23:00:00,2460,Headphones,4,1542.44,6114.24,55.52,Debit Card
7704,2023-10-07 07:00:00,2630,Headphones,2,1086.88,2117.7700000000004,55.99,Cash
8243,2023-10-29 18:00:00,2066,Mouse,2,936.44,1799.0500000000002,73.83,PayPal
1360,2023-01-15 23:00:00,2627,Laptop,2,670.9,1249.81,91.99,Debit Card
3071,2023-03-28 06:00:00,2728,Monitor,1,1027.11,978.6699999999998,48.44,PayPal
4135,2023-05-11 14:00:00,2244,Headphones,3,571.42,1658.3799999999997,55.88,PayPal
6161,2023-08-04 00:00:00,2416,Laptop,1,1856.48,1793.02,63.46,Credit Card
7991,2023-10-19 06:00:00,2029,Tablet,2,895.32,1716.5100000000002,74.13,Credit Card
4244,2023-05-16 03:00:00,2599,Laptop,4,1102.74,4323.28,87.68,Debit Card
6276,2023-08-08 19:00:00,2077,Headphones,2,171.57,332.84999999999997,10.29,Credit Card
3243,2023-04-04 10:00:00,2404,Mouse,3,771.39,2289.2200000000003,24.95,Credit Card
2475,2023-03-03 10:00:00,2734,Monitor,4,807.64,3197.0499999999997,33.51,Debit Card
10022,2024-01-11 21:00:00,2715,Laptop,1,,1137.8,95.92,Debit Card
2890,2023-03-20 17:00:00,2183,Keyboard,4,1025.39,4095.7100000000005,5.85,Cash
4436,2023-05-24 03:00:00,2756,Tablet,3,475.11,1371.1999999999998,54.13,Credit Card
4260,2023-05-16 19:00:00,2091,Laptop,3,1874.99,5556.4400000000005,68.53,nan
6150,2023-08-03 13:00:00,2927,Tablet,1,350.1,331.26000000000005,18.84,Cash
4706,2023-06-04 09:00:00,2968,Mouse,2,673.52,1303.29,43.75,PayPal
3022,2023-03-26 05:00:00,2810,Headphones,4,1748.71,6958.47,36.37,Credit Card
5021,2023-06-17 12:00:00,2918,Tablet,3,1641.84,4855.83,69.69,Cash
10280,2024-01-22 15:00:00,2013,Mouse,3,829.16,2424.12,63.36,Credit Card
9860,2024-01-05 03:00:00,2591,Laptop,4,293.8,1133.51,41.69,Debit Card
4501,2023-05-26 20:00:00,2655,Laptop,1,1363.46,1318.65,44.81,Credit Card
3659,2023-04-21 18:00:00,2826,Tablet,4,1423.08,5621.16,71.16,Debit Card
9873,2024-01-05 16:00:00,2647,Monitor,3,1214.84,3624.5699999999997,19.95,Cash
8634,2023-11-15 01:00:00,2288,Laptop,2,267.65,456.9599999999999,78.34,Cash
2131,2023-02-17 02:00:00,2857,Tablet,2,1413.22,2792.33,34.11,PayPal
6558,2023-08-20 13:00:00,2655,Monitor,1,413.65,368.65999999999997,44.99,Credit Card
9149,2023-12-06 12:00:00,2286,Mouse,1,697.12,645.26,51.86,Cash
2820,2023-03-17 19:00:00,2757,Monitor,2,1079.43,2060.4900000000002,98.37,Debit Card
8462,2023-11-07 21:00:00,2884,Keyboard,4,418.23,1592.95,79.97,Debit Card
9272,2023-12-11 15:00:00,2035,Tablet,3,,3273.3,97.83,Cash
9243,2023-12-10 10:00:00,2997,Laptop,1,943.24,900.49,42.75,PayPal
9880,2024-01-05 23:00:00,2799,Mouse,2,635.61,1218.07,53.15,Debit Card
8065,2023-10-22 08:00:00,2904,Tablet,2,,1403.68,36.82,Debit Card
5319,2023-06-29 22:00:00,2866,Keyboard,1,1968.3,1880.6,87.7,Cash
8771,2023-11-20 18:00:00,2618,Tablet,4,870.17,3394.0499999999997,86.63,Debit Card
5145,2023-06-22 16:00:00,2506,Laptop,4,421.68,1676.25,10.47,Cash
5670,2023-07-14 13:00:00,2738,Tablet,1,1524.22,1431.22,93.0,PayPal
2237,2023-02-21 12:00:00,2332,Headphones,2,1749.7,3403.02,96.38,Debit Card
6477,2023-08-17 04:00:00,2363,Laptop,1,34.11,-12.549999999999997,46.66,Credit Card
8130,2023-10-25 01:00:00,2243,Tablet,1,936.22,870.35,65.87,Cash
8754,2023-11-20 01:00:00,2689,Monitor,3,1104.49,3216.8,96.67,Credit Card
8479,2023-11-08 14:00:00,2806,Keyboard,2,928.75,1783.75,73.75,Debit Card
2857,2023-03-19 08:00:00,2036,Laptop,1,526.38,455.23,71.15,Cash
3283,2023-04-06 02:00:00,2605,Headphones,2,1945.82,3848.5,43.14,Debit Card
10132,2024-01-16 11:00:00,2610,Keyboard,3,,4750.33,82.28,Cash
10791,2024-02-12 22:00:00,2433,Headphones,4,,1817.59,9.89,Cash
5094,2023-06-20 13:00:00,2287,Mouse,2,1398.72,2738.09,59.35,Credit Card
8819,2023-11-22 18:00:00,2412,Tablet,3,246.64,717.9599999999999,21.96,Cash
6201,2023-08-05 16:00:00,2687,Keyboard,4,1004.61,4006.87,11.57,Cash
7402,2023-09-24 17:00:00,2603,Monitor,1,323.25,289.2,34.05,Cash
10644,2024-02-06 19:00:00,2842,Tablet,3,1588.78,4699.95,66.39,Credit Card
4422,2023-05-23 13:00:00,2455,Monitor,1,894.61,889.22,5.39,PayPal
10737,2024-02-10 16:00:00,2744,Keyboard,4,809.4,3201.52,36.08,Cash
1387,2023-01-17 02:00:00,2394,Tablet,3,501.9,1413.7999999999997,91.9,Credit Card
9975,2024-01-09 22:00:00,2055,Tablet,2,181.89,339.41999999999996,24.36,Cash
2629,2023-03-09 20:00:00,2005,Headphones,1,1979.82,1905.6499999999999,74.17,Credit Card
4586,2023-05-30 09:00:00,2670,Mouse,4,1676.02,6640.14,63.94,Credit Card
5725,2023-07-16 20:00:00,2842,Monitor,4,1107.96,4360.25,71.59,PayPal
3715,2023-04-24 02:00:00,2446,Mouse,4,,7723.0,44.0,Debit Card
8941,2023-11-27 20:00:00,2652,Keyboard,3,385.72,1153.25,3.91,Debit Card
9852,2024-01-04 19:00:00,2952,Tablet,1,409.93,385.68,24.25,Cash
10792,2024-02-12 23:00:00,2680,Laptop,4,,3818.24,34.96,nan
6660,2023-08-24 19:00:00,2653,Mouse,2,1167.86,2262.8999999999996,72.82,Cash
8998,2023-11-30 05:00:00,2451,Headphones,4,296.46,1093.9099999999999,91.93,PayPal
7857,2023-10-13 16:00:00,2851,Headphones,2,1103.43,2190.4500000000003,16.41,Cash
4190,2023-05-13 21:00:00,2086,Keyboard,2,1484.94,2956.01,13.87,PayPal
2776,2023-03-15 23:00:00,2851,Keyboard,2,1186.02,2319.2799999999997,52.76,Credit Card
5306,2023-06-29 09:00:00,2885,Tablet,4,992.31,3932.66,36.58,Debit Card
1910,2023-02-07 21:00:00,2359,Headphones,2,913.65,1754.98,72.32,PayPal
6386,2023-08-13 09:00:00,2262,Laptop,3,130.05,332.04,58.11,Debit Card
2997,2023-03-25 04:00:00,2376,Mouse,2,1945.72,,87.58,Credit Card
2867,2023-03-19 18:00:00,2839,Mouse,3,1745.12,5232.37,2.99,PayPal
2843,2023-03-18 18:00:00,2282,Headphones,3,1927.03,5760.84,20.25,Cash
3498,2023-04-15 01:00:00,2044,Monitor,2,586.77,1081.42,92.12,Debit Card
1202,2023-01-09 09:00:00,2559,Mouse,2,1449.55,2845.8399999999997,53.26,Debit Card
9453,2023-12-19 04:00:00,2855,Keyboard,4,701.37,2722.9900000000002,82.49,Debit Card
4869,2023-06-11 04:00:00,2488,Keyboard,2,1664.47,,72.23,Cash
6055,2023-07-30 14:00:00,2383,Monitor,2,1241.43,2479.7200000000003,3.14,Credit Card
6890,2023-09-03 09:00:00,2958,Laptop,3,689.75,2059.98,9.27,Debit Card
5007,2023-06-16 22:00:00,2598,Headphones,3,1730.14,5091.41,99.01,PayPal
6939,2023-09-05 10:00:00,2168,Tablet,1,1502.86,1471.82,31.04,Credit Card
3703,2023-04-23 14:00:00,2786,Headphones,4,1397.19,5530.06,58.7,Cash
4450,2023-05-24 17:00:00,2630,Mouse,2,1634.94,3213.02,56.86,Debit Card
1332,2023-01-14 19:00:00,2895,Monitor,2,1821.76,3616.83,26.69,PayPal
10793,2024-02-13 00:00:00,2847,Tablet,1,1738.23,,50.73,Debit Card
10415,2024-01-28 06:00:00,2725,Mouse,4,361.39,1442.09,3.47,Debit Card
9684,2023-12-28 19:00:00,2163,Monitor,1,1638.26,1565.12,73.14,Credit Card
8946,2023-11-28 01:00:00,2802,Headphones,2,1607.34,3155.66,59.02,Credit Card
3460,2023-04-13 11:00:00,2664,Mouse,3,1396.65,4179.860000000001,10.09,Cash
2775,2023-03-15 22:00:00,2306,Laptop,2,1718.26,3429.47,7.05,Debit Card
7629,2023-10-04 04:00:00,2456,Headphones,1,633.84,587.64,46.2,Cash
9298,2023-12-12 17:00:00,2770,Mouse,2,1549.29,3057.2799999999997,41.3,Credit Card
9497,2023-12-21 00:00:00,2430,Monitor,1,556.42,457.06999999999994,99.35,Credit Card
3687,2023-04-22 22:00:00,2575,Laptop,2,534.1,,60.74,Cash
10611,2024-02-05 10:00:00,2525,Headphones,3,481.75,1352.96,92.29,Cash
1990,2023-02-11 05:00:00,2343,Laptop,3,602.74,1772.44,35.78,Debit Card
9425,2023-12-18 00:00:00,2789,Mouse,4,1760.49,6964.36,77.6,PayPal
9764,2024-01-01 03:00:00,2934,Headphones,4,1320.34,5268.0599999999995,13.3,PayPal
9525,2023-12-22 04:00:00,2587,Monitor,4,1533.38,6086.110000000001,47.41,PayPal
7994,2023-10-19 09:00:00,2435,Tablet,4,1759.77,6988.29,50.79,Credit Card
9978,2024-01-10 01:00:00,2669,Mouse,1,401.66,334.25,67.41,Credit Card
6807,2023-08-30 22:00:00,2269,Keyboard,1,1806.37,1749.78,56.59,Cash
10176,2024-01-18 07:00:00,2742,Mouse,3,1121.0,3269.58,93.42,Credit Card
10136,2024-01-16 15:00:00,2939,Mouse,3,1736.82,5154.92,55.54,Credit Card
7575,2023-10-01 22:00:00,2317,Tablet,1,1419.12,1330.61,88.51,Cash
4053,2023-05-08 04:00:00,2566,Monitor,3,1711.24,5074.25,59.47,Cash
10072,2024-01-13 23:00:00,2251,Mouse,1,1268.92,1217.99,50.93,Credit Card
6463,2023-08-16 14:00:00,2320,Laptop,3,1652.15,4875.800000000001,80.65,PayPal
1174,2023-01-08 05:00:00,2261,Keyboard,2,209.54,336.84999999999997,82.23,Credit Card
5955,2023-07-26 10:00:00,2642,Laptop,3,1012.44,2995.23,42.09,Debit Card
8321,2023-11-02 00:00:00,2641,Keyboard,4,58.56,157.69,76.55,Cash
5616,2023-07-12 07:00:00,2404,Mouse,4,238.3,866.36,86.84,Credit Card
8621,2023-11-14 12:00:00,2749,Mouse,2,1869.99,3697.91,42.07,Credit Card
4322,2023-05-19 09:00:00,2765,Headphones,3,27.39,77.01,5.16,Cash
8825,2023-11-23 00:00:00,2247,Monitor,1,837.55,740.3199999999999,97.23,PayPal
7247,2023-09-18 06:00:00,2564,Laptop,3,1772.21,5302.92,13.71,Cash
7746,2023-10-09 01:00:00,2730,Tablet,4,1733.43,6907.39,26.33,PayPal
4373,2023-05-21 12:00:00,2938,Monitor,4,273.16,1018.9700000000001,73.67,Debit Card
7049,2023-09-10 00:00:00,2789,Mouse,4,1914.78,7612.64,46.48,Debit Card
4312,2023-05-18 23:00:00,2949,Headphones,4,1341.11,5298.37,66.07,Debit Card
9204,2023-12-08 19:00:00,2885,Monitor,1,1271.58,1257.1399999999999,14.44,Debit Card
9076,2023-12-03 11:00:00,2841,Tablet,4,1229.87,4911.669999999999,7.81,Credit Card
2133,2023-02-17 04:00:00,2382,Laptop,2,,700.27,87.41,Debit Card
10849,2024-02-15 08:00:00,2038,Keyboard,3,1471.52,4329.23,85.33,PayPal
10260,2024-01-21 19:00:00,2455,Headphones,4,1861.09,7419.21,25.15,PayPal
5552,2023-07-09 15:00:00,2932,Keyboard,4,119.52,441.65999999999997,36.42,Credit Card
5680,2023-07-14 23:00:00,2048,Keyboard,4,1945.27,,81.51,nan
4404,2023-05-22 19:00:00,2747,Keyboard,3,,890.62,8.66,Cash
1019,2023-01-01 18:00:00,2248,Headphones,1,1122.15,1069.8000000000002,52.35,Cash
4692,2023-06-03 19:00:00,2167,Laptop,3,1084.4,3224.94,28.26,Credit Card
10090,2024-01-14 17:00:00,2633,Laptop,4,440.54,1718.75,43.41,Debit Card
5097,2023-06-20 16:00:00,2271,Laptop,2,1867.5,3655.3,79.7,PayPal
4629,2023-06-01 04:00:00,2540,Laptop,4,27.45,43.129999999999995,66.67,Debit Card
10313,2024-01-24 00:00:00,2063,Headphones,4,861.27,3398.31,46.77,Cash
3175,2023-04-01 14:00:00,2888,Laptop,4,1824.49,7203.83,94.13,Cash
2357,2023-02-26 12:00:00,2146,Laptop,4,1537.15,6121.320000000001,27.28,Debit Card
6003,2023-07-28 10:00:00,2566,Laptop,3,1859.32,5577.7,0.26,Cash
9184,2023-12-07 23:00:00,2261,Keyboard,1,1113.41,1083.43,29.98,Cash
7923,2023-10-16 10:00:00,2148,Keyboard,4,375.69,1499.07,3.69,Credit Card
6824,2023-08-31 15:00:00,2078,Keyboard,1,906.68,890.67,16.01,PayPal
10980,2024-02-20 19:00:00,2343,Mouse,3,860.48,2545.4900000000002,35.95,PayPal
6671,2023-08-25 06:00:00,2022,Headphones,4,1752.95,6946.87,64.93,Cash
4113,2023-05-10 16:00:00,2198,Monitor,4,1411.93,5626.650000000001,21.07,Cash
1183,2023-01-08 14:00:00,2472,Tablet,2,618.84,1185.45,52.23,Credit Card
4643,2023-06-01 18:00:00,2191,Monitor,1,1551.46,,17.56,PayPal
10308,2024-01-23 19:00:00,2170,Headphones,1,96.39,83.35,13.04,Credit Card
2813,2023-03-17 12:00:00,2829,Monitor,4,1700.1,6736.139999999999,64.26,PayPal
1856,2023-02-05 15:00:00,2113,Tablet,2,449.74,890.24,9.24,PayPal
9859,2024-01-05 02:00:00,2968,Laptop,1,574.77,476.17999999999995,98.59,Cash
5913,2023-07-24 16:00:00,2785,Laptop,3,1623.85,4818.429999999999,53.12,Cash
6669,2023-08-25 04:00:00,2056,Tablet,1,395.64,362.94,32.7,Credit Card
9969,2024-01-09 16:00:00,2966,Keyboard,2,1345.3,2673.54,17.06,PayPal
2801,2023-03-17 00:00:00,2592,Mouse,2,1953.64,3827.7400000000002,79.54,Credit Card
10719,2024-02-09 22:00:00,2898,Keyboard,2,262.1,424.6700000000001,99.53,PayPal
3430,2023-04-12 05:00:00,2063,Headphones,3,644.18,1844.56,87.98,Credit Card
6483,2023-08-17 10:00:00,2142,Mouse,1,1398.65,1311.43,87.22,PayPal
7762,2023-10-09 17:00:00,2696,Laptop,2,1697.25,3365.09,29.41,Debit Card
5141,2023-06-22 12:00:00,2105,Tablet,3,1839.56,5484.280000000001,34.4,Debit Card
9762,2024-01-01 01:00:00,2360,Tablet,4,251.42,912.42,93.26,Debit Card
2969,2023-03-24 00:00:00,2284,Headphones,4,347.01,1328.86,59.18,Debit Card
8908,2023-11-26 11:00:00,2718,Keyboard,4,1334.16,5290.09,46.55,Cash
9576,2023-12-24 07:00:00,2612,Mouse,3,1568.18,4692.84,11.7,PayPal
9962,2024-01-09 09:00:00,2976,Laptop,2,191.17,356.84,25.5,Debit Card
5698,2023-07-15 17:00:00,2604,Mouse,4,240.05,947.84,12.36,PayPal
8009,2023-10-20 00:00:00,2072,Tablet,1,1748.25,1692.21,56.04,Credit Card
5988,2023-07-27 19:00:00,2731,Keyboard,1,656.09,619.6600000000001,36.43,PayPal
2374,2023-02-27 05:00:00,2132,Tablet,4,1473.31,5867.49,25.75,Cash
5651,2023-07-13 18:00:00,2666,Tablet,2,1669.23,3324.79,13.67,PayPal
2160,2023-02-18 07:00:00,2612,Keyboard,2,1844.78,3682.0099999999998,7.55,Debit Card
2214,2023-02-20 13:00:00,2165,Mouse,3,1634.88,,26.54,Debit Card
9125,2023-12-05 12:00:00,2212,Tablet,3,1626.57,4841.76,37.95,Debit Card
2326,2023-02-25 05:00:00,2049,Laptop,3,1444.94,4254.0599999999995,80.76,PayPal
9258,2023-12-11 01:00:00,2453,Headphones,4,297.1,1166.8500000000001,21.55,Credit Card
9291,2023-12-12 10:00:00,2872,Tablet,1,1989.64,1976.13,13.51,Credit Card
5797,2023-07-19 20:00:00,2681,Mouse,4,419.69,1598.57,80.19,Debit Card
7797,2023-10-11 04:00:00,2983,Laptop,4,119.25,451.16,25.84,Credit Card
6809,2023-08-31 00:00:00,2836,Tablet,2,1163.82,2272.1,55.54,Debit Card
6944,2023-09-05 15:00:00,2747,Headphones,4,1633.51,6523.99,10.05,PayPal
10751,2024-02-11 06:00:00,2491,Tablet,3,1240.18,3643.0299999999997,77.51,Debit Card
3255,2023-04-04 22:00:00,2773,Mouse,1,576.9,546.43,30.47,Debit Card
2456,2023-03-02 15:00:00,2302,Laptop,3,759.02,2182.4,94.66,PayPal
6411,2023-08-14 10:00:00,2744,Headphones,2,202.31,324.82,79.8,Credit Card
8894,2023-11-25 21:00:00,2898,Keyboard,2,607.54,1187.26,27.82,Debit Card
9845,2024-01-04 12:00:00,2968,Laptop,4,240.76,,52.69,PayPal
5963,2023-07-26 18:00:00,2327,Laptop,2,375.31,655.88,94.74,Cash
3801,2023-04-27 16:00:00,2299,Tablet,2,311.63,577.62,45.64,Credit Card
2645,2023-03-10 12:00:00,2120,Keyboard,1,1698.12,1621.3,76.82,Credit Card
3141,2023-03-31 04:00:00,2917,Keyboard,1,773.87,708.24,65.63,Debit Card
5537,2023-07-09 00:00:00,2445,Laptop,1,633.48,586.59,46.89,Debit Card
8617,2023-11-14 08:00:00,2893,Mouse,3,512.17,1489.9699999999998,46.54,Debit Card
5458,2023-07-05 17:00:00,2301,Keyboard,4,1778.27,7092.22,20.86,Debit Card
10405,2024-01-27 20:00:00,2754,Mouse,2,1666.14,3255.0600000000004,77.22,PayPal
6587,2023-08-21 18:00:00,2910,Mouse,2,588.26,1110.98,65.54,Debit Card
5379,2023-07-02 10:00:00,2717,Tablet,2,535.23,1051.21,19.25,Debit Card
1730,2023-01-31 09:00:00,2321,Laptop,2,371.06,737.55,4.57,PayPal
5358,2023-07-01 13:00:00,2398,Laptop,2,1597.8,3181.45,14.15,PayPal
9381,2023-12-16 04:00:00,2144,Laptop,4,1362.71,5353.75,97.09,Debit Card
7717,2023-10-07 20:00:00,2092,Monitor,3,327.66,969.12,13.86,PayPal
2937,2023-03-22 16:00:00,2045,Monitor,1,185.59,167.21,18.38,Debit Card
4794,2023-06-08 01:00:00,2667,Tablet,1,1757.58,1699.72,57.86,PayPal
4737,2023-06-05 16:00:00,2121,Tablet,2,453.92,839.24,68.6,Debit Card
3262,2023-04-05 05:00:00,2620,Laptop,2,576.88,1113.82,39.94,Debit Card
8430,2023-11-06 13:00:00,2200,Monitor,1,889.67,819.01,70.66,Debit Card
5006,2023-06-16 21:00:00,2391,Monitor,1,1504.14,1450.94,53.2,Debit Card
2111,2023-02-16 06:00:00,2776,Tablet,3,1358.84,4030.2499999999995,46.27,Debit Card
10486,2024-01-31 05:00:00,2917,Keyboard,4,,6787.13,35.39,PayPal
6481,2023-08-17 08:00:00,2262,Monitor,1,1089.34,1054.59,34.75,Credit Card
3999,2023-05-05 22:00:00,2999,Mouse,2,1586.1,,63.1,PayPal
3395,2023-04-10 18:00:00,2645,Keyboard,3,247.89,734.8199999999999,8.85,PayPal
2186,2023-02-19 09:00:00,2725,Mouse,3,444.68,1268.56,65.48,Debit Card
3008,2023-03-25 15:00:00,2549,Laptop,1,438.25,399.28,38.97,Cash
1194,2023-01-09 01:00:00,2852,Tablet,3,56.0,112.8,55.2,Cash
6612,2023-08-22 19:00:00,2996,Monitor,2,1479.63,2869.53,89.73,Debit Card
3902,2023-05-01 21:00:00,2403,Monitor,3,1095.65,3246.6600000000003,40.29,Debit Card
1579,2023-01-25 02:00:00,2549,Tablet,3,1676.67,4954.88,75.13,PayPal
7220,2023-09-17 03:00:00,2490,Monitor,4,414.16,1655.7900000000002,0.85,Debit Card
6526,2023-08-19 05:00:00,2178,Keyboard,3,539.7,1569.5300000000002,49.57,PayPal
1772,2023-02-02 03:00:00,2184,Laptop,4,807.05,3140.45,87.75,PayPal
7684,2023-10-06 11:00:00,2071,Monitor,1,409.11,394.58000000000004,14.53,PayPal
3396,2023-04-10 19:00:00,2405,Laptop,4,683.75,2654.34,80.66,Cash
2479,2023-03-03 14:00:00,2161,Keyboard,1,539.12,458.59000000000003,80.53,Debit Card
2847,2023-03-18 22:00:00,2163,Laptop,3,213.17,585.89,53.62,Cash
10569,2024-02-03 16:00:00,2647,Keyboard,1,,1181.22,29.04,Debit Card
5275,2023-06-28 02:00:00,2868,Laptop,2,495.1,,20.37,Debit Card
4741,2023-06-05 20:00:00,2587,Laptop,1,575.43,538.31,37.12,Debit Card
5601,2023-07-11 16:00:00,2801,Mouse,2,910.1,1732.7,87.5,PayPal
9547,2023-12-23 02:00:00,2062,Keyboard,2,827.67,1640.34,15.0,Debit Card
2574,2023-03-07 13:00:00,2803,Laptop,2,154.71,274.63,34.79,Cash
7677,2023-10-06 04:00:00,2771,Tablet,4,992.43,3919.85,49.87,Credit Card
7376,2023-09-23 15:00:00,2491,Tablet,4,1188.3,4672.65,80.55,Credit Card
1406,2023-01-17 21:00:00,2873,Headphones,3,1039.44,3096.05,22.27,Cash
8052,2023-10-21 19:00:00,2984,Mouse,4,672.57,2602.44,87.84,Debit Card
5916,2023-07-24 19:00:00,2023,Laptop,4,1003.81,3951.0,64.24,Debit Card
3074,2023-03-28 09:00:00,2236,Laptop,4,1179.04,4644.86,71.3,Debit Card
5755,2023-07-18 02:00:00,2874,Monitor,3,1146.16,3371.9900000000007,66.49,PayPal
2897,2023-03-21 00:00:00,2138,Mouse,3,1279.71,3838.02,1.11,PayPal
9980,2024-01-10 03:00:00,2950,Headphones,1,681.67,667.92,13.75,PayPal
7703,2023-10-07 06:00:00,2168,Laptop,4,1557.93,6144.5,87.22,Debit Card
7318,2023-09-21 05:00:00,2343,Monitor,1,1489.35,1469.27,20.08,Cash
4660,2023-06-02 11:00:00,2982,Mouse,3,492.91,1461.6,17.13,PayPal
7582,2023-10-02 05:00:00,2981,Keyboard,4,1854.2,7357.79,59.01,Credit Card
3380,2023-04-10 03:00:00,2827,Keyboard,4,1227.23,,78.63,PayPal
2448,2023-03-02 07:00:00,2556,Laptop,3,469.72,1403.22,5.94,PayPal
8599,2023-11-13 14:00:00,2142,Laptop,4,834.06,,9.81,PayPal
1343,2023-01-15 06:00:00,2021,Monitor,1,813.62,790.93,22.69,nan
8469,2023-11-08 04:00:00,2863,Laptop,2,1106.39,2124.6800000000003,88.1,Credit Card
6128,2023-08-02 15:00:00,2675,Keyboard,1,856.58,839.58,17.0,Credit Card
4137,2023-05-11 16:00:00,2266,Tablet,4,1167.06,4634.11,34.13,Credit Card
3528,2023-04-16 07:00:00,2790,Tablet,3,1966.7,5814.31,85.79,PayPal
1728,2023-01-31 07:00:00,2606,Mouse,2,464.16,889.9100000000001,38.41,Credit Card
5578,2023-07-10 17:00:00,2387,Monitor,4,572.74,2252.1,38.86,Cash
1977,2023-02-10 16:00:00,2277,Mouse,2,1497.46,2921.41,73.51,Debit Card
9808,2024-01-02 23:00:00,2618,Headphones,4,563.97,2238.19,17.69,Credit Card
6444,2023-08-15 19:00:00,2998,Mouse,1,1337.65,1270.45,67.2,Debit Card
10492,2024-01-31 11:00:00,2820,Laptop,4,962.16,3822.5699999999997,26.07,Cash
4517,2023-05-27 12:00:00,2992,Keyboard,4,1527.59,6106.7,3.66,PayPal
10342,2024-01-25 05:00:00,2684,Tablet,3,302.23,808.4100000000001,98.28,Cash
9490,2023-12-20 17:00:00,2407,Monitor,4,1235.59,4929.17,13.19,Cash
8157,2023-10-26 04:00:00,2492,Mouse,3,336.0,927.35,80.65,Credit Card
2594,2023-03-08 09:00:00,2624,Monitor,3,546.41,1596.63,42.6,Credit Card
4941,2023-06-14 04:00:00,2403,Monitor,1,1055.39,1053.0600000000002,2.33,Cash
2300,2023-02-24 03:00:00,2571,Headphones,1,1591.96,1534.81,57.15,Debit Card
5443,2023-07-05 02:00:00,2761,Monitor,1,1929.85,1925.98,3.87,Debit Card
2349,2023-02-26 04:00:00,2203,Laptop,2,1583.36,3146.68,20.04,Debit Card
1661,2023-01-28 12:00:00,2714,Laptop,4,1702.7,6712.01,98.79,Credit Card
6887,2023-09-03 06:00:00,2960,Tablet,3,332.91,904.28,94.45,PayPal
2493,2023-03-04 04:00:00,2238,Tablet,2,1052.89,2091.88,13.9,Debit Card
10734,2024-02-10 13:00:00,2525,Mouse,4,1530.82,6098.95,24.33,Credit Card
5590,2023-07-11 05:00:00,2924,Tablet,1,264.86,223.96,40.9,Credit Card
8744,2023-11-19 15:00:00,2040,Headphones,4,1197.02,4764.32,23.76,Credit Card
10038,2024-01-12 13:00:00,2101,Headphones,2,1144.26,2213.97,74.55,Credit Card
6155,2023-08-03 18:00:00,2989,Keyboard,2,,3211.35,18.55,Debit Card
3316,2023-04-07 11:00:00,2014,Keyboard,2,1114.05,2212.46,15.64,PayPal
1765,2023-02-01 20:00:00,2414,Mouse,4,1774.07,7023.99,72.29,Debit Card
8967,2023-11-28 22:00:00,2657,Monitor,3,1762.68,5258.39,29.65,Cash
8025,2023-10-20 16:00:00,2428,Laptop,4,1070.66,4272.92,9.72,Cash
2086,2023-02-15 05:00:00,2209,Keyboard,1,,528.5999999999999,37.56,Debit Card
3525,2023-04-16 04:00:00,2130,Headphones,1,1550.34,1492.55,57.79,PayPal
9040,2023-12-01 23:00:00,2038,Keyboard,3,1716.51,5104.91,44.62,Debit Card
9896,2024-01-06 15:00:00,2386,Laptop,4,78.82,309.34999999999997,5.93,Cash
6375,2023-08-12 22:00:00,2578,Tablet,4,908.66,3561.1299999999997,73.51,Cash
4199,2023-05-14 06:00:00,2004,Mouse,1,91.5,88.67,2.83,Debit Card
6752,2023-08-28 15:00:00,2793,Tablet,3,313.54,914.8500000000001,25.77,Debit Card
5009,2023-06-17 00:00:00,2562,Monitor,4,68.23,257.65000000000003,15.27,Credit Card
6718,2023-08-27 05:00:00,2661,Mouse,2,1648.62,3274.7,22.54,Credit Card
9311,2023-12-13 06:00:00,2649,Mouse,2,832.76,1584.51,81.01,Debit Card
10563,2024-02-03 10:00:00,2932,Tablet,4,,936.58,25.62,PayPal
7658,2023-10-05 09:00:00,2559,Headphones,3,861.01,2502.68,80.35,PayPal
9832,2024-01-03 23:00:00,2276,Mouse,4,155.65,524.51,98.09,Credit Card
9652,2023-12-27 11:00:00,2502,Mouse,4,1269.05,4986.45,89.75,Credit Card
1068,2023-01-03 19:00:00,2948,Laptop,2,985.76,1939.99,31.53,Debit Card
9461,2023-12-19 12:00:00,2355,Monitor,3,,4332.78,19.29,Credit Card
1041,2023-01-02 16:00:00,2391,Monitor,2,1831.99,3644.06,19.92,Credit Card
3270,2023-04-05 13:00:00,2121,Headphones,1,755.79,686.89,68.9,PayPal
3382,2023-04-10 05:00:00,2774,Laptop,4,788.0,3108.09,43.91,PayPal
9130,2023-12-05 17:00:00,2183,Headphones,2,1294.31,2489.42,99.2,PayPal
10288,2024-01-22 23:00:00,2421,Keyboard,2,1771.03,3517.66,24.4,Cash
5917,2023-07-24 20:00:00,2807,Keyboard,3,75.97,,21.55,Debit Card
6323,2023-08-10 18:00:00,2158,Monitor,2,1901.54,3799.1,3.98,Cash
6774,2023-08-29 13:00:00,2517,Monitor,3,1711.08,5105.59,27.65,Cash
7233,2023-09-17 16:00:00,2249,Laptop,3,1384.94,4094.64,60.18,PayPal
7964,2023-10-18 03:00:00,2496,Monitor,3,,5864.3,68.44,Credit Card
4448,2023-05-24 15:00:00,2953,Headphones,4,82.71,330.72999999999996,0.11,Cash
7817,2023-10-12 00:00:00,2431,Keyboard,3,,1486.32,14.97,Cash
3368,2023-04-09 15:00:00,2582,Keyboard,1,44.87,,85.69,Credit Card
9021,2023-12-01 04:00:00,2066,Tablet,2,1166.91,2279.3500000000004,54.47,Cash
9590,2023-12-24 21:00:00,2166,Headphones,3,922.3,2707.0399999999995,59.86,PayPal
3513,2023-04-15 16:00:00,2923,Monitor,2,1288.19,2557.87,18.51,Credit Card
3166,2023-04-01 05:00:00,2880,Tablet,2,744.48,,1.93,Debit Card
3724,2023-04-24 11:00:00,2007,Laptop,3,194.08,511.62,70.62,Cash
6949,2023-09-05 20:00:00,2052,Keyboard,1,477.07,384.55,92.52,PayPal
10651,2024-02-07 02:00:00,2206,Headphones,1,1076.75,1025.65,51.1,Debit Card
10009,2024-01-11 08:00:00,2366,Mouse,2,1469.94,2930.4300000000003,9.45,Cash
2144,2023-02-17 15:00:00,2790,Mouse,3,594.54,1706.7399999999998,76.88,Debit Card
2248,2023-02-21 23:00:00,2225,Laptop,4,1771.6,7081.219999999999,5.18,Cash
8156,2023-10-26 03:00:00,2379,Laptop,2,1439.1,2779.97,98.23,PayPal
8802,2023-11-22 01:00:00,2642,Laptop,2,1774.37,3465.91,82.83,Credit Card
10030,2024-01-12 05:00:00,2500,Keyboard,3,701.68,2086.65,18.39,Debit Card
9850,2024-01-04 17:00:00,2787,Keyboard,3,403.36,1192.9099999999999,17.17,PayPal
5729,2023-07-17 00:00:00,2717,Monitor,1,1034.34,960.7099999999999,73.63,Credit Card
6495,2023-08-17 22:00:00,2031,Monitor,3,127.74,366.46999999999997,16.75,Credit Card
6756,2023-08-28 19:00:00,2068,Tablet,1,862.11,861.37,0.74,Cash
9283,2023-12-12 02:00:00,2407,Headphones,2,320.18,590.09,50.27,PayPal
10715,2024-02-09 18:00:00,2055,Headphones,1,357.0,,87.65,Debit Card
8231,2023-10-29 06:00:00,2396,Headphones,2,765.78,1455.44,76.12,Credit Card
4790,2023-06-07 21:00:00,2648,Tablet,1,,1712.87,26.19,Debit Card
10923,2024-02-18 10:00:00,2073,Headphones,2,1871.29,3663.72,78.86,nan
3221,2023-04-03 12:00:00,2585,Headphones,3,1599.25,4773.75,24.0,PayPal
6076,2023-07-31 11:00:00,2050,Mouse,2,174.92,269.65,80.19,Debit Card
3332,2023-04-08 03:00:00,2354,Keyboard,2,382.76,721.92,43.6,Credit Card
6395,2023-08-13 18:00:00,2060,Tablet,3,,3330.07,81.14,PayPal
9217,2023-12-09 08:00:00,2931,Keyboard,1,419.39,404.3,15.09,Cash
9982,2024-01-10 05:00:00,2979,Tablet,2,660.6,1240.8500000000001,80.35,Credit Card
8091,2023-10-23 10:00:00,2628,Laptop,4,136.76,484.96,62.08,Credit Card
8790,2023-11-21 13:00:00,2204,Mouse,3,1699.04,5094.47,2.65,Cash
10808,2024-02-13 15:00:00,2510,Keyboard,1,387.68,366.4,21.28,Credit Card
5089,2023-06-20 08:00:00,2295,Mouse,2,828.45,1580.18,76.72,Credit Card
2968,2023-03-23 23:00:00,2201,Mouse,2,37.3,57.72999999999999,16.87,Debit Card
10578,2024-02-04 01:00:00,2377,Mouse,2,646.13,1238.78,53.48,Credit Card
10249,2024-01-21 08:00:00,2072,Laptop,4,164.35,595.13,62.27,PayPal
7758,2023-10-09 13:00:00,2329,Headphones,4,389.7,1527.87,30.93,PayPal
6324,2023-08-10 19:00:00,2273,Monitor,1,468.56,423.68,44.88,Debit Card
5366,2023-07-01 21:00:00,2451,Tablet,4,969.79,3825.6099999999997,53.55,Debit Card
8000,2023-10-19 15:00:00,2078,Laptop,2,488.25,885.73,90.77,Debit Card
1424,2023-01-18 15:00:00,2372,Monitor,1,324.39,319.12,5.27,Credit Card
1281,2023-01-12 16:00:00,2505,Headphones,1,298.85,292.31,6.54,PayPal
2905,2023-03-21 08:00:00,2610,Monitor,3,359.07,1047.43,29.78,Debit Card
1596,2023-01-25 19:00:00,2917,Tablet,3,447.91,1332.94,10.79,Credit Card
10011,2024-01-11 10:00:00,2831,Mouse,2,758.83,1488.6000000000001,29.06,Credit Card
4918,2023-06-13 05:00:00,2324,Laptop,2,674.71,1324.73,24.69,PayPal
7143,2023-09-13 22:00:00,2470,Headphones,2,95.79,117.59000000000002,73.99,Cash
6662,2023-08-24 21:00:00,2321,Tablet,4,1946.73,7751.06,35.86,PayPal
6779,2023-08-29 18:00:00,2022,Tablet,2,597.91,1150.08,45.74,PayPal
4619,2023-05-31 18:00:00,2339,Keyboard,4,896.11,3485.08,99.36,PayPal
7846,2023-10-13 05:00:00,2192,Laptop,1,,815.29,60.24,Credit Card
1840,2023-02-04 23:00:00,2136,Headphones,1,940.9,913.36,27.54,Debit Card
5597,2023-07-11 12:00:00,2529,Keyboard,1,1743.47,1731.48,11.99,Credit Card
3660,2023-04-21 19:00:00,2921,Keyboard,2,764.92,,53.49,Cash
1142,2023-01-06 21:00:00,2955,Mouse,3,1073.06,3155.06,64.12,PayPal
3598,2023-04-19 05:00:00,2404,Monitor,1,1810.99,1796.08,14.91,nan
7702,2023-10-07 05:00:00,2058,Tablet,2,698.71,1317.28,80.14,Cash
9384,2023-12-16 07:00:00,2892,Mouse,4,1558.73,6166.78,68.14,Debit Card
2378,2023-02-27 09:00:00,2442,Tablet,1,981.26,924.23,57.03,Credit Card
4675,2023-06-03 02:00:00,2032,Mouse,2,,538.35,77.59,Cash
10215,2024-01-19 22:00:00,2221,Laptop,4,1928.56,7679.5199999999995,34.72,Debit Card
7622,2023-10-03 21:00:00,2553,Headphones,4,983.77,3904.2799999999997,30.8,Debit Card
7363,2023-09-23 02:00:00,2349,Keyboard,3,689.94,2016.9700000000003,52.85,Credit Card
10833,2024-02-14 16:00:00,2583,Headphones,2,656.83,1228.5300000000002,85.13,Cash
5742,2023-07-17 13:00:00,2166,Keyboard,2,71.88,68.27,75.49,Cash
4809,2023-06-08 16:00:00,2806,Headphones,2,1941.05,3879.25,2.85,Debit Card
2139,2023-02-17 10:00:00,2587,Headphones,4,1926.56,7636.91,69.33,Credit Card
3258,2023-04-05 01:00:00,2116,Tablet,3,671.32,1961.19,52.77,PayPal
8375,2023-11-04 06:00:00,2984,Tablet,3,1717.17,5127.4800000000005,24.03,Cash
10789,2024-02-12 20:00:00,2280,Tablet,1,458.49,411.56,46.93,PayPal
2788,2023-03-16 11:00:00,2427,Mouse,4,820.86,3273.35,10.09,Credit Card
4939,2023-06-14 02:00:00,2892,Monitor,4,1514.03,6052.58,3.54,nan
9450,2023-12-19 01:00:00,2848,Keyboard,3,719.53,2138.6600000000003,19.93,Credit Card
5647,2023-07-13 14:00:00,2655,Laptop,3,475.67,1418.62,8.39,Credit Card
8569,2023-11-12 08:00:00,2072,Mouse,1,1167.95,1114.6100000000001,53.34,Cash
1460,2023-01-20 03:00:00,2834,Keyboard,4,893.73,3574.32,0.6,nan
7116,2023-09-12 19:00:00,2761,Mouse,2,415.81,748.44,83.18,Debit Card
8822,2023-11-22 21:00:00,2293,Mouse,1,1134.95,1109.41,25.54,Debit Card
5641,2023-07-13 08:00:00,2469,Monitor,4,403.24,1583.96,29.0,PayPal
1949,2023-02-09 12:00:00,2122,Laptop,4,1288.08,5121.07,31.25,Credit Card
4701,2023-06-04 04:00:00,2171,Headphones,4,1871.25,7431.72,53.28,PayPal
2337,2023-02-25 16:00:00,2986,Keyboard,2,266.78,501.0799999999999,32.48,Cash
7371,2023-09-23 10:00:00,2804,Laptop,4,165.48,618.8599999999999,43.06,Cash
5629,2023-07-12 20:00:00,2481,Monitor,4,1633.35,6510.36,23.04,PayPal
8359,2023-11-03 14:00:00,2377,Mouse,2,1280.84,2492.5299999999997,69.15,PayPal
7287,2023-09-19 22:00:00,2713,Monitor,3,628.05,1815.85,68.3,Credit Card
6926,2023-09-04 21:00:00,2434,Keyboard,3,1714.06,5059.1900000000005,82.99,nan
6935,2023-09-05 06:00:00,2890,Headphones,1,320.1,293.46000000000004,26.64,PayPal
7041,2023-09-09 16:00:00,2833,Mouse,4,1742.83,6886.46,84.86,Debit Card
1442,2023-01-19 09:00:00,2238,Monitor,1,209.21,149.07,60.14,Credit Card
7660,2023-10-05 11:00:00,2315,Tablet,1,486.05,397.29,88.76,Cash
2603,2023-03-08 18:00:00,2169,Mouse,1,415.56,370.2,45.36,Credit Card
3239,2023-04-04 06:00:00,2616,Monitor,1,407.18,370.11,37.07,Credit Card
1640,2023-01-27 15:00:00,2096,Monitor,4,1776.12,7081.349999999999,23.13,Cash
9664,2023-12-27 23:00:00,2451,Headphones,3,1359.02,4065.1,11.96,Credit Card
4831,2023-06-09 14:00:00,2878,Headphones,4,998.15,3988.71,3.89,PayPal
10867,2024-02-16 02:00:00,2200,Monitor,2,,1828.1,85.9,nan
7145,2023-09-14 00:00:00,2529,Laptop,4,1913.29,7601.75,51.41,Debit Card
5220,2023-06-25 19:00:00,2994,Headphones,2,224.89,433.29999999999995,16.48,Debit Card
10510,2024-02-01 05:00:00,2774,Tablet,3,1219.2,3628.84,28.76,PayPal
7345,2023-09-22 08:00:00,2849,Mouse,4,1778.14,7071.13,41.43,PayPal
3502,2023-04-15 05:00:00,2636,Keyboard,2,185.08,358.53000000000003,11.63,Cash
2959,2023-03-23 14:00:00,2984,Monitor,4,1305.72,5149.46,73.42,Credit Card
2071,2023-02-14 14:00:00,2911,Headphones,3,826.29,2444.9,33.97,Debit Card
1156,2023-01-07 11:00:00,2379,Keyboard,3,317.33,923.47,28.52,Debit Card
3296,2023-04-06 15:00:00,2887,Keyboard,1,1732.35,1639.0,93.35,Credit Card
1936,2023-02-08 23:00:00,2403,Keyboard,4,728.65,2865.35,49.25,Credit Card
5579,2023-07-10 18:00:00,2415,Keyboard,1,1677.09,1618.04,59.05,Debit Card
2090,2023-02-15 09:00:00,2371,Mouse,2,793.68,1501.6799999999998,85.68,PayPal
7050,2023-09-10 01:00:00,2037,Headphones,3,103.33,273.99,36.0,Cash
7416,2023-09-25 07:00:00,2717,Monitor,3,959.1,2825.1800000000003,52.12,Cash
3941,2023-05-03 12:00:00,2743,Tablet,4,776.76,3016.46,90.58,PayPal
1724,2023-01-31 03:00:00,2546,Headphones,1,1995.1,1908.76,86.34,Debit Card
5385,2023-07-02 16:00:00,2643,Laptop,1,1842.76,1778.6399999999999,64.12,Cash
1931,2023-02-08 18:00:00,2640,Headphones,1,1866.5,1813.66,52.84,Cash
8951,2023-11-28 06:00:00,2662,Laptop,1,1457.72,1457.03,0.69,Cash
3910,2023-05-02 05:00:00,2610,Keyboard,1,1243.6,1186.23,57.37,Credit Card
2675,2023-03-11 18:00:00,2022,Monitor,4,677.97,2679.6800000000003,32.2,PayPal
7764,2023-10-09 19:00:00,2809,Keyboard,2,1583.95,3096.05,71.85,Cash
9805,2024-01-02 20:00:00,2347,Mouse,3,1795.33,5294.62,91.37,PayPal
7417,2023-09-25 08:00:00,2850,Monitor,2,885.65,1747.68,23.62,Debit Card
8830,2023-11-23 05:00:00,2890,Keyboard,2,1903.4,,30.64,Debit Card
1896,2023-02-07 07:00:00,2542,Keyboard,3,500.73,1469.25,32.94,Credit Card
4248,2023-05-16 07:00:00,2331,Monitor,4,1641.87,6510.32,57.16,PayPal
3327,2023-04-07 22:00:00,2697,Mouse,2,939.97,1855.5,24.44,PayPal
8097,2023-10-23 16:00:00,2386,Monitor,4,587.15,2259.88,88.72,PayPal
10024,2024-01-11 23:00:00,2812,Tablet,2,1235.49,2425.31,45.67,PayPal
9292,2023-12-12 11:00:00,2038,Keyboard,2,1287.84,2531.18,44.5,Debit Card
6382,2023-08-13 05:00:00,2952,Mouse,3,1488.66,4390.93,75.05,Cash
6039,2023-07-29 22:00:00,2393,Mouse,3,77.17,170.26,61.25,Credit Card
7451,2023-09-26 18:00:00,2417,Keyboard,4,1958.62,7828.19,6.29,Cash
5137,2023-06-22 08:00:00,2930,Laptop,4,1458.05,5786.88,45.32,Cash
10716,2024-02-09 19:00:00,2051,Headphones,4,1855.87,7395.099999999999,28.38,Debit Card
2716,2023-03-13 11:00:00,2457,Tablet,2,1538.82,3031.77,45.87,Cash
2699,2023-03-12 18:00:00,2591,Laptop,1,284.18,237.4,46.78,Cash
9966,2024-01-09 13:00:00,2390,Laptop,1,1991.35,1921.27,70.08,Credit Card
9848,2024-01-04 15:00:00,2847,Keyboard,3,1745.41,5204.46,31.77,Cash
3190,2023-04-02 05:00:00,2906,Laptop,3,,4244.28,21.39,Credit Card
9688,2023-12-28 23:00:00,2944,Headphones,3,401.62,1121.92,82.94,Cash
4832,2023-06-09 15:00:00,2487,Keyboard,1,316.02,297.45,18.57,Credit Card
7300,2023-09-20 11:00:00,2103,Tablet,4,1375.12,5439.12,61.36,Credit Card
4349,2023-05-20 12:00:00,2332,Mouse,3,1272.44,3788.54,28.78,Cash
10997,2024-02-21 12:00:00,2850,Tablet,4,275.25,1043.87,57.13,Cash
1986,2023-02-11 01:00:00,2111,Monitor,2,1425.79,2786.99,64.59,Credit Card
2822,2023-03-17 21:00:00,2290,Laptop,1,790.86,774.0,16.86,Cash
5572,2023-07-10 11:00:00,2884,Tablet,1,466.93,384.5,82.43,PayPal
1588,2023-01-25 11:00:00,2904,Tablet,2,1706.28,3406.6,5.96,PayPal
2510,2023-03-04 21:00:00,2417,Laptop,2,478.21,933.1999999999999,23.22,Credit Card
6078,2023-07-31 13:00:00,2375,Mouse,3,526.86,1492.1399999999999,88.44,PayPal
6346,2023-08-11 17:00:00,2536,Monitor,2,233.29,400.87,65.71,Debit Card
8896,2023-11-25 23:00:00,2939,Headphones,3,,600.65,18.19,Debit Card
9739,2023-12-31 02:00:00,2367,Headphones,4,1598.4,6327.58,66.02,PayPal
7253,2023-09-18 12:00:00,2388,Tablet,3,1195.54,3528.0699999999997,58.55,Credit Card
9414,2023-12-17 13:00:00,2468,Headphones,2,1758.76,3452.09,65.43,Cash
6484,2023-08-17 11:00:00,2944,Tablet,1,605.27,600.8299999999999,4.44,Cash
3991,2023-05-05 14:00:00,2446,Keyboard,4,1166.24,4585.56,79.4,Cash
10748,2024-02-11 03:00:00,2718,Mouse,3,1790.58,5360.53,11.21,Debit Card
6515,2023-08-18 18:00:00,2257,Keyboard,3,962.47,,90.54,PayPal
9330,2023-12-14 01:00:00,2078,Tablet,2,684.4,1289.4299999999998,79.37,Credit Card
8740,2023-11-19 11:00:00,2070,Tablet,1,480.11,453.68,26.43,Credit Card
9295,2023-12-12 14:00:00,2998,Keyboard,1,1694.11,1636.51,57.6,PayPal
10322,2024-01-24 09:00:00,2325,Keyboard,2,1847.22,3625.63,68.81,PayPal
6554,2023-08-20 09:00:00,2971,Tablet,4,1573.87,6219.389999999999,76.09,Debit Card
4558,2023-05-29 05:00:00,2045,Headphones,3,1151.81,3415.3399999999997,40.09,Cash
2396,2023-02-28 03:00:00,2063,Headphones,4,1013.21,4015.7000000000003,37.14,Credit Card
1265,2023-01-12 00:00:00,2936,Keyboard,3,1629.8,4880.849999999999,8.55,PayPal
8645,2023-11-15 12:00:00,2225,Monitor,4,1445.93,5725.39,58.33,Debit Card
4548,2023-05-28 19:00:00,2344,Monitor,4,622.72,2447.96,42.92,PayPal
7845,2023-10-13 04:00:00,2238,Mouse,3,184.37,528.32,24.79,PayPal
9316,2023-12-13 11:00:00,2364,Keyboard,3,234.65,684.5600000000001,19.39,PayPal
7789,2023-10-10 20:00:00,2156,Keyboard,2,1037.58,1993.37,81.79,Cash
4070,2023-05-08 21:00:00,2119,Monitor,4,1855.16,7419.700000000001,0.94,Credit Card
8550,2023-11-11 13:00:00,2598,Laptop,2,917.51,1774.24,60.78,Credit Card
9940,2024-01-08 11:00:00,2549,Laptop,3,871.81,2608.2799999999997,7.15,Debit Card
6026,2023-07-29 09:00:00,2931,Laptop,4,968.68,3798.8199999999997,75.9,Debit Card
9813,2024-01-03 04:00:00,2889,Headphones,4,1607.24,,47.33,PayPal
4865,2023-06-11 00:00:00,2525,Mouse,2,1976.7,3930.0,23.4,Debit Card
10530,2024-02-02 01:00:00,2807,Keyboard,1,1598.0,1565.02,32.98,Credit Card
3401,2023-04-11 00:00:00,2911,Headphones,3,661.23,1952.22,31.47,Debit Card
7275,2023-09-19 10:00:00,2204,Headphones,2,1897.61,3709.4599999999996,85.76,PayPal
9903,2024-01-06 22:00:00,2604,Keyboard,1,1838.82,1817.49,21.33,Credit Card
8969,2023-11-29 00:00:00,2679,Keyboard,3,949.67,2805.16,43.85,PayPal
8963,2023-11-28 18:00:00,2253,Headphones,2,292.5,527.52,57.48,PayPal
4712,2023-06-04 15:00:00,2344,Monitor,1,1095.0,1058.15,36.85,Cash
1247,2023-01-11 06:00:00,2381,Tablet,2,1391.14,2752.3,29.98,Debit Card
2595,2023-03-08 10:00:00,2524,Keyboard,1,1993.41,1987.48,5.93,PayPal
3233,2023-04-04 00:00:00,2682,Laptop,1,55.5,-15.0,70.5,Cash
2530,2023-03-05 17:00:00,2707,Monitor,2,,1263.49,47.81,Cash
9636,2023-12-26 19:00:00,2628,Monitor,2,355.5,627.92,83.08,Credit Card
1924,2023-02-08 11:00:00,2652,Mouse,3,67.05,150.85999999999999,50.29,Credit Card
9280,2023-12-11 23:00:00,2105,Laptop,1,723.11,717.63,5.48,PayPal
8330,2023-11-02 09:00:00,2043,Tablet,3,1784.34,5309.16,43.86,PayPal
5365,2023-07-01 20:00:00,2883,Laptop,4,1581.68,6323.31,3.41,Cash
1670,2023-01-28 21:00:00,2060,Headphones,2,1107.87,2168.6499999999996,47.09,Debit Card
4605,2023-05-31 04:00:00,2236,Headphones,1,238.35,166.48,71.87,Credit Card
6109,2023-08-01 20:00:00,2391,Mouse,4,36.51,92.75,53.29,Debit Card
2911,2023-03-21 14:00:00,2563,Tablet,4,339.88,1275.04,84.48,PayPal
8277,2023-10-31 04:00:00,2572,Tablet,1,,460.53999999999996,95.87,PayPal
9760,2023-12-31 23:00:00,2315,Keyboard,4,1177.09,4667.04,41.32,Credit Card
6249,2023-08-07 16:00:00,2970,Mouse,4,772.74,3023.93,67.03,Cash
8184,2023-10-27 07:00:00,2229,Monitor,4,665.34,2649.52,11.84,Cash
4959,2023-06-14 22:00:00,2217,Tablet,1,,1724.91,43.59,Credit Card
7958,2023-10-17 21:00:00,2473,Monitor,2,285.63,471.96,99.3,Cash
7027,2023-09-09 02:00:00,2806,Headphones,3,1477.43,4355.28,77.01,Cash
6644,2023-08-24 03:00:00,2326,Mouse,3,1788.3,5286.5199999999995,78.38,Cash
3697,2023-04-23 08:00:00,2377,Keyboard,2,1374.29,2710.0499999999997,38.53,Cash
3592,2023-04-18 23:00:00,2299,Keyboard,4,1844.98,7317.5,62.42,Cash
6907,2023-09-04 02:00:00,2601,Laptop,4,1336.1,5313.009999999999,31.39,Cash
2782,2023-03-16 05:00:00,2022,Mouse,2,942.16,1849.57,34.75,Cash
7510,2023-09-29 05:00:00,2548,Keyboard,3,936.02,2711.24,96.82,Credit Card
4014,2023-05-06 13:00:00,2225,Mouse,4,1564.44,6158.24,99.52,Credit Card
8134,2023-10-25 05:00:00,2600,Keyboard,4,1770.2,7051.3,29.5,Debit Card
3308,2023-04-07 03:00:00,2788,Mouse,4,,4902.370000000001,74.19,Credit Card
9058,2023-12-02 17:00:00,2073,Laptop,2,659.57,1247.0500000000002,72.09,Credit Card
4691,2023-06-03 18:00:00,2213,Keyboard,3,806.64,2391.1800000000003,28.74,PayPal
1688,2023-01-29 15:00:00,2831,Laptop,4,1962.93,7762.610000000001,89.11,Cash
7012,2023-09-08 11:00:00,2999,Monitor,1,1596.57,1549.59,46.98,Cash
8072,2023-10-22 15:00:00,2092,Monitor,3,146.3,432.89000000000004,6.01,Credit Card
1613,2023-01-26 12:00:00,2039,Laptop,3,1285.4,3758.2700000000004,97.93,PayPal
10736,2024-02-10 15:00:00,2318,Mouse,1,554.78,455.58,99.2,PayPal
8168,2023-10-26 15:00:00,2230,Laptop,4,1076.85,4212.69,94.71,Debit Card
9325,2023-12-13 20:00:00,2470,Mouse,1,279.89,191.01999999999998,88.87,PayPal
4201,2023-05-14 08:00:00,2184,Laptop,1,322.01,295.87,26.14,Cash
3268,2023-04-05 11:00:00,2271,Mouse,2,1378.56,2730.0099999999998,27.11,Credit Card
10050,2024-01-13 01:00:00,2228,Tablet,2,181.42,337.7,25.14,nan
7630,2023-10-04 05:00:00,2829,Keyboard,1,1751.35,1743.24,8.11,Credit Card
5136,2023-06-22 07:00:00,2943,Laptop,2,1203.59,2354.81,52.37,Cash
2899,2023-03-21 02:00:00,2138,Tablet,4,868.04,3376.49,95.67,Debit Card
1440,2023-01-19 07:00:00,2727,Mouse,1,1556.6,1460.06,96.54,Cash
1283,2023-01-12 18:00:00,2661,Monitor,1,519.55,483.93999999999994,35.61,Credit Card
1259,2023-01-11 18:00:00,2233,Tablet,1,1777.62,1688.9899999999998,88.63,Cash
3925,2023-05-02 20:00:00,2018,Keyboard,2,382.28,678.8599999999999,85.7,PayPal
10898,2024-02-17 09:00:00,2548,Laptop,2,860.7,1682.0300000000002,39.37,PayPal
5944,2023-07-25 23:00:00,2007,Monitor,3,1354.65,4041.05,22.9,Cash
3823,2023-04-28 14:00:00,2482,Tablet,3,1866.36,5566.05,33.03,PayPal
7530,2023-09-30 01:00:00,2336,Mouse,3,340.83,974.12,48.37,Credit Card
4340,2023-05-20 03:00:00,2375,Keyboard,3,1848.17,5451.05,93.46,PayPal
4526,2023-05-27 21:00:00,2067,Tablet,3,1486.9,4457.120000000001,3.58,Credit Card
5564,2023-07-10 03:00:00,2116,Headphones,3,397.02,1185.08,5.98,PayPal
1034,2023-01-02 09:00:00,2354,Tablet,2,1838.87,3645.91,31.83,Debit Card
7698,2023-10-07 01:00:00,2471,Headphones,4,1544.28,6130.599999999999,46.52,Credit Card
6330,2023-08-11 01:00:00,2163,Monitor,4,1167.37,4643.25,26.23,PayPal
6224,2023-08-06 15:00:00,2114,Mouse,4,474.44,1866.41,31.35,PayPal
3286,2023-04-06 05:00:00,2162,Mouse,1,938.4,,36.18,Credit Card
7064,2023-09-10 15:00:00,2877,Headphones,2,492.88,921.0699999999999,64.69,PayPal
9079,2023-12-03 14:00:00,2879,Mouse,3,1128.14,3333.57,50.85,Credit Card
5655,2023-07-13 22:00:00,2886,Headphones,4,263.98,973.33,82.59,Debit Card
6001,2023-07-28 08:00:00,2246,Tablet,2,1119.7,2197.48,41.92,PayPal
7711,2023-10-07 14:00:00,2485,Laptop,1,,39.03999999999999,60.56,Credit Card
10796,2024-02-13 03:00:00,2340,Monitor,2,1201.67,2306.2200000000003,97.12,Credit Card
8765,2023-11-20 12:00:00,2013,Monitor,4,1220.32,4809.65,71.63,Cash
1485,2023-01-21 04:00:00,2132,Keyboard,3,550.28,1646.4199999999998,4.42,PayPal
3212,2023-04-03 03:00:00,2222,Mouse,2,1529.8,2964.52,95.08,Credit Card
6417,2023-08-14 16:00:00,2083,Keyboard,1,166.02,113.99000000000001,52.03,Cash
1476,2023-01-20 19:00:00,2781,Headphones,2,1800.34,,34.45,Debit Card
3556,2023-04-17 11:00:00,2609,Monitor,3,1447.45,4291.450000000001,50.9,PayPal
9088,2023-12-03 23:00:00,2064,Laptop,1,1488.86,1428.04,60.82,Debit Card
1008,2023-01-01 07:00:00,2269,Laptop,3,1193.82,3489.7400000000002,91.72,PayPal
4658,2023-06-02 09:00:00,2245,Monitor,4,499.96,1943.47,56.37,PayPal
7412,2023-09-25 03:00:00,2149,Headphones,2,1190.69,2368.6600000000003,12.72,Debit Card
10629,2024-02-06 04:00:00,2128,Laptop,3,429.05,1286.8300000000002,0.32,Cash
5875,2023-07-23 02:00:00,2542,Monitor,4,453.05,1738.48,73.72,Credit Card
5403,2023-07-03 10:00:00,2334,Tablet,2,1222.5,2407.28,37.72,PayPal
10368,2024-01-26 07:00:00,2331,Laptop,3,827.45,2384.7500000000005,97.6,PayPal
10975,2024-02-20 14:00:00,2642,Monitor,1,63.78,-4.700000000000003,68.48,PayPal
6547,2023-08-20 02:00:00,2849,Keyboard,1,962.92,920.3199999999999,42.6,Cash
6298,2023-08-09 17:00:00,2889,Headphones,4,358.39,1349.3799999999999,84.18,Credit Card
3427,2023-04-12 02:00:00,2256,Monitor,2,363.32,640.3199999999999,86.32,PayPal
7745,2023-10-09 00:00:00,2458,Laptop,1,475.53,440.97999999999996,34.55,Debit Card
2815,2023-03-17 14:00:00,2568,Laptop,4,1647.56,6537.599999999999,52.64,nan
8604,2023-11-13 19:00:00,2764,Mouse,4,1446.41,5776.3,9.34,PayPal
7823,2023-10-12 06:00:00,2183,Tablet,2,982.02,1932.86,31.18,PayPal
7744,2023-10-08 23:00:00,2962,Mouse,1,1812.22,1727.88,84.34,Cash
3275,2023-04-05 18:00:00,2916,Mouse,3,1151.39,3402.42,51.75,Debit Card
2012,2023-02-12 03:00:00,2132,Mouse,1,990.05,948.38,41.67,Credit Card
2578,2023-03-07 17:00:00,2334,Keyboard,4,1917.66,7637.9800000000005,32.66,PayPal
8265,2023-10-30 16:00:00,2971,Mouse,4,462.36,1759.16,90.28,Credit Card
2068,2023-02-14 11:00:00,2792,Mouse,1,,1923.53,43.44,PayPal
2992,2023-03-24 23:00:00,2206,Monitor,2,1805.99,3585.73,26.25,PayPal
4971,2023-06-15 10:00:00,2530,Headphones,3,1965.29,5817.38,78.49,Credit Card
10531,2024-02-02 02:00:00,2269,Tablet,3,1978.71,5875.09,61.04,Cash
6880,2023-09-02 23:00:00,2571,Keyboard,4,214.1,796.23,60.17,Credit Card
9089,2023-12-04 00:00:00,2984,Laptop,3,1594.59,4722.73,61.04,Cash
9847,2024-01-04 14:00:00,2885,Headphones,3,1297.7,3814.3600000000006,78.74,Credit Card
5543,2023-07-09 06:00:00,2583,Headphones,3,1057.8,3100.7599999999998,72.64,Cash
10798,2024-02-13 05:00:00,2514,Keyboard,1,609.01,578.75,30.26,Cash
8194,2023-10-27 17:00:00,2245,Headphones,2,1485.54,2907.79,63.29,Debit Card
4868,2023-06-11 03:00:00,2146,Laptop,2,956.91,1881.1699999999998,32.65,Debit Card
4411,2023-05-23 02:00:00,2749,Monitor,4,1507.28,5962.19,66.93,PayPal
7824,2023-10-12 07:00:00,2059,Headphones,2,1121.28,2214.15,28.41,Cash
4049,2023-05-08 00:00:00,2488,Mouse,3,91.53,206.37000000000003,68.22,Cash
8549,2023-11-11 12:00:00,2210,Laptop,2,1657.78,3269.79,45.77,Debit Card
9091,2023-12-04 02:00:00,2502,Keyboard,4,829.54,3256.48,61.68,PayPal
1782,2023-02-02 13:00:00,2272,Headphones,4,310.65,1220.85,21.75,Debit Card
7748,2023-10-09 03:00:00,2346,Tablet,4,459.36,1807.5800000000002,29.86,Credit Card
3676,2023-04-22 11:00:00,2459,Keyboard,2,1942.76,3799.57,85.95,Credit Card
2750,2023-03-14 21:00:00,2239,Headphones,1,1157.61,1108.4399999999998,49.17,Cash
7223,2023-09-17 06:00:00,2199,Laptop,4,820.62,3271.84,10.64,Credit Card
9475,2023-12-20 02:00:00,2303,Headphones,3,1717.86,5150.67,2.91,Debit Card
3792,2023-04-27 07:00:00,2330,Mouse,1,132.57,,39.94,Credit Card
7520,2023-09-29 15:00:00,2511,Keyboard,1,809.86,769.32,40.54,PayPal
6775,2023-08-29 14:00:00,2870,Laptop,4,357.99,1355.28,76.68,Credit Card
7358,2023-09-22 21:00:00,2404,Laptop,1,648.93,558.8299999999999,90.1,Cash
5980,2023-07-27 11:00:00,2933,Monitor,2,1806.69,3538.48,74.9,Cash
9296,2023-12-12 15:00:00,2222,Tablet,1,1879.44,1789.5700000000002,89.87,Cash
2092,2023-02-15 11:00:00,2803,Mouse,2,1230.92,2402.2000000000003,59.64,Credit Card
7527,2023-09-29 22:00:00,2858,Monitor,4,1716.36,6835.57,29.87,Debit Card
9724,2023-12-30 11:00:00,2134,Tablet,4,494.46,1921.4399999999998,56.4,Cash
5628,2023-07-12 19:00:00,2150,Monitor,3,996.44,2914.57,74.75,Debit Card
3325,2023-04-07 20:00:00,2679,Headphones,3,1298.96,3823.26,73.62,Debit Card
7535,2023-09-30 06:00:00,2258,Laptop,1,1023.46,995.23,28.23,Debit Card
10426,2024-01-28 17:00:00,2857,Headphones,4,884.08,3487.25,49.07,Credit Card
6056,2023-07-30 15:00:00,2745,Tablet,3,1573.62,4704.71,16.15,Cash
3609,2023-04-19 16:00:00,2720,Tablet,3,1700.35,5073.449999999999,27.6,Credit Card
10477,2024-01-30 20:00:00,2718,Keyboard,2,1678.01,3346.97,9.05,Debit Card
3291,2023-04-06 10:00:00,2624,Mouse,4,1307.27,5174.1,54.98,PayPal
2728,2023-03-13 23:00:00,2497,Mouse,1,79.7,1.3599999999999994,78.34,PayPal
1611,2023-01-26 10:00:00,2260,Headphones,4,1221.66,4802.59,84.05,Debit Card
8818,2023-11-22 17:00:00,2150,Laptop,1,1347.59,1322.29,25.3,PayPal
5667,2023-07-14 10:00:00,2335,Tablet,4,1353.28,5382.18,30.94,Cash
7076,2023-09-11 03:00:00,2491,Headphones,3,1286.88,3808.9700000000003,51.67,PayPal
6414,2023-08-14 13:00:00,2468,Headphones,1,533.61,525.16,8.45,Credit Card
9104,2023-12-04 15:00:00,2140,Mouse,4,214.94,823.52,36.24,PayPal
1344,2023-01-15 07:00:00,2593,Monitor,4,153.5,522.23,91.77,Debit Card
5684,2023-07-15 03:00:00,2055,Monitor,3,99.38,,44.69,Debit Card
10232,2024-01-20 15:00:00,2036,Mouse,2,1296.06,2580.93,11.19,Credit Card
4751,2023-06-06 06:00:00,2807,Mouse,3,1211.47,3558.6299999999997,75.78,Cash
9870,2024-01-05 13:00:00,2909,Laptop,2,281.57,,99.18,Credit Card
10778,2024-02-12 09:00:00,2059,Headphones,3,668.32,1936.66,68.3,Debit Card
7000,2023-09-07 23:00:00,2276,Monitor,2,342.03,639.15,44.91,PayPal
4216,2023-05-14 23:00:00,2555,Laptop,1,1013.07,968.97,44.1,PayPal
1098,2023-01-05 01:00:00,2317,Keyboard,1,1795.34,1706.58,88.76,PayPal
9180,2023-12-07 19:00:00,2266,Keyboard,4,741.4,2928.49,37.11,PayPal
4138,2023-05-11 17:00:00,2051,Headphones,3,1984.52,5913.44,40.12,Cash
6177,2023-08-04 16:00:00,2828,Laptop,3,445.87,1260.23,77.38,Cash
8280,2023-10-31 07:00:00,2362,Tablet,2,,193.52,5.5,Credit Card
7166,2023-09-14 21:00:00,2711,Monitor,2,1059.1,2064.49,53.71,Debit Card
2538,2023-03-06 01:00:00,2212,Laptop,3,584.38,1653.4299999999998,99.71,PayPal
4589,2023-05-30 12:00:00,2970,Headphones,3,1088.59,3238.1199999999994,27.65,PayPal
5949,2023-07-26 04:00:00,2130,Tablet,4,272.6,1062.0500000000002,28.35,Cash
7986,2023-10-19 01:00:00,2066,Monitor,4,158.47,578.73,55.15,Cash
4649,2023-06-02 00:00:00,2424,Keyboard,3,910.14,2708.61,21.81,Credit Card
3658,2023-04-21 17:00:00,2723,Tablet,2,267.22,510.53000000000003,23.91,Cash
9807,2024-01-02 22:00:00,2922,Mouse,2,1093.67,2095.1000000000004,92.24,Debit Card
2518,2023-03-05 05:00:00,2667,Tablet,1,585.34,491.94000000000005,93.4,Credit Card
6062,2023-07-30 21:00:00,2682,Headphones,2,1140.0,2195.98,84.02,PayPal
10821,2024-02-14 04:00:00,2301,Mouse,3,143.86,398.01000000000005,33.57,PayPal
5625,2023-07-12 16:00:00,2237,Mouse,1,860.67,843.49,17.18,Credit Card
5273,2023-06-28 00:00:00,2611,Laptop,1,,1493.7,24.54,PayPal
4670,2023-06-02 21:00:00,2140,Monitor,3,1476.26,4426.53,2.25,Debit Card
7567,2023-10-01 14:00:00,2930,Monitor,1,1378.33,1305.36,72.97,Cash
6801,2023-08-30 16:00:00,2418,Laptop,4,570.07,2189.2400000000002,91.04,Cash
3091,2023-03-29 02:00:00,2909,Keyboard,4,1318.09,5190.57,81.79,Cash
8098,2023-10-23 17:00:00,2420,Tablet,1,105.98,56.830000000000005,49.15,PayPal
7172,2023-09-15 03:00:00,2005,Tablet,1,204.08,117.95000000000002,86.13,PayPal
8522,2023-11-10 09:00:00,2198,Keyboard,3,209.74,618.35,10.87,Debit Card
1573,2023-01-24 20:00:00,2365,Keyboard,2,304.85,521.3100000000001,88.39,Cash
10532,2024-02-02 03:00:00,2041,Laptop,2,505.18,1004.9300000000001,5.43,PayPal
4063,2023-05-08 14:00:00,2257,Monitor,2,1949.21,3855.4900000000002,42.93,Credit Card
1598,2023-01-25 21:00:00,2388,Headphones,4,1200.4,4760.89,40.71,PayPal
7634,2023-10-04 09:00:00,2864,Monitor,3,638.63,1843.4099999999999,72.48,Cash
8876,2023-11-25 03:00:00,2851,Headphones,4,245.84,921.78,61.58,Cash
8346,2023-11-03 01:00:00,2499,Headphones,1,1458.8,1426.2,32.6,Cash
7305,2023-09-20 16:00:00,2657,Tablet,3,1511.95,4520.09,15.76,PayPal
2795,2023-03-16 18:00:00,2409,Laptop,1,999.61,923.16,76.45,PayPal
6977,2023-09-07 00:00:00,2656,Tablet,3,806.33,2385.7700000000004,33.22,Credit Card
2939,2023-03-22 18:00:00,2194,Mouse,2,1051.65,2023.13,80.17,PayPal
9101,2023-12-04 12:00:00,2315,Laptop,1,865.83,861.7800000000001,4.05,Credit Card
2754,2023-03-15 01:00:00,2320,Keyboard,1,130.0,88.44,41.56,PayPal
4671,2023-06-02 22:00:00,2621,Headphones,1,680.75,649.69,31.06,PayPal
9455,2023-12-19 06:00:00,2345,Tablet,1,1719.9,,14.73,Cash
3362,2023-04-09 09:00:00,2717,Mouse,2,534.59,982.47,86.71,Cash
5261,2023-06-27 12:00:00,2685,Tablet,1,1868.4,,98.03,Debit Card
6433,2023-08-15 08:00:00,2631,Tablet,4,1300.95,5157.28,46.52,Cash
7286,2023-09-19 21:00:00,2116,Mouse,4,1872.74,7398.12,92.84,Cash
9300,2023-12-12 19:00:00,2536,Laptop,1,578.6,526.8000000000001,51.8,Cash
10940,2024-02-19 03:00:00,2653,Keyboard,4,315.19,1168.86,91.9,Credit Card
9262,2023-12-11 05:00:00,2910,Tablet,1,1769.88,1748.5200000000002,21.36,Credit Card
10105,2024-01-15 08:00:00,2224,Laptop,4,1724.31,6839.75,57.49,Credit Card
6592,2023-08-21 23:00:00,2956,Headphones,2,1486.29,2965.08,7.5,Credit Card
2172,2023-02-18 19:00:00,2885,Monitor,1,940.29,916.87,23.42,Cash
8928,2023-11-27 07:00:00,2259,Tablet,2,1686.89,3310.4300000000003,63.35,Debit Card
9470,2023-12-19 21:00:00,2455,Headphones,4,1724.57,6865.03,33.25,PayPal
10822,2024-02-14 05:00:00,2858,Laptop,2,889.45,1708.01,70.89,Debit Card
9510,2023-12-21 13:00:00,2286,Mouse,3,1068.81,3138.35,68.08,Credit Card
10628,2024-02-06 03:00:00,2440,Headphones,2,494.01,901.99,86.03,PayPal
1875,2023-02-06 10:00:00,2044,Tablet,4,677.39,2680.64,28.92,PayPal
3298,2023-04-06 17:00:00,2680,Monitor,3,1623.16,4816.72,52.76,PayPal
10773,2024-02-12 04:00:00,2053,Headphones,3,1789.35,5306.529999999999,61.52,Cash
3644,2023-04-21 03:00:00,2649,Mouse,3,265.57,700.13,96.58,Cash
6348,2023-08-11 19:00:00,2963,Keyboard,2,1351.67,2625.84,77.5,Cash
5059,2023-06-19 02:00:00,2341,Keyboard,4,335.62,1342.1100000000001,0.37,Cash
1582,2023-01-25 05:00:00,2858,Mouse,3,1442.93,4321.58,7.21,Credit Card
1205,2023-01-09 12:00:00,2664,Mouse,3,1888.15,5587.800000000001,76.65,Debit Card
8897,2023-11-26 00:00:00,2714,Mouse,2,806.09,1548.0700000000002,64.11,Cash
3015,2023-03-25 22:00:00,2291,Keyboard,4,1212.11,4814.5,33.94,Cash
1906,2023-02-07 17:00:00,2967,Laptop,1,,,34.15,Credit Card
1632,2023-01-27 07:00:00,2364,Headphones,2,1449.39,2866.8500000000004,31.93,Cash
9765,2024-01-01 04:00:00,2043,Keyboard,2,1626.22,3173.78,78.66,Debit Card
2975,2023-03-24 06:00:00,2184,Tablet,3,1436.17,4246.43,62.08,PayPal
1163,2023-01-07 18:00:00,2575,Keyboard,4,1889.11,7466.54,89.9,Cash
5999,2023-07-28 06:00:00,2123,Monitor,2,1917.81,3814.7799999999997,20.84,PayPal
5714,2023-07-16 09:00:00,2480,Laptop,2,,2116.85,26.39,PayPal
2432,2023-03-01 15:00:00,2758,Monitor,1,82.43,69.48,12.95,PayPal
7869,2023-10-14 04:00:00,2926,Monitor,3,1926.18,5693.51,85.03,Credit Card
10602,2024-02-05 01:00:00,2956,Headphones,1,1700.49,1673.49,27.0,Debit Card
8711,2023-11-18 06:00:00,2502,Tablet,2,232.9,,4.38,Credit Card
8737,2023-11-19 08:00:00,2442,Monitor,3,1363.32,4043.33,46.63,nan
5284,2023-06-28 11:00:00,2791,Keyboard,2,219.17,377.80999999999995,60.53,Cash
8532,2023-11-10 19:00:00,2962,Monitor,3,806.81,2413.3799999999997,7.05,Credit Card
9386,2023-12-16 09:00:00,2588,Laptop,4,824.86,3252.4500000000003,46.99,PayPal
4385,2023-05-22 00:00:00,2229,Laptop,1,262.08,194.73999999999998,67.34,Credit Card
1040,2023-01-02 15:00:00,2073,Laptop,3,1407.22,4194.29,27.37,Debit Card
9549,2023-12-23 04:00:00,2762,Headphones,3,1696.47,5051.5599999999995,37.85,Credit Card
9763,2024-01-01 02:00:00,2234,Monitor,1,339.16,259.65000000000003,79.51,Debit Card
8463,2023-11-07 22:00:00,2499,Headphones,4,58.09,163.56,68.8,Debit Card
4332,2023-05-19 19:00:00,2610,Monitor,3,670.76,2006.8999999999999,5.38,Credit Card
7405,2023-09-24 20:00:00,2793,Tablet,1,556.08,488.37000000000006,67.71,Cash
3097,2023-03-29 08:00:00,2072,Headphones,4,1987.08,7927.21,21.11,Cash
9824,2024-01-03 15:00:00,2526,Tablet,4,1703.98,6784.25,31.67,Cash
9000,2023-11-30 07:00:00,2234,Headphones,4,1622.89,6442.4400000000005,49.12,Debit Card
6018,2023-07-29 01:00:00,2332,Monitor,1,550.43,489.23999999999995,61.19,Credit Card
2450,2023-03-02 09:00:00,2014,Keyboard,4,644.73,2561.38,17.54,PayPal
7901,2023-10-15 12:00:00,2652,Keyboard,2,1792.46,3527.77,57.15,Cash
3611,2023-04-19 18:00:00,2317,Keyboard,4,1736.08,6911.469999999999,32.85,PayPal
2901,2023-03-21 04:00:00,2488,Mouse,4,331.86,1270.46,56.98,Cash
9187,2023-12-08 02:00:00,2416,Headphones,1,788.63,746.78,41.85,Credit Card
4921,2023-06-13 08:00:00,2226,Headphones,3,1419.44,4173.94,84.38,PayPal
3758,2023-04-25 21:00:00,2573,Tablet,1,475.94,419.61,56.33,PayPal
7398,2023-09-24 13:00:00,2294,Tablet,2,1107.35,2116.7599999999998,97.94,Credit Card
10103,2024-01-15 06:00:00,2314,Laptop,2,1324.84,2637.1499999999996,12.53,PayPal
3098,2023-03-29 09:00:00,2208,Headphones,4,64.46,161.7,96.14,PayPal
6625,2023-08-23 08:00:00,2228,Laptop,2,342.01,620.64,63.38,PayPal
4472,2023-05-25 15:00:00,2591,Mouse,3,1050.94,3123.2200000000003,29.6,Debit Card
9267,2023-12-11 10:00:00,2124,Keyboard,1,384.25,292.02,92.23,Credit Card
3172,2023-04-01 11:00:00,2707,Tablet,1,1153.78,1137.35,16.43,PayPal
10699,2024-02-09 02:00:00,2785,Headphones,2,344.84,,19.45,Cash
10650,2024-02-07 01:00:00,2973,Laptop,2,1663.71,3259.07,68.35,Cash
3011,2023-03-25 18:00:00,2166,Headphones,2,1954.6,3835.5899999999997,73.61,Credit Card
9695,2023-12-29 06:00:00,2411,Mouse,2,1169.93,,25.8,Cash
2284,2023-02-23 11:00:00,2086,Tablet,4,721.54,2788.0099999999998,98.15,Cash
1953,2023-02-09 16:00:00,2745,Monitor,4,1551.34,6182.12,23.24,Debit Card
2020,2023-02-12 11:00:00,2171,Mouse,3,,5473.09,40.34,Cash
3811,2023-04-28 02:00:00,2019,Mouse,2,292.78,497.34999999999997,88.21,Cash
10066,2024-01-13 17:00:00,2933,Tablet,4,1630.52,6477.7,44.38,Credit Card
2652,2023-03-10 19:00:00,2767,Monitor,3,988.82,2946.21,20.25,Cash
10190,2024-01-18 21:00:00,2918,Monitor,3,666.37,1909.66,89.45,Cash
2170,2023-02-18 17:00:00,2324,Headphones,1,1456.15,1386.3100000000002,69.84,PayPal
7257,2023-09-18 16:00:00,2663,Keyboard,4,1287.92,5096.04,55.64,PayPal
6470,2023-08-16 21:00:00,2174,Mouse,3,1597.47,4750.889999999999,41.52,Debit Card
1868,2023-02-06 03:00:00,2509,Laptop,4,,7761.99,68.45,Debit Card
6094,2023-08-01 05:00:00,2594,Laptop,1,1141.44,,61.08,Debit Card
6434,2023-08-15 09:00:00,2926,Headphones,2,59.43,40.61,78.25,Credit Card
1542,2023-01-23 13:00:00,2962,Tablet,3,1653.85,4941.599999999999,19.95,Credit Card
5722,2023-07-16 17:00:00,2955,Mouse,2,1585.46,3075.32,95.6,PayPal
7355,2023-09-22 18:00:00,2448,Headphones,4,1771.87,7083.379999999999,4.1,Cash
10805,2024-02-13 12:00:00,2953,Mouse,3,1836.8,5444.54,65.86,Debit Card
4391,2023-05-22 06:00:00,2868,Mouse,4,562.64,2179.0499999999997,71.51,PayPal
9459,2023-12-19 10:00:00,2591,Laptop,2,1510.05,2941.45,78.65,Cash
1368,2023-01-16 07:00:00,2496,Tablet,1,1354.06,1296.78,57.28,Cash
4960,2023-06-14 23:00:00,2845,Mouse,1,1030.61,955.7799999999999,74.83,Debit Card
7644,2023-10-04 19:00:00,2537,Mouse,3,154.44,407.65999999999997,55.66,Credit Card
7842,2023-10-13 01:00:00,2991,Keyboard,3,1824.5,5375.14,98.36,Debit Card
9714,2023-12-30 01:00:00,2383,Laptop,1,1758.16,1691.21,66.95,Credit Card
4587,2023-05-30 10:00:00,2881,Monitor,2,645.75,1215.57,75.93,PayPal
9498,2023-12-21 01:00:00,2038,Laptop,1,597.63,570.2,27.43,Credit Card
3564,2023-04-17 19:00:00,2028,Keyboard,3,1057.03,3110.11,60.98,Debit Card
6037,2023-07-29 20:00:00,2384,Laptop,4,963.72,3776.9500000000003,77.93,PayPal
2081,2023-02-15 00:00:00,2455,Laptop,4,1816.39,7196.35,69.21,Debit Card
6892,2023-09-03 11:00:00,2950,Keyboard,2,1151.14,2204.0,98.28,PayPal
5967,2023-07-26 22:00:00,2777,Tablet,3,474.97,1359.63,65.28,Credit Card
3024,2023-03-26 07:00:00,2265,Tablet,2,129.52,249.86,9.18,Credit Card
10882,2024-02-16 17:00:00,2209,Tablet,2,,3676.16,94.42,PayPal
8910,2023-11-26 13:00:00,2094,Monitor,1,781.9,733.86,48.04,Credit Card
10159,2024-01-17 14:00:00,2753,Mouse,1,201.44,129.32999999999998,72.11,Cash
8322,2023-11-02 01:00:00,2686,Keyboard,4,1486.92,5884.93,62.75,Debit Card
1227,2023-01-10 10:00:00,2759,Mouse,4,629.95,2484.8300000000004,34.97,PayPal
2014,2023-02-12 05:00:00,2221,Monitor,3,1516.78,4518.02,32.32,Debit Card
2930,2023-03-22 09:00:00,2258,Monitor,4,85.4,335.77000000000004,5.83,Debit Card
6252,2023-08-07 19:00:00,2180,Mouse,4,1325.34,5256.16,45.2,Credit Card
3180,2023-04-01 19:00:00,2188,Mouse,4,572.71,2215.6000000000004,75.24,Credit Card
1698,2023-01-30 01:00:00,2225,Laptop,1,160.02,91.01,69.01,PayPal
2125,2023-02-16 20:00:00,2069,Headphones,4,1124.4,4458.870000000001,38.73,PayPal
8379,2023-11-04 10:00:00,2649,Laptop,2,583.18,1100.32,66.04,Cash
9630,2023-12-26 13:00:00,2486,Headphones,4,1455.1,5736.929999999999,83.47,Credit Card
6111,2023-08-01 22:00:00,2029,Keyboard,1,91.58,82.13,9.45,Credit Card
8903,2023-11-26 06:00:00,2111,Mouse,2,1876.1,,70.53,Credit Card
2779,2023-03-16 02:00:00,2983,Tablet,2,217.4,397.45,37.35,Credit Card
9396,2023-12-16 19:00:00,2804,Monitor,3,1045.03,3130.63,4.46,Credit Card
3635,2023-04-20 18:00:00,2250,Keyboard,2,1039.23,2072.53,5.93,PayPal
8545,2023-11-11 08:00:00,2735,Keyboard,3,,1289.7199999999998,81.88,Cash
8605,2023-11-13 20:00:00,2973,Tablet,1,1876.28,1798.47,77.81,Credit Card
4490,2023-05-26 09:00:00,2641,Headphones,3,1306.07,3839.7200000000003,78.49,Cash
2038,2023-02-13 05:00:00,2939,Keyboard,4,333.61,1260.3500000000001,74.09,Debit Card
9601,2023-12-25 08:00:00,2762,Mouse,4,1227.92,4853.16,58.52,PayPal
3650,2023-04-21 09:00:00,2742,Keyboard,2,432.9,813.56,52.24,Cash
3980,2023-05-05 03:00:00,2352,Headphones,4,1380.0,5498.95,21.05,PayPal
3548,2023-04-17 03:00:00,2069,Tablet,1,1061.28,963.49,97.79,Credit Card
6133,2023-08-02 20:00:00,2109,Laptop,1,1621.35,,26.9,Credit Card
3160,2023-03-31 23:00:00,2256,Laptop,3,195.32,486.22,99.74,Debit Card
7446,2023-09-26 13:00:00,2816,Keyboard,2,875.99,1674.31,77.67,Credit Card
4968,2023-06-15 07:00:00,2283,Headphones,3,1846.48,5459.81,79.63,Cash
2429,2023-03-01 12:00:00,2148,Headphones,2,,3049.6600000000003,11.7,Credit Card
7755,2023-10-09 10:00:00,2376,Headphones,1,690.32,593.4100000000001,96.91,Credit Card
3521,2023-04-16 00:00:00,2288,Tablet,4,265.68,1010.32,52.4,Credit Card
9034,2023-12-01 17:00:00,2393,Keyboard,4,1134.62,4486.889999999999,51.59,PayPal
10067,2024-01-13 18:00:00,2257,Monitor,1,1548.69,1500.1000000000001,48.59,Credit Card
8397,2023-11-05 04:00:00,2608,Monitor,4,994.87,3881.71,97.77,PayPal
1449,2023-01-19 16:00:00,2567,Tablet,1,339.02,315.90999999999997,23.11,Cash
9909,2024-01-07 04:00:00,2418,Mouse,1,409.65,348.53,61.12,Debit Card
6996,2023-09-07 19:00:00,2267,Laptop,3,380.54,1127.5900000000001,14.03,Credit Card
9449,2023-12-19 00:00:00,2098,Laptop,3,99.14,261.93,35.49,Credit Card
4728,2023-06-05 07:00:00,2024,Mouse,4,657.34,2570.29,59.07,PayPal
8354,2023-11-03 09:00:00,2069,Mouse,1,438.3,381.6,56.7,Cash
7280,2023-09-19 15:00:00,2835,Tablet,4,539.58,2100.6600000000003,57.66,PayPal
10396,2024-01-27 11:00:00,2015,Monitor,1,1180.84,1103.12,77.72,PayPal
8296,2023-10-31 23:00:00,2618,Mouse,4,1990.22,7865.09,95.79,Cash
7252,2023-09-18 11:00:00,2412,Monitor,2,1692.59,3383.2,1.98,Cash
6927,2023-09-04 22:00:00,2233,Tablet,4,1091.7,4343.9800000000005,22.82,PayPal
3461,2023-04-13 12:00:00,2263,Tablet,2,569.44,1079.72,59.16,Debit Card
1023,2023-01-01 22:00:00,2979,Laptop,4,788.88,3103.5,52.02,Cash
3067,2023-03-28 02:00:00,2384,Keyboard,1,1204.62,1134.4699999999998,70.15,PayPal
2654,2023-03-10 21:00:00,2970,Keyboard,1,869.08,825.88,43.2,Credit Card
2377,2023-02-27 08:00:00,2349,Headphones,2,1044.55,2053.0899999999997,36.01,Cash
2725,2023-03-13 20:00:00,2045,Monitor,2,641.31,1234.4299999999998,48.19,Cash
4755,2023-06-06 10:00:00,2507,Keyboard,2,1054.49,2021.0,87.98,Credit Card
5184,2023-06-24 07:00:00,2623,Monitor,1,23.21,-33.91,57.12,Debit Card
5083,2023-06-20 02:00:00,2340,Headphones,3,908.75,2654.57,71.68,PayPal
7580,2023-10-02 03:00:00,2750,Laptop,2,1343.08,2649.1,37.06,Debit Card
5559,2023-07-09 22:00:00,2025,Mouse,1,1860.31,1822.44,37.87,Cash
4538,2023-05-28 09:00:00,2352,Laptop,3,1062.94,3118.82,70.0,Debit Card
8004,2023-10-19 19:00:00,2081,Mouse,1,902.51,873.08,29.43,Cash
10947,2024-02-19 10:00:00,2250,Laptop,1,1253.5,1171.18,82.32,PayPal
1647,2023-01-27 22:00:00,2365,Laptop,1,954.52,897.53,56.99,Debit Card
7382,2023-09-23 21:00:00,2221,Keyboard,1,1188.89,1169.5200000000002,19.37,Cash
8528,2023-11-10 15:00:00,2545,Keyboard,1,906.74,904.62,2.12,PayPal
6441,2023-08-15 16:00:00,2611,Monitor,3,365.31,1040.8600000000001,55.07,Cash
8166,2023-10-26 13:00:00,2946,Laptop,4,849.2,3382.71,14.09,Debit Card
9403,2023-12-17 02:00:00,2606,Mouse,3,1015.83,2992.6400000000003,54.85,Credit Card
8698,2023-11-17 17:00:00,2998,Keyboard,2,1552.24,3014.21,90.27,Cash
10992,2024-02-21 07:00:00,2361,Laptop,2,1092.23,2113.4700000000003,70.99,PayPal
5876,2023-07-23 03:00:00,2045,Monitor,4,1206.28,4815.15,9.97,Credit Card
10027,2024-01-12 02:00:00,2179,Monitor,3,961.24,2794.21,89.51,Debit Card
6342,2023-08-11 13:00:00,2488,Mouse,4,754.17,3000.5499999999997,16.13,Cash
8032,2023-10-20 23:00:00,2795,Headphones,4,995.25,3897.1,83.9,nan
3161,2023-04-01 00:00:00,2850,Mouse,4,1184.6,4691.98,46.42,Cash
1686,2023-01-29 13:00:00,2703,Keyboard,1,134.66,131.26,3.4,Credit Card
3462,2023-04-13 13:00:00,2086,Laptop,3,,1302.9,98.97,PayPal
8129,2023-10-25 00:00:00,2101,Mouse,4,1313.08,5244.15,8.17,Cash
7268,2023-09-19 03:00:00,2005,Monitor,2,719.49,1388.26,50.72,Credit Card
5942,2023-07-25 21:00:00,2617,Mouse,1,283.57,279.11,4.46,PayPal
6947,2023-09-05 18:00:00,2345,Headphones,2,669.46,1250.41,88.51,Cash
5584,2023-07-10 23:00:00,2372,Laptop,1,288.97,215.09000000000003,73.88,Cash
6785,2023-08-30 00:00:00,2957,Mouse,2,1733.12,3452.04,14.2,Cash
8570,2023-11-12 09:00:00,2451,Monitor,1,1254.66,1204.3300000000002,50.33,PayPal
1522,2023-01-22 17:00:00,2186,Headphones,2,1605.43,3158.4900000000002,52.37,Cash
4984,2023-06-15 23:00:00,2242,Mouse,2,1971.67,3925.98,17.36,Credit Card
1036,2023-01-02 11:00:00,2357,Monitor,4,741.8,2964.21,2.99,Credit Card
1781,2023-02-02 12:00:00,2585,Keyboard,3,740.65,2185.4399999999996,36.51,Debit Card
9644,2023-12-27 03:00:00,2433,Tablet,3,166.95,454.35999999999996,46.49,Cash
6608,2023-08-22 15:00:00,2009,Monitor,4,1547.54,,59.72,Debit Card
6979,2023-09-07 02:00:00,2911,Headphones,4,547.17,2099.33,89.35,Cash
4748,2023-06-06 03:00:00,2610,Tablet,1,1984.61,1977.1599999999999,7.45,Debit Card
3197,2023-04-02 12:00:00,2900,Laptop,2,215.62,338.37,92.87,Debit Card
2576,2023-03-07 15:00:00,2474,Laptop,3,79.66,,5.43,Cash
5286,2023-06-28 13:00:00,2716,Tablet,1,625.07,585.1500000000001,39.92,PayPal
7980,2023-10-18 19:00:00,2339,Mouse,4,1945.45,7774.74,7.06,Cash
2828,2023-03-18 03:00:00,2208,Monitor,2,131.46,201.99,60.93,Debit Card
5387,2023-07-02 18:00:00,2480,Headphones,2,98.11,106.03999999999999,90.18,Credit Card
3377,2023-04-10 00:00:00,2711,Keyboard,3,622.59,1813.09,54.68,Cash
4840,2023-06-09 23:00:00,2529,Mouse,4,1365.38,5409.950000000001,51.57,PayPal
2247,2023-02-21 22:00:00,2502,Keyboard,2,828.89,1568.51,89.27,PayPal
8505,2023-11-09 16:00:00,2309,Laptop,4,193.95,695.17,80.63,PayPal
7512,2023-09-29 07:00:00,2373,Tablet,1,962.71,,52.08,Debit Card
6440,2023-08-15 15:00:00,2838,Keyboard,3,1087.06,3179.0099999999998,82.17,PayPal
10711,2024-02-09 14:00:00,2606,Headphones,4,1544.89,6177.46,2.1,PayPal
6511,2023-08-18 14:00:00,2490,Monitor,2,1627.92,3186.3700000000003,69.47,PayPal
6331,2023-08-11 02:00:00,2174,Tablet,4,496.76,1892.8,94.24,Cash
5532,2023-07-08 19:00:00,2329,Mouse,4,804.49,3149.05,68.91,PayPal
1366,2023-01-16 05:00:00,2378,Mouse,3,1009.28,3024.15,3.69,Cash
5828,2023-07-21 03:00:00,2263,Headphones,1,1377.56,1367.59,9.97,PayPal
1148,2023-01-07 03:00:00,2586,Keyboard,3,637.4,1822.37,89.83,Credit Card
2669,2023-03-11 12:00:00,2725,Tablet,3,763.52,2256.99,33.57,Debit Card
10295,2024-01-23 06:00:00,2500,Keyboard,2,296.54,568.37,24.71,Cash
8651,2023-11-15 18:00:00,2011,Tablet,2,1812.35,3624.56,0.14,PayPal
8789,2023-11-21 12:00:00,2044,Monitor,1,1566.74,1474.99,91.75,Credit Card
4457,2023-05-25 00:00:00,2091,Mouse,2,602.47,1122.05,82.89,PayPal
4272,2023-05-17 07:00:00,2928,Keyboard,4,1291.77,5075.99,91.09,Cash
5941,2023-07-25 20:00:00,2735,Monitor,1,1351.51,1268.3,83.21,Credit Card
7231,2023-09-17 14:00:00,2792,Mouse,4,1239.32,4891.349999999999,65.93,Credit Card
10358,2024-01-25 21:00:00,2344,Headphones,3,1030.51,3082.9399999999996,8.59,Debit Card
9529,2023-12-22 08:00:00,2232,Headphones,2,399.2,791.3,7.1,Debit Card
4927,2023-06-13 14:00:00,2428,Monitor,3,1697.5,5005.85,86.65,Credit Card
9974,2024-01-09 21:00:00,2240,Monitor,1,1418.71,1344.1100000000001,74.6,PayPal
9081,2023-12-03 16:00:00,2657,Laptop,1,303.13,290.69,12.44,PayPal
1079,2023-01-04 06:00:00,2344,Monitor,4,602.32,2326.6800000000003,82.6,Cash
8089,2023-10-23 08:00:00,2338,Monitor,1,1486.97,1422.8600000000001,64.11,Credit Card
3248,2023-04-04 15:00:00,2946,Monitor,1,394.74,386.06,8.68,Debit Card
9677,2023-12-28 12:00:00,2246,Keyboard,3,1409.85,4183.139999999999,46.41,Cash
6767,2023-08-29 06:00:00,2041,Mouse,3,240.05,642.9100000000001,77.24,Credit Card
8452,2023-11-07 11:00:00,2703,Mouse,2,1923.59,3763.39,83.79,Debit Card
3280,2023-04-05 23:00:00,2955,Laptop,4,1495.71,,49.0,Debit Card
9124,2023-12-05 11:00:00,2791,Keyboard,4,1683.54,6678.8099999999995,55.35,Credit Card
4898,2023-06-12 09:00:00,2021,Headphones,2,57.68,73.68,41.68,Debit Card
9474,2023-12-20 01:00:00,2815,Keyboard,2,223.9,433.86,13.94,Credit Card
8178,2023-10-27 01:00:00,2695,Keyboard,2,1981.32,3871.3799999999997,91.26,PayPal
10930,2024-02-18 17:00:00,2251,Keyboard,3,221.79,659.65,5.72,Credit Card
4632,2023-06-01 07:00:00,2580,Mouse,3,844.97,2478.08,56.83,Credit Card
10058,2024-01-13 09:00:00,2297,Headphones,1,34.56,-15.21,49.77,Credit Card
7273,2023-09-19 08:00:00,2006,Laptop,2,751.47,1458.49,44.45,Debit Card
1393,2023-01-17 08:00:00,2893,Tablet,4,162.17,615.7299999999999,32.95,Credit Card
4192,2023-05-13 23:00:00,2441,Tablet,3,645.57,1878.1200000000001,58.59,Credit Card
1017,2023-01-01 16:00:00,2465,Monitor,3,1507.04,4489.95,31.17,Debit Card
5201,2023-06-25 00:00:00,2366,Headphones,3,,3625.37,51.25,Debit Card
3673,2023-04-22 08:00:00,2604,Monitor,2,198.27,319.51,77.03,Cash
7165,2023-09-14 20:00:00,2552,Tablet,1,1423.13,1359.91,63.22,Credit Card
4494,2023-05-26 13:00:00,2180,Laptop,3,513.63,1525.1299999999999,15.76,Cash
8395,2023-11-05 02:00:00,2376,Headphones,3,1771.53,5278.67,35.92,Cash
5840,2023-07-21 15:00:00,2905,Tablet,4,1566.89,6216.5,51.06,Credit Card
1594,2023-01-25 17:00:00,2722,Monitor,4,1719.77,6859.5199999999995,19.56,PayPal
10784,2024-02-12 15:00:00,2057,Headphones,1,1489.04,1442.03,47.01,Cash
6828,2023-08-31 19:00:00,2981,Mouse,2,944.93,1880.24,9.62,Cash
8962,2023-11-28 17:00:00,2019,Monitor,4,610.43,2344.79,96.93,Debit Card
6888,2023-09-03 07:00:00,2488,Tablet,2,50.99,37.0,64.98,Debit Card
3356,2023-04-09 03:00:00,2671,Mouse,1,1525.42,1485.54,39.88,PayPal
7037,2023-09-09 12:00:00,2181,Monitor,2,1936.83,3849.69,23.97,Cash
5799,2023-07-19 22:00:00,2179,Monitor,4,1294.06,5142.849999999999,33.39,Debit Card
10081,2024-01-14 08:00:00,2339,Headphones,3,1946.43,5834.6,4.69,PayPal
5593,2023-07-11 08:00:00,2611,Mouse,1,935.04,836.38,98.66,Debit Card
1164,2023-01-07 19:00:00,2978,Mouse,1,1337.91,1286.27,51.64,PayPal
10729,2024-02-10 08:00:00,2367,Keyboard,2,617.59,1187.71,47.47,PayPal
10909,2024-02-17 20:00:00,2422,Headphones,4,1144.16,4570.0,6.64,Credit Card
5943,2023-07-25 22:00:00,2766,Mouse,4,1424.14,5694.29,2.27,Debit Card
8381,2023-11-04 12:00:00,2980,Mouse,1,1454.56,1416.1799999999998,38.38,Credit Card
4008,2023-05-06 07:00:00,2911,Headphones,3,1122.93,3344.39,24.4,Credit Card
7357,2023-09-22 20:00:00,2956,Tablet,1,1825.38,1738.38,87.0,Credit Card
6543,2023-08-19 22:00:00,2593,Monitor,3,1766.05,5268.53,29.62,Cash
7008,2023-09-08 07:00:00,2787,Headphones,3,1433.0,4236.59,62.41,Credit Card
8994,2023-11-30 01:00:00,2546,Keyboard,1,1333.7,1333.47,0.23,Cash
8639,2023-11-15 06:00:00,2981,Headphones,2,901.94,1769.0900000000001,34.79,Credit Card
7794,2023-10-11 01:00:00,2607,Keyboard,2,805.13,1542.63,67.63,Debit Card
8759,2023-11-20 06:00:00,2297,Mouse,3,,1597.39,60.41,Credit Card
5838,2023-07-21 13:00:00,2271,Keyboard,4,570.69,2199.3300000000004,83.43,PayPal
3294,2023-04-06 13:00:00,2436,Laptop,3,1935.59,5783.599999999999,23.17,Debit Card
7549,2023-09-30 20:00:00,2008,Keyboard,2,1832.97,3655.1,10.84,Debit Card
8899,2023-11-26 02:00:00,2998,Mouse,1,1425.52,1331.3799999999999,94.14,Credit Card
5482,2023-07-06 17:00:00,2574,Headphones,1,1687.12,1661.84,25.28,Cash
4717,2023-06-04 20:00:00,2130,Monitor,1,,1239.34,13.41,Credit Card
7141,2023-09-13 20:00:00,2101,Headphones,3,1065.0,3173.52,21.48,Debit Card
2550,2023-03-06 13:00:00,2430,Headphones,2,1032.91,2047.4800000000002,18.34,Debit Card
3045,2023-03-27 04:00:00,2550,Mouse,3,1235.91,3687.1700000000005,20.56,Debit Card
1768,2023-02-01 23:00:00,2351,Keyboard,3,679.64,,64.62,PayPal
6694,2023-08-26 05:00:00,2251,Monitor,1,1376.0,,47.63,Cash
8871,2023-11-24 22:00:00,2858,Headphones,1,1276.69,1213.3300000000002,63.36,Credit Card
8858,2023-11-24 09:00:00,2193,Monitor,1,970.19,968.95,1.24,Credit Card
4303,2023-05-18 14:00:00,2808,Mouse,4,111.07,346.30999999999995,97.97,Cash
5518,2023-07-08 05:00:00,2180,Tablet,2,1487.11,2928.66,45.56,Cash
10536,2024-02-02 07:00:00,2175,Tablet,1,172.83,86.75000000000001,86.08,Debit Card
4293,2023-05-18 04:00:00,2081,Monitor,3,1091.56,3248.44,26.24,PayPal
2404,2023-02-28 11:00:00,2801,Mouse,1,,1303.32,22.95,Cash
2383,2023-02-27 14:00:00,2601,Headphones,1,1198.92,1150.9,48.02,Debit Card
7929,2023-10-16 16:00:00,2108,Laptop,3,32.29,69.18,27.69,Credit Card
6672,2023-08-25 07:00:00,2831,Mouse,4,120.99,460.76,23.2,PayPal
2639,2023-03-10 06:00:00,2554,Tablet,1,1683.78,1653.05,30.73,Debit Card
7908,2023-10-15 19:00:00,2979,Mouse,1,1557.96,1471.4,86.56,nan
7407,2023-09-24 22:00:00,2993,Monitor,1,1872.19,1869.8300000000002,2.36,PayPal
2180,2023-02-19 03:00:00,2405,Headphones,3,666.37,1911.5400000000002,87.57,Debit Card
6449,2023-08-16 00:00:00,2514,Keyboard,3,1303.05,3859.1399999999994,50.01,Cash
6079,2023-07-31 14:00:00,2061,Monitor,1,540.53,480.35999999999996,60.17,Debit Card
6176,2023-08-04 15:00:00,2436,Laptop,1,258.03,189.72999999999996,68.3,Debit Card
1690,2023-01-29 17:00:00,2038,Headphones,4,432.53,1631.6799999999998,98.44,nan
10303,2024-01-23 14:00:00,2898,Tablet,4,1142.49,4512.08,57.88,Cash
7526,2023-09-29 21:00:00,2961,Keyboard,4,1037.35,4115.509999999999,33.89,Credit Card
7596,2023-10-02 19:00:00,2187,Laptop,3,1198.11,3575.61,18.72,PayPal
7489,2023-09-28 08:00:00,2521,Keyboard,1,1195.66,1102.0500000000002,93.61,Credit Card
8155,2023-10-26 02:00:00,2945,Headphones,2,1313.49,2625.2,1.78,PayPal
9841,2024-01-04 08:00:00,2545,Monitor,2,1776.17,3476.77,75.57,Cash
7611,2023-10-03 10:00:00,2335,Mouse,2,1611.25,3222.19,0.31,Debit Card
9998,2024-01-10 21:00:00,2426,Monitor,4,1141.91,4500.280000000001,67.36,Cash
5350,2023-07-01 05:00:00,2109,Mouse,1,707.31,639.4399999999999,67.87,Debit Card
2885,2023-03-20 12:00:00,2041,Tablet,2,587.98,1103.45,72.51,Cash
10074,2024-01-14 01:00:00,2657,Headphones,4,423.55,1660.06,34.14,PayPal
3495,2023-04-14 22:00:00,2754,Tablet,3,1323.79,3960.0499999999997,11.32,nan
6948,2023-09-05 19:00:00,2530,Keyboard,1,1110.36,1065.8899999999999,44.47,PayPal
4037,2023-05-07 12:00:00,2097,Headphones,3,1925.49,5771.4400000000005,5.03,Debit Card
6778,2023-08-29 17:00:00,2688,Keyboard,3,1123.6,3367.9599999999996,2.84,Cash
1846,2023-02-05 05:00:00,2043,Monitor,4,1099.95,4361.89,37.91,Credit Card
8968,2023-11-28 23:00:00,2035,Laptop,2,305.88,579.31,32.45,Cash
9904,2024-01-06 23:00:00,2227,Keyboard,3,1943.45,5802.030000000001,28.32,Cash
8341,2023-11-02 20:00:00,2442,Mouse,1,1198.85,1177.78,21.07,Cash
10464,2024-01-30 07:00:00,2471,Keyboard,4,,280.79,34.25,PayPal
10369,2024-01-26 08:00:00,2923,Headphones,3,1659.41,4882.830000000001,95.4,Credit Card
8138,2023-10-25 09:00:00,2399,Laptop,2,,1042.54,15.82,PayPal
3965,2023-05-04 12:00:00,2027,Tablet,3,,1537.8100000000002,77.18,Cash
3530,2023-04-16 09:00:00,2245,Headphones,2,1098.81,2103.39,94.23,Debit Card
6773,2023-08-29 12:00:00,2642,Headphones,4,237.67,860.5699999999999,90.11,Debit Card
2049,2023-02-13 16:00:00,2837,Tablet,2,1618.62,3148.93,88.31,Credit Card
8046,2023-10-21 13:00:00,2841,Monitor,2,1194.7,2343.2200000000003,46.18,PayPal
2961,2023-03-23 16:00:00,2449,Headphones,1,1397.6,1315.6699999999998,81.93,PayPal
3531,2023-04-16 10:00:00,2052,Mouse,3,336.21,977.8799999999999,30.75,Debit Card
9430,2023-12-18 05:00:00,2518,Laptop,4,1141.93,4480.02,87.7,PayPal
5918,2023-07-24 21:00:00,2161,Headphones,1,,1013.2299999999999,43.33,PayPal
6902,2023-09-03 21:00:00,2125,Monitor,1,1262.77,1163.49,99.28,Debit Card
9287,2023-12-12 06:00:00,2216,Monitor,2,922.29,1816.82,27.76,Credit Card
5260,2023-06-27 11:00:00,2335,Monitor,1,1781.07,1719.4399999999998,61.63,PayPal
6657,2023-08-24 16:00:00,2605,Tablet,1,577.39,543.56,33.83,Credit Card
7098,2023-09-12 01:00:00,2421,Keyboard,2,1102.87,2169.7299999999996,36.01,Cash
6908,2023-09-04 03:00:00,2532,Keyboard,2,760.96,1460.78,61.14,Debit Card
8374,2023-11-04 05:00:00,2502,Laptop,3,1422.87,4265.25,3.36,Cash
3979,2023-05-05 02:00:00,2061,Keyboard,3,255.03,747.1700000000001,17.92,Cash
10312,2024-01-23 23:00:00,2734,Keyboard,3,1106.15,3238.9,79.55,Cash
10770,2024-02-12 01:00:00,2048,Keyboard,3,627.27,,81.36,PayPal
7722,2023-10-08 01:00:00,2731,Laptop,2,819.9,1600.6699999999998,39.13,Cash
8843,2023-11-23 18:00:00,2006,Mouse,4,199.67,753.26,45.42,PayPal
9265,2023-12-11 08:00:00,2210,Monitor,1,528.07,474.6700000000001,53.4,Cash
10211,2024-01-19 18:00:00,2796,Monitor,4,1085.77,4317.2699999999995,25.81,PayPal
4139,2023-05-11 18:00:00,2109,Keyboard,4,1913.14,7600.63,51.93,Debit Card
9326,2023-12-13 21:00:00,2380,Headphones,4,,958.13,23.83,Debit Card
10156,2024-01-17 11:00:00,2195,Monitor,2,1248.16,2491.6000000000004,4.72,Cash
2827,2023-03-18 02:00:00,2400,Mouse,4,101.99,353.0,54.96,Cash
6549,2023-08-20 04:00:00,2315,Tablet,2,677.21,1265.0,89.42,Cash
1561,2023-01-24 08:00:00,2446,Monitor,3,1497.53,4409.05,83.54,PayPal
10255,2024-01-21 14:00:00,2420,Tablet,1,977.7,972.4100000000001,5.29,Debit Card
9436,2023-12-18 11:00:00,2924,Headphones,4,1743.38,,7.93,Debit Card
6436,2023-08-15 11:00:00,2374,Mouse,2,1358.83,2699.1299999999997,18.53,Debit Card
5438,2023-07-04 21:00:00,2228,Keyboard,1,1373.89,1302.22,71.67,PayPal
2443,2023-03-02 02:00:00,2417,Headphones,2,422.86,753.5500000000001,92.17,Cash
9454,2023-12-19 05:00:00,2143,Monitor,3,1870.16,5608.900000000001,1.58,Cash
5407,2023-07-03 14:00:00,2658,Headphones,3,619.53,1823.6299999999999,34.96,Debit Card
6273,2023-08-08 16:00:00,2445,Mouse,2,381.78,742.26,21.3,Cash
2690,2023-03-12 09:00:00,2456,Monitor,3,1073.04,3218.89,0.23,PayPal
6460,2023-08-16 11:00:00,2549,Mouse,4,,1256.4499999999998,69.87,Cash
10450,2024-01-29 17:00:00,2233,Headphones,3,1418.61,4166.33,89.5,Cash
6963,2023-09-06 10:00:00,2856,Headphones,4,984.48,3914.64,23.28,Cash
3497,2023-04-15 00:00:00,2594,Monitor,1,354.85,326.62,28.23,PayPal
9611,2023-12-25 18:00:00,2054,Keyboard,4,633.3,2475.96,57.24,Credit Card
1341,2023-01-15 04:00:00,2045,Laptop,2,830.07,1631.91,28.23,Credit Card
3409,2023-04-11 08:00:00,2690,Keyboard,2,,1903.2,29.3,PayPal
9775,2024-01-01 14:00:00,2936,Laptop,1,701.54,610.56,90.98,PayPal
6783,2023-08-29 22:00:00,2350,Keyboard,3,1623.08,4810.34,58.9,Credit Card
5577,2023-07-10 16:00:00,2747,Laptop,1,1106.34,1014.06,92.28,PayPal
4726,2023-06-05 05:00:00,2323,Keyboard,3,1011.97,2980.35,55.56,Debit Card
3786,2023-04-27 01:00:00,2737,Keyboard,3,1370.73,4030.2500000000005,81.94,Credit Card
2013,2023-02-12 04:00:00,2236,Tablet,1,1386.47,1336.94,49.53,PayPal
6281,2023-08-09 00:00:00,2421,Tablet,2,1145.65,2279.3,12.0,Cash
5896,2023-07-23 23:00:00,2703,Headphones,4,879.85,3507.23,12.17,Credit Card
8122,2023-10-24 17:00:00,2916,Mouse,1,1802.48,1771.1100000000001,31.37,Credit Card
7550,2023-09-30 21:00:00,2544,Monitor,2,1101.34,2167.8799999999997,34.8,Cash
5038,2023-06-18 05:00:00,2542,Monitor,1,34.04,11.54,22.5,Debit Card
1149,2023-01-07 04:00:00,2524,Laptop,2,1543.37,2996.6299999999997,90.11,PayPal
1286,2023-01-12 21:00:00,2521,Tablet,3,520.3,1544.1899999999998,16.71,Credit Card
2513,2023-03-05 00:00:00,2761,Mouse,2,488.88,943.68,34.08,PayPal
9556,2023-12-23 11:00:00,2677,Keyboard,1,1369.53,1313.1499999999999,56.38,nan
9827,2024-01-03 18:00:00,2130,Laptop,1,197.06,126.95,70.11,PayPal
7771,2023-10-10 02:00:00,2601,Monitor,4,1000.92,3960.68,43.0,PayPal
5444,2023-07-05 03:00:00,2896,Headphones,1,1992.32,1893.36,98.96,Cash
8447,2023-11-07 06:00:00,2327,Laptop,3,242.59,700.55,27.22,PayPal
1237,2023-01-10 20:00:00,2905,Keyboard,4,1264.08,4968.82,87.5,Debit Card
3877,2023-04-30 20:00:00,2537,Laptop,2,177.48,308.0,46.96,Credit Card
8124,2023-10-24 19:00:00,2983,Headphones,1,360.06,323.25,36.81,Credit Card
9773,2024-01-01 12:00:00,2926,Mouse,1,301.79,284.97,16.82,Debit Card
4084,2023-05-09 11:00:00,2678,Laptop,4,1562.24,6171.99,76.97,Cash
1633,2023-01-27 08:00:00,2980,Monitor,4,,5236.69,18.39,Debit Card
7814,2023-10-11 21:00:00,2310,Mouse,1,847.94,844.9300000000001,3.01,Cash
3494,2023-04-14 21:00:00,2160,Keyboard,2,1521.85,3037.39,6.31,Cash
3666,2023-04-22 01:00:00,2476,Headphones,1,879.8,804.49,75.31,Debit Card
9914,2024-01-07 09:00:00,2037,Keyboard,2,1226.25,2402.77,49.73,Cash
9842,2024-01-04 09:00:00,2819,Laptop,1,1098.32,1016.79,81.53,Debit Card
9891,2024-01-06 10:00:00,2632,Tablet,3,,3965.34,66.48,Debit Card
5212,2023-06-25 11:00:00,2800,Mouse,3,309.37,881.74,46.37,Credit Card
4875,2023-06-11 10:00:00,2562,Monitor,1,172.26,84.3,87.96,Cash
3818,2023-04-28 09:00:00,2689,Mouse,4,1410.53,5607.53,34.59,Cash
9682,2023-12-28 17:00:00,2043,Mouse,4,645.23,2577.03,3.89,Cash
7604,2023-10-03 03:00:00,2604,Monitor,2,1094.71,2122.16,67.26,Credit Card
10906,2024-02-17 17:00:00,2919,Keyboard,3,143.19,369.67,59.9,Cash
8427,2023-11-06 10:00:00,2841,Mouse,4,336.68,1339.01,7.71,Credit Card
10035,2024-01-12 10:00:00,2169,Laptop,4,61.54,208.3,37.86,Credit Card
9894,2024-01-06 13:00:00,2523,Keyboard,2,,561.73,68.17,Credit Card
10666,2024-02-07 17:00:00,2702,Mouse,4,609.35,2393.4300000000003,43.97,Credit Card
2736,2023-03-14 07:00:00,2489,Headphones,4,613.31,2385.93,67.31,PayPal
8398,2023-11-05 05:00:00,2440,Laptop,3,1543.08,4557.65,71.59,Debit Card
5256,2023-06-27 07:00:00,2238,Keyboard,3,1200.56,3529.5499999999997,72.13,Debit Card
10819,2024-02-14 02:00:00,2810,Mouse,4,222.84,854.79,36.57,Credit Card
3476,2023-04-14 03:00:00,2017,Keyboard,4,1170.75,4628.22,54.78,Credit Card
1857,2023-02-05 16:00:00,2732,Tablet,4,1228.47,4831.22,82.66,Debit Card
4714,2023-06-04 17:00:00,2627,Monitor,3,1437.1,4268.099999999999,43.2,Credit Card
10434,2024-01-29 01:00:00,2133,Mouse,1,1884.81,1852.25,32.56,Credit Card
2805,2023-03-17 04:00:00,2237,Mouse,3,185.29,554.26,1.61,Cash
1708,2023-01-30 11:00:00,2204,Mouse,1,1158.16,1088.46,69.7,Credit Card
10658,2024-02-07 09:00:00,2761,Laptop,4,520.58,2075.21,7.11,Cash
6190,2023-08-05 05:00:00,2971,Tablet,3,740.93,2192.9,29.89,PayPal
6473,2023-08-17 00:00:00,2588,Keyboard,4,1765.48,6962.96,98.96,Cash
1073,2023-01-04 00:00:00,2782,Headphones,2,46.25,11.599999999999994,80.9,Debit Card
8844,2023-11-23 19:00:00,2189,Headphones,3,355.68,,46.45,Cash
6102,2023-08-01 13:00:00,2215,Mouse,2,295.97,539.6800000000001,52.26,Credit Card
7765,2023-10-09 20:00:00,2736,Laptop,3,536.7,1593.15,16.95,Cash
2126,2023-02-16 21:00:00,2721,Mouse,1,569.99,554.87,15.12,PayPal
2242,2023-02-21 17:00:00,2656,Tablet,3,1775.25,5273.72,52.03,Debit Card
10459,2024-01-30 02:00:00,2181,Keyboard,3,629.68,1881.97,7.07,Credit Card
3350,2023-04-08 21:00:00,2816,Monitor,1,346.62,268.32,78.3,Credit Card
7603,2023-10-03 02:00:00,2473,Monitor,3,1133.24,3309.6200000000003,90.1,Cash
7781,2023-10-10 12:00:00,2714,Keyboard,3,1078.58,3165.47,70.27,PayPal
5359,2023-07-01 14:00:00,2222,Laptop,3,1741.09,5130.66,92.61,PayPal
2344,2023-02-25 23:00:00,2709,Tablet,3,1531.31,4498.81,95.12,PayPal
1291,2023-01-13 02:00:00,2535,Keyboard,4,1931.63,7640.13,86.39,PayPal
10117,2024-01-15 20:00:00,2666,Monitor,3,67.86,152.33999999999997,51.24,Credit Card
3546,2023-04-17 01:00:00,2531,Keyboard,3,1781.92,5326.62,19.14,Debit Card
9633,2023-12-26 16:00:00,2290,Tablet,3,1068.82,3118.46,88.0,Cash
7653,2023-10-05 04:00:00,2412,Headphones,3,1884.73,5596.13,58.06,nan
2101,2023-02-15 20:00:00,2506,Tablet,1,,1066.27,73.2,PayPal
8328,2023-11-02 07:00:00,2427,Tablet,2,1580.41,3075.56,85.26,Cash
8623,2023-11-14 14:00:00,2768,Laptop,1,1791.69,1715.67,76.02,PayPal
1988,2023-02-11 03:00:00,2891,Keyboard,4,583.76,2248.19,86.85,PayPal
3853,2023-04-29 20:00:00,2813,Headphones,3,340.23,1002.1,18.59,Debit Card
1631,2023-01-27 06:00:00,2829,Keyboard,4,1366.71,5451.650000000001,15.19,Credit Card
2250,2023-02-22 01:00:00,2099,Keyboard,4,97.9,330.26,61.34,Cash
4180,2023-05-13 11:00:00,2575,Monitor,3,1389.49,4090.8500000000004,77.62,Credit Card
1483,2023-01-21 02:00:00,2878,Headphones,4,1748.99,6898.63,97.33,Debit Card
4041,2023-05-07 16:00:00,2888,Headphones,3,141.43,362.98,61.31,Credit Card
6011,2023-07-28 18:00:00,2175,Tablet,4,1790.11,7127.429999999999,33.01,Debit Card
10170,2024-01-18 01:00:00,2405,Tablet,4,1799.3,7130.15,67.05,Credit Card
8001,2023-10-19 16:00:00,2275,Headphones,2,998.92,1978.3,19.54,Cash
4274,2023-05-17 09:00:00,2726,Monitor,2,1662.32,3259.37,65.27,Debit Card
8228,2023-10-29 03:00:00,2020,Mouse,2,1637.56,3205.75,69.37,Credit Card
4684,2023-06-03 11:00:00,2594,Keyboard,2,,2598.4900000000002,15.27,Credit Card
7675,2023-10-06 02:00:00,2749,Keyboard,1,1206.05,1150.84,55.21,Cash
7808,2023-10-11 15:00:00,2460,Headphones,3,1743.89,5181.58,50.09,Cash
5195,2023-06-24 18:00:00,2550,Laptop,4,971.16,3865.7799999999997,18.86,PayPal
2317,2023-02-24 20:00:00,2242,Headphones,4,1441.76,5718.8,48.24,Credit Card
4226,2023-05-15 09:00:00,2223,Headphones,4,1985.16,7868.46,72.18,Cash
2073,2023-02-14 16:00:00,2366,Headphones,1,923.59,847.28,76.31,PayPal
5816,2023-07-20 15:00:00,2009,Laptop,4,1772.71,6991.650000000001,99.19,Debit Card
9876,2024-01-05 19:00:00,2814,Tablet,3,,5815.18,30.17,PayPal
6753,2023-08-28 16:00:00,2447,Keyboard,2,439.05,,91.95,Credit Card
10609,2024-02-05 08:00:00,2847,Keyboard,2,201.8,397.22,6.38,Debit Card
5617,2023-07-12 08:00:00,2759,Headphones,3,225.03,640.23,34.86,Credit Card
4098,2023-05-10 01:00:00,2299,Tablet,1,328.04,278.34000000000003,49.7,Cash
7870,2023-10-14 05:00:00,2970,Monitor,4,1269.31,5039.44,37.8,nan
2301,2023-02-24 04:00:00,2998,Monitor,1,1484.29,1481.79,2.5,PayPal
8286,2023-10-31 13:00:00,2529,Headphones,4,593.61,2366.78,7.66,Cash
7285,2023-09-19 20:00:00,2346,Mouse,4,394.18,1552.98,23.74,Cash
6496,2023-08-17 23:00:00,2547,Monitor,2,1871.69,3731.07,12.31,Credit Card
6292,2023-08-09 11:00:00,2650,Keyboard,1,1752.01,1696.07,55.94,Debit Card
2799,2023-03-16 22:00:00,2872,Headphones,4,685.26,2739.1,1.94,Credit Card
6204,2023-08-05 19:00:00,2412,Headphones,1,547.28,480.57,66.71,PayPal
9228,2023-12-09 19:00:00,2839,Tablet,1,1383.58,1347.6899999999998,35.89,PayPal
6048,2023-07-30 07:00:00,2328,Headphones,4,29.64,62.49,56.07,PayPal
7442,2023-09-26 09:00:00,2053,Laptop,3,960.63,2810.0299999999997,71.86,Cash
9637,2023-12-26 20:00:00,2292,Headphones,2,1526.82,2970.44,83.2,Debit Card
9106,2023-12-04 17:00:00,2216,Monitor,1,358.94,297.65,61.29,Credit Card
3360,2023-04-09 07:00:00,2066,Headphones,4,1085.36,4304.37,37.07,Debit Card
10852,2024-02-15 11:00:00,2374,Laptop,2,716.55,1371.34,61.76,Credit Card
4655,2023-06-02 06:00:00,2946,Keyboard,2,1201.41,2361.9,40.92,Credit Card
8053,2023-10-21 20:00:00,2859,Laptop,4,1143.73,4567.87,7.05,Credit Card
2287,2023-02-23 14:00:00,2640,Monitor,1,1475.86,1380.83,95.03,PayPal
8232,2023-10-29 07:00:00,2445,Mouse,4,1765.68,,78.79,PayPal
5446,2023-07-05 05:00:00,2509,Monitor,1,1150.31,1114.33,35.98,Debit Card
3138,2023-03-31 01:00:00,2245,Mouse,2,1338.86,2612.49,65.23,Debit Card
7788,2023-10-10 19:00:00,2244,Keyboard,3,1389.79,4111.87,57.5,Credit Card
9820,2024-01-03 11:00:00,2448,Headphones,4,551.61,2139.79,66.65,Debit Card
2057,2023-02-14 00:00:00,2773,Headphones,4,856.06,3348.2999999999997,75.94,Cash
10422,2024-01-28 13:00:00,2623,Tablet,3,1939.99,5775.990000000001,43.98,PayPal
7895,2023-10-15 06:00:00,2315,Monitor,3,1997.61,5923.87,68.96,Debit Card
10000,2024-01-10 23:00:00,2399,Tablet,4,1307.52,5209.93,20.15,Debit Card
9565,2023-12-23 20:00:00,2204,Tablet,1,1743.03,1727.6,15.43,Cash
8152,2023-10-25 23:00:00,2214,Tablet,3,262.5,719.74,67.76,Cash
1964,2023-02-10 03:00:00,2639,Mouse,1,291.1,,18.36,PayPal
7013,2023-09-08 12:00:00,2236,Tablet,4,1159.41,4584.92,52.72,PayPal
5883,2023-07-23 10:00:00,2769,Laptop,1,1191.98,1183.21,8.77,Credit Card
1141,2023-01-06 20:00:00,2668,Headphones,2,1689.34,,29.66,Cash
10490,2024-01-31 09:00:00,2372,Laptop,3,1301.64,3901.17,3.75,Credit Card
7937,2023-10-17 00:00:00,2435,Tablet,1,807.5,746.08,61.42,Debit Card
7543,2023-09-30 14:00:00,2217,Monitor,4,983.22,3894.61,38.27,Debit Card
6244,2023-08-07 11:00:00,2158,Tablet,1,1193.82,1175.11,18.71,Credit Card
5432,2023-07-04 15:00:00,2908,Tablet,2,635.91,1192.6599999999999,79.16,PayPal
1407,2023-01-17 22:00:00,2983,Monitor,4,383.02,1496.62,35.46,Credit Card
9213,2023-12-09 04:00:00,2369,Tablet,4,,5906.16,31.2,Credit Card
9792,2024-01-02 07:00:00,2314,Laptop,2,1140.52,2193.73,87.31,Credit Card
10061,2024-01-13 12:00:00,2885,Keyboard,3,1744.88,5149.7300000000005,84.91,Credit Card
9235,2023-12-10 02:00:00,2329,Headphones,2,110.12,159.42000000000002,60.82,PayPal
5400,2023-07-03 07:00:00,2437,Mouse,4,101.85,347.53,59.87,Cash
6253,2023-08-07 20:00:00,2603,Mouse,1,879.96,796.09,83.87,Cash
1012,2023-01-01 11:00:00,2685,Laptop,4,752.05,2960.6,47.6,Debit Card
5761,2023-07-18 08:00:00,2967,Keyboard,1,1442.8,1398.32,44.48,Cash
2178,2023-02-19 01:00:00,2685,Laptop,1,1817.14,1755.26,61.88,Credit Card
3864,2023-04-30 07:00:00,2579,Tablet,3,709.07,2052.0,75.21,Credit Card
7472,2023-09-27 15:00:00,2074,Keyboard,1,1966.65,1933.8300000000002,32.82,Credit Card
7229,2023-09-17 12:00:00,2698,Tablet,2,540.74,992.88,88.6,PayPal
3990,2023-05-05 13:00:00,2518,Monitor,1,1258.42,1192.67,65.75,PayPal
8118,2023-10-24 13:00:00,2606,Monitor,3,487.15,1363.0499999999997,98.4,PayPal
8011,2023-10-20 02:00:00,2038,Headphones,3,,5529.37,7.76,PayPal
9986,2024-01-10 09:00:00,2837,Laptop,3,1254.62,3718.8399999999997,45.02,PayPal
2441,2023-03-02 00:00:00,2854,Monitor,1,905.95,818.94,87.01,Debit Card
5382,2023-07-02 13:00:00,2570,Headphones,1,1476.04,1472.93,3.11,PayPal
3876,2023-04-30 19:00:00,2901,Tablet,1,435.72,390.49,45.23,Debit Card
10558,2024-02-03 05:00:00,2391,Tablet,4,1836.17,7257.46,87.22,Debit Card
10236,2024-01-20 19:00:00,2121,Keyboard,1,1161.51,1111.67,49.84,PayPal
8233,2023-10-29 08:00:00,2292,Tablet,3,,145.26,7.44,PayPal
4727,2023-06-05 06:00:00,2760,Monitor,4,71.79,214.21000000000004,72.95,Cash
3773,2023-04-26 12:00:00,2299,Keyboard,1,767.85,754.61,13.24,Credit Card
1455,2023-01-19 22:00:00,2628,Laptop,2,1684.35,3351.1099999999997,17.59,Cash
9190,2023-12-08 05:00:00,2461,Laptop,3,1534.9,4589.670000000001,15.03,Credit Card
2368,2023-02-26 23:00:00,2695,Keyboard,4,1013.88,4049.73,5.79,PayPal
4713,2023-06-04 16:00:00,2208,Laptop,1,1089.63,1062.1100000000001,27.52,PayPal
2607,2023-03-08 22:00:00,2852,Keyboard,4,1904.87,7556.919999999999,62.56,Cash
2389,2023-02-27 20:00:00,2998,Tablet,3,102.46,218.57,88.81,Debit Card
2001,2023-02-11 16:00:00,2234,Headphones,2,1797.26,3516.34,78.18,Debit Card
8762,2023-11-20 09:00:00,2109,Laptop,2,1841.78,3640.7999999999997,42.76,Credit Card
4554,2023-05-29 01:00:00,2003,Keyboard,1,215.01,190.48,24.53,Credit Card
5115,2023-06-21 10:00:00,2579,Tablet,4,548.78,2148.2,46.92,Cash
2668,2023-03-11 11:00:00,2229,Headphones,4,1702.68,6728.6,82.12,Cash
4174,2023-05-13 05:00:00,2126,Headphones,2,129.74,213.42000000000002,46.06,PayPal
10869,2024-02-16 04:00:00,2776,Laptop,2,,509.52000000000004,77.68,PayPal
1489,2023-01-21 08:00:00,2941,Keyboard,3,1535.58,4577.7,29.04,Debit Card
4231,2023-05-15 14:00:00,2313,Laptop,3,1997.58,5985.0199999999995,7.72,Cash
4829,2023-06-09 12:00:00,2238,Headphones,2,944.34,1840.79,47.89,Cash
10901,2024-02-17 12:00:00,2330,Keyboard,4,766.73,3045.52,21.4,nan
6209,2023-08-06 00:00:00,2682,Tablet,4,360.43,1398.53,43.19,Debit Card
8849,2023-11-24 00:00:00,2524,Headphones,3,1811.68,5384.03,51.01,Credit Card
6705,2023-08-26 16:00:00,2005,Monitor,2,1690.36,3293.8599999999997,86.86,Debit Card
4400,2023-05-22 15:00:00,2170,Keyboard,3,1087.62,3196.5499999999997,66.31,Debit Card
9134,2023-12-05 21:00:00,2014,Tablet,1,1863.62,1776.56,87.06,Debit Card
1704,2023-01-30 07:00:00,2373,Monitor,4,1538.2,6093.45,59.35,Debit Card
6106,2023-08-01 17:00:00,2394,Keyboard,2,1114.15,2225.51,2.79,Debit Card
10345,2024-01-25 08:00:00,2160,Laptop,4,1682.64,6701.52,29.04,Credit Card
4292,2023-05-18 03:00:00,2426,Laptop,4,1159.44,4627.63,10.13,Debit Card
9126,2023-12-05 13:00:00,2672,Monitor,4,76.17,204.95,99.73,PayPal
1766,2023-02-01 21:00:00,2260,Mouse,2,186.36,368.34000000000003,4.38,PayPal
10478,2024-01-30 21:00:00,2468,Tablet,1,1732.79,1647.8799999999999,84.91,Debit Card
5910,2023-07-24 13:00:00,2231,Keyboard,1,250.3,169.85000000000002,80.45,Credit Card
5441,2023-07-05 00:00:00,2853,Tablet,4,1958.62,7785.95,48.53,Cash
1987,2023-02-11 02:00:00,2044,Headphones,1,27.97,-43.019999999999996,70.99,Cash
10704,2024-02-09 07:00:00,2473,Tablet,2,1610.87,3167.9399999999996,53.8,Credit Card
10520,2024-02-01 15:00:00,2461,Headphones,2,662.93,1242.09,83.77,Cash
8706,2023-11-18 01:00:00,2090,Monitor,2,413.05,788.85,37.25,Debit Card
7258,2023-09-18 17:00:00,2333,Keyboard,2,740.81,1431.1499999999999,50.47,Credit Card
7090,2023-09-11 17:00:00,2435,Keyboard,2,846.73,1669.69,23.77,Debit Card
6239,2023-08-07 06:00:00,2840,Tablet,3,510.96,1455.4499999999998,77.43,PayPal
2199,2023-02-19 22:00:00,2452,Mouse,2,1417.25,2795.71,38.79,PayPal
10528,2024-02-01 23:00:00,2558,Keyboard,1,1373.32,1301.08,72.24,Debit Card
8520,2023-11-10 07:00:00,2021,Monitor,1,1114.85,1028.62,86.23,Debit Card
7813,2023-10-11 20:00:00,2183,Monitor,3,628.68,1807.75,78.29,PayPal
9321,2023-12-13 16:00:00,2613,Tablet,3,58.86,103.85999999999999,72.72,PayPal
8176,2023-10-26 23:00:00,2234,Mouse,3,107.57,236.67999999999998,86.03,Cash
5471,2023-07-06 06:00:00,2554,Keyboard,1,146.43,101.84,44.59,Cash
1892,2023-02-07 03:00:00,2617,Laptop,2,60.43,39.03,81.83,Credit Card
2970,2023-03-24 01:00:00,2147,Mouse,2,1978.76,3916.0,41.52,Cash
6758,2023-08-28 21:00:00,2282,Tablet,1,464.39,437.65999999999997,26.73,PayPal
7528,2023-09-29 23:00:00,2345,Monitor,1,437.79,373.06,64.73,Credit Card
7295,2023-09-20 06:00:00,2421,Keyboard,2,1124.65,2188.19,61.11,Credit Card
8596,2023-11-13 11:00:00,2410,Mouse,1,,817.1,84.28,Credit Card
4250,2023-05-16 09:00:00,2964,Tablet,3,596.47,1741.76,47.65,Credit Card
7571,2023-10-01 18:00:00,2751,Laptop,1,134.34,127.87,6.47,PayPal
7639,2023-10-04 14:00:00,2026,Laptop,2,355.04,643.34,66.74,Credit Card
8352,2023-11-03 07:00:00,2855,Laptop,1,141.67,44.219999999999985,97.45,Credit Card
10637,2024-02-06 12:00:00,2384,Keyboard,2,958.05,1849.09,67.01,Credit Card
8474,2023-11-08 09:00:00,2282,Monitor,4,1101.6,4343.599999999999,62.8,PayPal
10672,2024-02-07 23:00:00,2836,Tablet,3,1472.2,4376.85,39.75,Debit Card
10111,2024-01-15 14:00:00,2103,Mouse,3,166.37,461.3,37.81,nan
2240,2023-02-21 15:00:00,2735,Tablet,4,1855.8,7404.29,18.91,Credit Card
3290,2023-04-06 09:00:00,2188,Monitor,3,1487.64,4390.89,72.03,Credit Card
3741,2023-04-25 04:00:00,2857,Keyboard,1,1457.28,1453.84,3.44,Credit Card
9468,2023-12-19 19:00:00,2429,Laptop,4,1238.39,4866.04,87.52,Cash
5586,2023-07-11 01:00:00,2236,Headphones,4,636.55,2474.8999999999996,71.3,Debit Card
2230,2023-02-21 05:00:00,2345,Keyboard,1,250.55,159.19,91.36,Cash
7981,2023-10-18 20:00:00,2979,Headphones,1,,1169.31,66.67,Debit Card
6179,2023-08-04 18:00:00,2096,Mouse,4,1395.24,5540.08,40.88,Credit Card
5294,2023-06-28 21:00:00,2360,Monitor,3,867.31,2515.06,86.87,Cash
2059,2023-02-14 02:00:00,2304,Mouse,4,1767.96,7008.49,63.35,PayPal
7263,2023-09-18 22:00:00,2170,Laptop,2,1950.29,3822.96,77.62,PayPal
1282,2023-01-12 17:00:00,2328,Keyboard,2,533.3,,99.1,Cash
1969,2023-02-10 08:00:00,2600,Mouse,2,548.51,1029.97,67.05,Credit Card
4954,2023-06-14 17:00:00,2570,Monitor,1,124.21,53.739999999999995,70.47,Credit Card
2940,2023-03-22 19:00:00,2518,Tablet,4,72.72,,19.43,Cash
9882,2024-01-06 01:00:00,2251,Keyboard,1,965.91,905.02,60.89,PayPal
2275,2023-02-23 02:00:00,2872,Keyboard,4,150.6,518.9499999999999,83.45,Debit Card
1620,2023-01-26 19:00:00,2122,Laptop,4,1957.27,7820.76,8.32,Credit Card
9926,2024-01-07 21:00:00,2738,Headphones,1,1762.83,,12.61,Cash
2743,2023-03-14 14:00:00,2077,Laptop,1,618.11,548.5,69.61,PayPal
2391,2023-02-27 22:00:00,2330,Monitor,4,,6366.12,25.92,PayPal
3204,2023-04-02 19:00:00,2269,Mouse,1,677.38,672.6,4.78,PayPal
4569,2023-05-29 16:00:00,2761,Tablet,3,400.74,1200.8,1.42,Cash
7117,2023-09-12 20:00:00,2290,Keyboard,3,1109.82,3291.86,37.6,PayPal
1484,2023-01-21 03:00:00,2286,Headphones,3,1141.85,3351.95,73.6,Debit Card
7053,2023-09-10 04:00:00,2767,Tablet,2,1177.61,2272.08,83.14,Debit Card
4179,2023-05-13 10:00:00,2440,Laptop,4,1138.31,4526.42,26.82,nan
4193,2023-05-14 00:00:00,2951,Mouse,1,,194.43,95.17,PayPal
7100,2023-09-12 03:00:00,2732,Headphones,2,585.87,1153.8,17.94,Credit Card
8030,2023-10-20 21:00:00,2322,Laptop,2,1788.94,3577.44,0.44,Credit Card
1576,2023-01-24 23:00:00,2358,Tablet,1,,,29.16,Debit Card
7657,2023-10-05 08:00:00,2542,Mouse,2,1778.51,3531.88,25.14,Credit Card
8116,2023-10-24 11:00:00,2202,Mouse,2,23.01,10.630000000000003,35.39,Credit Card
10251,2024-01-21 10:00:00,2965,Mouse,2,690.99,1349.34,32.64,PayPal
7277,2023-09-19 12:00:00,2900,Mouse,3,509.78,1440.59,88.75,Credit Card
10440,2024-01-29 07:00:00,2823,Keyboard,1,44.66,,9.21,PayPal
6898,2023-09-03 17:00:00,2402,Tablet,2,339.39,638.81,39.97,Cash
6725,2023-08-27 12:00:00,2907,Tablet,4,1996.96,7956.06,31.78,Debit Card
1270,2023-01-12 05:00:00,2264,Laptop,3,1036.13,3015.38,93.01,PayPal
1630,2023-01-27 05:00:00,2406,Headphones,4,669.53,,56.0,PayPal
4082,2023-05-09 09:00:00,2130,Mouse,3,1902.51,5697.79,9.74,Credit Card
4467,2023-05-25 10:00:00,2618,Tablet,2,1497.14,2913.82,80.46,PayPal
7431,2023-09-25 22:00:00,2511,Mouse,1,478.34,,72.1,Cash
10782,2024-02-12 13:00:00,2999,Laptop,3,383.69,1076.03,75.04,Credit Card
8063,2023-10-22 06:00:00,2119,Mouse,3,1163.29,3410.31,79.56,PayPal
6184,2023-08-04 23:00:00,2305,Laptop,2,1373.51,2689.02,58.0,Debit Card
6544,2023-08-19 23:00:00,2804,Monitor,1,1829.22,1772.49,56.73,Credit Card
5357,2023-07-01 12:00:00,2029,Tablet,3,665.02,1895.28,99.78,Credit Card
3114,2023-03-30 01:00:00,2316,Tablet,1,957.96,947.45,10.51,Cash
9220,2023-12-09 11:00:00,2055,Keyboard,2,1549.72,3093.7000000000003,5.74,Cash
4217,2023-05-15 00:00:00,2066,Laptop,1,531.72,483.67,48.05,Credit Card
4815,2023-06-08 22:00:00,2566,Monitor,4,162.27,600.58,48.5,PayPal
9322,2023-12-13 17:00:00,2186,Mouse,3,1206.71,3529.75,90.38,Cash
10021,2024-01-11 20:00:00,2725,Monitor,3,1619.47,4842.4,16.01,Cash
3279,2023-04-05 22:00:00,2797,Mouse,3,1571.84,4670.879999999999,44.64,Credit Card
5600,2023-07-11 15:00:00,2386,Mouse,1,1860.41,1787.73,72.68,nan
1014,2023-01-01 13:00:00,2871,Tablet,2,48.02,43.93000000000001,52.11,Cash
5631,2023-07-12 22:00:00,2937,Mouse,2,1189.81,2356.4,23.22,Debit Card
2526,2023-03-05 13:00:00,2851,Monitor,3,682.24,1972.82,73.9,Debit Card
3366,2023-04-09 13:00:00,2001,Headphones,3,1786.95,5340.93,19.92,Cash
5649,2023-07-13 16:00:00,2575,Tablet,1,1050.75,1039.74,11.01,Debit Card
1375,2023-01-16 14:00:00,2107,Tablet,2,1028.24,1990.53,65.95,Debit Card
9944,2024-01-08 15:00:00,2211,Laptop,1,977.28,955.53,21.75,Debit Card
7478,2023-09-27 21:00:00,2102,Monitor,4,1209.4,4812.8,24.8,PayPal
1526,2023-01-22 21:00:00,2235,Monitor,2,177.01,307.21999999999997,46.8,PayPal
7896,2023-10-15 07:00:00,2877,Keyboard,2,1878.56,3755.85,1.27,Credit Card
4592,2023-05-30 15:00:00,2989,Tablet,3,431.08,1218.46,74.78,PayPal
8905,2023-11-26 08:00:00,2307,Laptop,1,1378.31,1303.4099999999999,74.9,PayPal
3959,2023-05-04 06:00:00,2718,Mouse,1,937.58,849.4300000000001,88.15,Cash
1530,2023-01-23 01:00:00,2040,Keyboard,3,219.34,615.78,42.24,PayPal
4715,2023-06-04 18:00:00,2936,Keyboard,1,,595.85,61.53,Debit Card
5733,2023-07-17 04:00:00,2961,Laptop,1,202.61,183.4,19.21,Credit Card
2395,2023-02-28 02:00:00,2247,Keyboard,1,634.28,606.61,27.67,Cash
6632,2023-08-23 15:00:00,2321,Tablet,1,661.03,650.76,10.27,Cash
7564,2023-10-01 11:00:00,2118,Laptop,1,1537.24,1471.77,65.47,PayPal
5704,2023-07-15 23:00:00,2956,Tablet,3,843.1,2485.0,44.3,Debit Card
2713,2023-03-13 08:00:00,2482,Keyboard,4,445.8,1699.1200000000001,84.08,Debit Card
5614,2023-07-12 05:00:00,2933,Laptop,4,869.0,3455.71,20.29,Credit Card
1956,2023-02-09 19:00:00,2543,Keyboard,2,1971.45,3919.34,23.56,Debit Card
7676,2023-10-06 03:00:00,2748,Laptop,3,470.53,1393.47,18.12,Credit Card
4454,2023-05-24 21:00:00,2978,Headphones,3,659.51,,26.31,Cash
9596,2023-12-25 03:00:00,2506,Tablet,4,1112.1,4377.69,70.71,Credit Card
3072,2023-03-28 07:00:00,2310,Mouse,1,1413.21,1353.14,60.07,PayPal
8378,2023-11-04 09:00:00,2739,Mouse,3,1572.64,4648.25,69.67,Credit Card
1159,2023-01-07 14:00:00,2789,Mouse,3,1967.64,5872.04,30.88,Cash
8006,2023-10-19 21:00:00,2607,Tablet,2,707.99,1323.6100000000001,92.37,Credit Card
1353,2023-01-15 16:00:00,2078,Tablet,3,242.29,633.35,93.52,Cash
7079,2023-09-11 06:00:00,2470,Keyboard,4,1919.83,7649.83,29.49,PayPal
7237,2023-09-17 20:00:00,2029,Keyboard,3,758.26,2205.81,68.97,nan
3921,2023-05-02 16:00:00,2928,Mouse,3,,850.9899999999999,72.86,Debit Card
9504,2023-12-21 07:00:00,2589,Mouse,2,1047.82,2086.56,9.08,Credit Card
5645,2023-07-13 12:00:00,2912,Laptop,2,1909.18,3763.8,54.56,Debit Card
1662,2023-01-28 13:00:00,2722,Tablet,1,1011.89,949.21,62.68,Debit Card
8058,2023-10-22 01:00:00,2220,Monitor,2,789.92,1545.87,33.97,Debit Card
4666,2023-06-02 17:00:00,2140,Keyboard,4,547.03,2126.6,61.52,PayPal
8980,2023-11-29 11:00:00,2728,Keyboard,2,296.58,550.88,42.28,PayPal
1307,2023-01-13 18:00:00,2405,Laptop,1,1793.94,1783.93,10.01,PayPal
5791,2023-07-19 14:00:00,2154,Mouse,4,609.4,2431.47,6.13,Credit Card
3357,2023-04-09 04:00:00,2107,Laptop,2,1655.08,3257.93,52.23,Cash
2928,2023-03-22 07:00:00,2474,Mouse,4,175.09,693.11,7.25,Debit Card
10803,2024-02-13 10:00:00,2182,Monitor,2,1318.51,2573.2,63.82,PayPal
4428,2023-05-23 19:00:00,2273,Headphones,3,1987.7,5884.27,78.83,Debit Card
4639,2023-06-01 14:00:00,2939,Mouse,3,741.51,2129.8599999999997,94.67,Credit Card
2267,2023-02-22 18:00:00,2901,Laptop,1,334.24,252.82,81.42,Credit Card
2561,2023-03-07 00:00:00,2152,Tablet,2,,3673.4700000000003,45.85,Cash
8180,2023-10-27 03:00:00,2211,Tablet,1,701.15,616.17,84.98,PayPal
5110,2023-06-21 05:00:00,2176,Monitor,4,997.4,3966.58,23.02,Cash
8868,2023-11-24 19:00:00,2854,Monitor,1,801.64,713.97,87.67,Cash
5905,2023-07-24 08:00:00,2618,Monitor,4,,5696.179999999999,49.06,PayPal
8295,2023-10-31 22:00:00,2174,Headphones,1,444.56,396.51,48.05,Credit Card
1515,2023-01-22 10:00:00,2261,Keyboard,3,355.89,1029.28,38.39,PayPal
1895,2023-02-07 06:00:00,2888,Monitor,1,1527.29,1454.6499999999999,72.64,Debit Card
9602,2023-12-25 09:00:00,2569,Mouse,4,1535.4,6105.240000000001,36.36,Debit Card
1022,2023-01-01 21:00:00,2036,Keyboard,3,704.8,2051.1499999999996,63.25,PayPal
1900,2023-02-07 11:00:00,2489,Tablet,2,1712.77,3338.64,86.9,Credit Card
1208,2023-01-09 15:00:00,2657,Headphones,4,1847.85,7383.12,8.28,Credit Card
1459,2023-01-20 02:00:00,2342,Keyboard,3,588.06,1673.9099999999999,90.27,Debit Card
3431,2023-04-12 06:00:00,2293,Monitor,1,913.94,839.4200000000001,74.52,Credit Card
9443,2023-12-18 18:00:00,2644,Laptop,4,1370.8,5437.889999999999,45.31,PayPal
4390,2023-05-22 05:00:00,2230,Monitor,3,54.39,112.54000000000002,50.63,Debit Card
4912,2023-06-12 23:00:00,2758,Monitor,3,768.79,2277.93,28.44,Cash
6384,2023-08-13 07:00:00,2546,Monitor,4,373.59,1447.81,46.55,Cash
9908,2024-01-07 03:00:00,2250,Tablet,1,1204.77,1111.91,92.86,Credit Card
1553,2023-01-24 00:00:00,2575,Keyboard,1,1754.36,1661.9899999999998,92.37,Debit Card
4145,2023-05-12 00:00:00,2338,Monitor,4,454.76,1775.94,43.1,PayPal
7918,2023-10-16 05:00:00,2294,Mouse,2,1617.56,3211.12,24.0,Cash
3057,2023-03-27 16:00:00,2189,Monitor,1,1142.42,1120.38,22.04,Cash
2926,2023-03-22 05:00:00,2161,Monitor,4,439.98,1713.4,46.52,Debit Card
1635,2023-01-27 10:00:00,2966,Mouse,2,1088.16,2173.0800000000004,3.24,PayPal
7083,2023-09-11 10:00:00,2677,Tablet,2,1695.08,3375.68,14.48,PayPal
9509,2023-12-21 12:00:00,2602,Monitor,1,1957.56,1868.56,89.0,PayPal
10738,2024-02-10 17:00:00,2585,Tablet,4,349.82,1346.82,52.46,Cash
1107,2023-01-05 10:00:00,2742,Monitor,4,1889.92,7525.35,34.33,Cash
9620,2023-12-26 03:00:00,2343,Keyboard,1,422.85,352.38,70.47,Credit Card
1106,2023-01-05 09:00:00,2086,Mouse,2,1672.25,3324.35,20.15,PayPal
4042,2023-05-07 17:00:00,2150,Laptop,2,1861.41,3708.3700000000003,14.45,Cash
2710,2023-03-13 05:00:00,2680,Headphones,4,1324.33,5224.7699999999995,72.55,nan
1090,2023-01-04 17:00:00,2732,Monitor,3,756.86,2268.85,1.73,Debit Card
8015,2023-10-20 06:00:00,2173,Mouse,1,1707.34,1679.51,27.83,Credit Card
4175,2023-05-13 06:00:00,2289,Tablet,3,676.94,1966.5600000000002,64.26,nan
1918,2023-02-08 05:00:00,2118,Monitor,3,155.89,385.61999999999995,82.05,Cash
8834,2023-11-23 09:00:00,2517,Mouse,3,1860.1,5531.61,48.69,Credit Card
7733,2023-10-08 12:00:00,2620,Tablet,1,173.36,163.28,10.08,Debit Card
2950,2023-03-23 05:00:00,2025,Mouse,2,1903.65,3709.3900000000003,97.91,PayPal
7369,2023-09-23 08:00:00,2087,Monitor,3,864.68,2563.91,30.13,Credit Card
1002,2023-01-01 01:00:00,2123,Keyboard,4,1233.11,4918.639999999999,13.8,Debit Card
9033,2023-12-01 16:00:00,2779,Headphones,2,591.45,1099.9,83.0,Cash
7048,2023-09-09 23:00:00,2123,Mouse,2,1612.35,3217.1699999999996,7.53,Debit Card
10678,2024-02-08 05:00:00,2401,Tablet,3,568.46,1609.0700000000002,96.31,PayPal
3721,2023-04-24 08:00:00,2249,Mouse,2,1313.08,2599.16,27.0,Cash
9784,2024-01-01 23:00:00,2711,Keyboard,4,153.1,525.01,87.39,PayPal
1109,2023-01-05 12:00:00,2405,Monitor,1,1017.2,975.5200000000001,41.68,Credit Card
4118,2023-05-10 21:00:00,2486,Headphones,1,838.22,814.27,23.95,Debit Card
10943,2024-02-19 06:00:00,2275,Laptop,4,949.69,3772.1800000000003,26.58,PayPal
4763,2023-06-06 18:00:00,2109,Monitor,1,,1236.67,26.3,Credit Card
1214,2023-01-09 21:00:00,2969,Tablet,1,462.96,413.78,49.18,Cash
1779,2023-02-02 10:00:00,2386,Mouse,4,401.5,1586.66,19.34,Credit Card
4497,2023-05-26 16:00:00,2803,Mouse,3,58.24,145.7,29.02,Cash
10266,2024-01-22 01:00:00,2369,Mouse,3,406.9,1199.3999999999999,21.3,Debit Card
3044,2023-03-27 03:00:00,2045,Tablet,3,1625.02,4846.82,28.24,Credit Card
9921,2024-01-07 16:00:00,2737,Keyboard,4,1328.03,5309.92,2.2,Debit Card
6421,2023-08-14 20:00:00,2539,Mouse,1,1256.09,1186.8899999999999,69.2,Cash
7155,2023-09-14 10:00:00,2258,Monitor,4,27.01,96.42,11.62,Cash
9358,2023-12-15 05:00:00,2543,Laptop,3,1322.94,3902.5800000000004,66.24,nan
10146,2024-01-17 01:00:00,2319,Keyboard,3,1212.33,3621.18,15.81,Debit Card
9466,2023-12-19 17:00:00,2425,Monitor,4,1572.71,6222.38,68.46,Credit Card
5168,2023-06-23 15:00:00,2379,Keyboard,2,1481.28,2900.97,61.59,Debit Card
4789,2023-06-07 20:00:00,2619,Tablet,4,1084.17,4292.17,44.51,Debit Card
9587,2023-12-24 18:00:00,2139,Monitor,1,252.6,176.78,75.82,Debit Card
1584,2023-01-25 07:00:00,2250,Monitor,4,1490.02,5959.28,0.8,Credit Card
5984,2023-07-27 15:00:00,2730,Laptop,3,1857.96,5533.900000000001,39.98,Debit Card
6886,2023-09-03 05:00:00,2918,Keyboard,4,1109.97,4387.07,52.81,PayPal
1117,2023-01-05 20:00:00,2379,Monitor,4,900.53,3518.38,83.74,Cash
7645,2023-10-04 20:00:00,2559,Monitor,1,1779.49,1731.04,48.45,Credit Card
10491,2024-01-31 10:00:00,2893,Laptop,2,1043.0,2016.47,69.53,PayPal
1734,2023-01-31 13:00:00,2110,Tablet,1,447.76,394.76,53.0,Cash
10414,2024-01-28 05:00:00,2050,Laptop,3,111.73,277.53,57.66,Credit Card
9713,2023-12-30 00:00:00,2480,Headphones,3,1233.56,,34.76,Debit Card
2764,2023-03-15 11:00:00,2234,Headphones,4,1093.25,4302.21,70.79,Debit Card
2876,2023-03-20 03:00:00,2646,Monitor,3,1992.34,5883.889999999999,93.13,Debit Card
4225,2023-05-15 08:00:00,2381,Headphones,4,732.18,2897.95,30.77,PayPal
1527,2023-01-22 22:00:00,2865,Laptop,4,1277.08,5063.19,45.13,Credit Card
8726,2023-11-18 21:00:00,2926,Keyboard,4,1455.9,5822.46,1.14,Cash
3947,2023-05-03 18:00:00,2682,Keyboard,4,1060.25,4194.37,46.63,Debit Card
5474,2023-07-06 09:00:00,2901,Tablet,3,757.24,2234.6000000000004,37.12,Debit Card
6656,2023-08-24 15:00:00,2677,Laptop,2,1881.11,3706.3999999999996,55.82,Cash
9885,2024-01-06 04:00:00,2204,Headphones,2,42.57,46.86,38.28,Cash
7060,2023-09-10 11:00:00,2977,Mouse,3,197.25,568.0,23.75,PayPal
1960,2023-02-09 23:00:00,2157,Tablet,2,841.7,1633.5900000000001,49.81,Debit Card
7343,2023-09-22 06:00:00,2080,Headphones,4,363.12,1399.17,53.31,PayPal
4634,2023-06-01 09:00:00,2655,Mouse,1,1834.29,1756.69,77.6,PayPal
2051,2023-02-13 18:00:00,2092,Mouse,1,1251.81,1246.03,5.78,nan
9783,2024-01-01 22:00:00,2392,Headphones,4,1592.94,6336.9400000000005,34.82,Debit Card
9712,2023-12-29 23:00:00,2166,Keyboard,2,1086.55,2138.2,34.9,Credit Card
4381,2023-05-21 20:00:00,2727,Tablet,3,1112.12,3272.9999999999995,63.36,Credit Card
4677,2023-06-03 04:00:00,2073,Mouse,4,232.49,900.96,29.0,Debit Card
6777,2023-08-29 16:00:00,2897,Tablet,2,213.55,338.84000000000003,88.26,Debit Card
10503,2024-01-31 22:00:00,2343,Headphones,4,1050.22,4121.31,79.57,Credit Card
7574,2023-10-01 21:00:00,2891,Monitor,4,252.41,911.26,98.38,Debit Card
6180,2023-08-04 19:00:00,2251,Mouse,1,210.12,184.32,25.8,Credit Card
2608,2023-03-08 23:00:00,2214,Headphones,2,1255.23,2473.06,37.4,Credit Card
4611,2023-05-31 10:00:00,2246,Monitor,1,1636.94,1609.1200000000001,27.82,Credit Card
7443,2023-09-26 10:00:00,2573,Mouse,2,1634.4,3177.15,91.65,Cash
7636,2023-10-04 11:00:00,2624,Headphones,3,775.9,2267.96,59.74,Cash
3523,2023-04-16 02:00:00,2380,Tablet,2,1310.47,2582.19,38.75,Credit Card
1792,2023-02-02 23:00:00,2499,Monitor,3,779.32,2260.38,77.58,PayPal
9985,2024-01-10 08:00:00,2520,Keyboard,4,365.4,1384.7099999999998,76.89,Cash
4057,2023-05-08 08:00:00,2290,Headphones,3,145.95,378.56999999999994,59.28,PayPal
2981,2023-03-24 12:00:00,2082,Monitor,4,1753.29,7008.88,4.28,PayPal
4599,2023-05-30 22:00:00,2260,Headphones,1,1351.63,1254.0900000000001,97.54,Credit Card
1934,2023-02-08 21:00:00,2274,Keyboard,3,839.06,2457.43,59.75,Debit Card
8425,2023-11-06 08:00:00,2311,Keyboard,1,1712.01,1644.3,67.71,PayPal
6627,2023-08-23 10:00:00,2941,Tablet,2,,1129.69,14.75,PayPal
2683,2023-03-12 02:00:00,2545,Laptop,1,1720.99,1683.1200000000001,37.87,PayPal
5180,2023-06-24 03:00:00,2951,Monitor,3,527.3,1560.06,21.84,PayPal
7447,2023-09-26 14:00:00,2620,Keyboard,2,1270.44,2463.36,77.52,Cash
5117,2023-06-21 12:00:00,2779,Tablet,3,697.19,2041.6000000000001,49.97,PayPal
1989,2023-02-11 04:00:00,2211,Headphones,3,54.65,78.50999999999999,85.44,PayPal
3897,2023-05-01 16:00:00,2122,Laptop,4,1529.84,6077.25,42.11,Credit Card
4779,2023-06-07 10:00:00,2261,Laptop,1,20.53,17.21,3.32,Debit Card
6659,2023-08-24 18:00:00,2725,Headphones,2,1737.97,3461.91,14.03,Credit Card
4094,2023-05-09 21:00:00,2768,Mouse,1,805.57,784.98,20.59,Debit Card
4156,2023-05-12 11:00:00,2231,Keyboard,1,1856.31,1797.71,58.6,Credit Card
2824,2023-03-17 23:00:00,2183,Headphones,3,1161.58,3438.8599999999997,45.88,Credit Card
10124,2024-01-16 03:00:00,2592,Headphones,4,1345.45,5290.89,90.91,Debit Card
2099,2023-02-15 18:00:00,2295,Monitor,3,1460.29,4364.97,15.9,Debit Card
3845,2023-04-29 12:00:00,2216,Laptop,4,1755.97,7005.6,18.28,Credit Card
4343,2023-05-20 06:00:00,2030,Mouse,3,89.71,218.53,50.6,Cash
1039,2023-01-02 14:00:00,2797,Laptop,4,539.26,2089.89,67.15,Debit Card
7541,2023-09-30 12:00:00,2557,Mouse,4,1435.64,5707.360000000001,35.2,PayPal
10820,2024-02-14 03:00:00,2013,Laptop,1,103.81,29.42,74.39,Cash
9708,2023-12-29 19:00:00,2728,Mouse,4,1489.25,,15.37,PayPal
4357,2023-05-20 20:00:00,2660,Headphones,1,323.26,303.92,19.34,Credit Card
8814,2023-11-22 13:00:00,2757,Laptop,3,1719.12,5082.53,74.83,PayPal
9221,2023-12-09 12:00:00,2169,Monitor,1,581.0,497.8,83.2,Debit Card
10695,2024-02-08 22:00:00,2861,Monitor,4,1922.61,7596.419999999999,94.02,Credit Card
3429,2023-04-12 04:00:00,2799,Tablet,4,303.67,1186.54,28.14,Credit Card
6044,2023-07-30 03:00:00,2737,Mouse,1,1829.82,1747.4499999999998,82.37,Cash
6347,2023-08-11 18:00:00,2603,Tablet,1,,1768.21,44.57,Debit Card
9955,2024-01-09 02:00:00,2090,Headphones,1,305.32,206.45999999999998,98.86,PayPal
5812,2023-07-20 11:00:00,2423,Mouse,2,38.52,-19.86,96.9,Cash
9477,2023-12-20 04:00:00,2591,Tablet,4,406.11,1573.5,50.94,Cash
1687,2023-01-29 14:00:00,2379,Laptop,2,1991.93,3964.21,19.65,Debit Card
5800,2023-07-19 23:00:00,2615,Tablet,2,395.93,727.8100000000001,64.05,Cash
8438,2023-11-06 21:00:00,2751,Headphones,3,1981.0,5886.07,56.93,Debit Card
3354,2023-04-09 01:00:00,2627,Keyboard,1,,612.5,17.05,PayPal
7354,2023-09-22 17:00:00,2511,Mouse,1,427.13,380.07,47.06,Debit Card
5570,2023-07-10 09:00:00,2091,Mouse,1,819.24,790.46,28.78,PayPal
9214,2023-12-09 05:00:00,2894,Headphones,1,254.6,170.07,84.53,Debit Card
3753,2023-04-25 16:00:00,2567,Laptop,3,1863.62,5566.13,24.73,PayPal
9074,2023-12-03 09:00:00,2899,Laptop,2,1873.59,3661.66,85.52,Cash
2041,2023-02-13 08:00:00,2236,Laptop,3,197.58,531.32,61.42,Cash
8492,2023-11-09 03:00:00,2877,Mouse,2,1131.26,2168.85,93.67,PayPal
2266,2023-02-22 17:00:00,2779,Keyboard,4,,4085.31,44.65,PayPal
10733,2024-02-10 12:00:00,2174,Mouse,1,858.89,833.81,25.08,Debit Card
8060,2023-10-22 03:00:00,2660,Headphones,1,1232.67,1167.65,65.02,PayPal
1278,2023-01-12 13:00:00,2665,Headphones,4,1549.28,6134.0,63.12,Debit Card
6085,2023-07-31 20:00:00,2325,Keyboard,2,145.62,208.82,82.42,Cash
3383,2023-04-10 06:00:00,2831,Keyboard,3,1791.87,5350.42,25.19,Cash
1572,2023-01-24 19:00:00,2852,Monitor,4,714.9,2774.86,84.74,Debit Card
2436,2023-03-01 19:00:00,2793,Mouse,2,881.51,1678.68,84.34,Cash
6353,2023-08-12 00:00:00,2220,Headphones,4,1497.13,5910.56,77.96,PayPal
6446,2023-08-15 21:00:00,2519,Laptop,1,576.94,530.83,46.11,Debit Card
2008,2023-02-11 23:00:00,2803,Mouse,3,1529.47,,12.68,PayPal
5544,2023-07-09 07:00:00,2532,Laptop,1,233.33,167.92000000000002,65.41,PayPal
10265,2024-01-22 00:00:00,2946,Laptop,2,874.86,1703.3500000000001,46.37,Debit Card
3065,2023-03-28 00:00:00,2472,Tablet,1,834.86,808.38,26.48,nan
2137,2023-02-17 08:00:00,2506,Monitor,1,344.67,272.21000000000004,72.46,Cash
6344,2023-08-11 15:00:00,2020,Mouse,2,1047.2,2041.27,53.13,Debit Card
1295,2023-01-13 06:00:00,2704,Mouse,3,982.44,2873.71,73.61,Debit Card
9781,2024-01-01 20:00:00,2486,Laptop,3,1844.31,5441.79,91.14,Credit Card
3404,2023-04-11 03:00:00,2727,Laptop,1,630.6,560.76,69.84,Debit Card
4999,2023-06-16 14:00:00,2071,Laptop,4,1464.78,5843.73,15.39,Credit Card
4742,2023-06-05 21:00:00,2322,Monitor,2,169.97,257.28999999999996,82.65,Cash
10690,2024-02-08 17:00:00,2265,Keyboard,1,1885.98,1821.55,64.43,Cash
3720,2023-04-24 07:00:00,2953,Headphones,4,1729.96,6871.43,48.41,Cash
10667,2024-02-07 18:00:00,2952,Keyboard,2,1633.97,3213.05,54.89,Credit Card
6151,2023-08-03 14:00:00,2701,Tablet,4,568.25,2228.09,44.91,PayPal
3809,2023-04-28 00:00:00,2189,Keyboard,2,796.1,1571.48,20.72,Debit Card
10018,2024-01-11 17:00:00,2219,Laptop,3,98.32,250.07999999999998,44.88,PayPal
1557,2023-01-24 04:00:00,2433,Keyboard,1,1014.46,936.97,77.49,PayPal
10379,2024-01-26 18:00:00,2439,Headphones,3,1536.71,4542.97,67.16,Cash
5796,2023-07-19 19:00:00,2804,Laptop,4,330.97,1245.5500000000002,78.33,Debit Card
3470,2023-04-13 21:00:00,2208,Monitor,2,931.84,1798.71,64.97,Cash
4739,2023-06-05 18:00:00,2602,Mouse,3,1213.62,3631.74,9.12,PayPal
5287,2023-06-28 14:00:00,2898,Keyboard,3,541.77,1602.2,23.11,Cash
3605,2023-04-19 12:00:00,2583,Laptop,1,1363.01,1297.23,65.78,Cash
1363,2023-01-16 02:00:00,2358,Monitor,1,925.17,910.86,14.31,Cash
7925,2023-10-16 12:00:00,2441,Laptop,3,1121.18,3343.82,19.72,Debit Card
2705,2023-03-13 00:00:00,2618,Mouse,1,814.7,779.82,34.88,Debit Card
3140,2023-03-31 03:00:00,2444,Tablet,4,1339.31,,89.29,Cash
4240,2023-05-15 23:00:00,2835,Headphones,2,1568.9,3133.13,4.67,nan
3384,2023-04-10 07:00:00,2333,Mouse,4,850.95,3339.38,64.42,Cash
8315,2023-11-01 18:00:00,2641,Tablet,2,1621.32,3180.52,62.12,Credit Card
5312,2023-06-29 15:00:00,2186,Headphones,2,,2008.77,0.69,Debit Card
2313,2023-02-24 16:00:00,2468,Mouse,1,682.39,641.78,40.61,Debit Card
4931,2023-06-13 18:00:00,2442,Tablet,2,194.53,299.11,89.95,Cash
7184,2023-09-15 15:00:00,2710,Tablet,2,,433.76,93.78,Debit Card
2592,2023-03-08 07:00:00,2774,Tablet,2,1422.02,2745.15,98.89,Debit Card
10859,2024-02-15 18:00:00,2054,Headphones,2,1072.38,2096.86,47.9,PayPal
3163,2023-04-01 02:00:00,2506,Keyboard,1,1973.89,1892.5100000000002,81.38,Credit Card
3397,2023-04-10 20:00:00,2886,Laptop,3,760.19,2184.27,96.3,Cash
1318,2023-01-14 05:00:00,2064,Laptop,2,298.53,511.11999999999995,85.94,Credit Card
6234,2023-08-07 01:00:00,2623,Monitor,4,1328.14,5235.580000000001,76.98,Credit Card
6069,2023-07-31 04:00:00,2022,Monitor,4,,1042.45,49.79,Credit Card
5037,2023-06-18 04:00:00,2589,Monitor,3,842.31,2510.6099999999997,16.32,Cash
9988,2024-01-10 11:00:00,2610,Monitor,3,1906.24,5699.240000000001,19.48,PayPal
4021,2023-05-06 20:00:00,2558,Laptop,1,1396.65,1393.3100000000002,3.34,Credit Card
9229,2023-12-09 20:00:00,2048,Monitor,1,,921.78,8.83,Cash
10106,2024-01-15 09:00:00,2431,Laptop,2,1137.28,2257.89,16.67,Cash
6296,2023-08-09 15:00:00,2659,Keyboard,4,98.24,358.33,34.63,Debit Card
4973,2023-06-15 12:00:00,2617,Monitor,3,977.08,2923.5200000000004,7.72,Debit Card
6371,2023-08-12 18:00:00,2304,Monitor,1,404.39,389.9,14.49,Debit Card
5134,2023-06-22 05:00:00,2111,Headphones,2,142.33,188.44000000000003,96.22,Cash
1975,2023-02-10 14:00:00,2761,Mouse,4,1345.35,5301.53,79.87,PayPal
8292,2023-10-31 19:00:00,2490,Monitor,3,1057.36,3088.59,83.49,Cash
1955,2023-02-09 18:00:00,2569,Laptop,4,629.0,2417.64,98.36,Credit Card
10777,2024-02-12 08:00:00,2027,Tablet,2,695.31,1294.09,96.53,Cash
6017,2023-07-29 00:00:00,2407,Keyboard,3,21.37,-35.05,99.16,Debit Card
7791,2023-10-10 22:00:00,2962,Keyboard,1,87.87,66.85000000000001,21.02,Debit Card
8491,2023-11-09 02:00:00,2925,Keyboard,2,658.71,1275.89,41.53,Credit Card
2641,2023-03-10 08:00:00,2350,Mouse,2,1546.38,3087.26,5.5,PayPal
2291,2023-02-23 18:00:00,2984,Monitor,2,59.98,28.58,91.38,Debit Card
2381,2023-02-27 12:00:00,2505,Headphones,1,1329.41,1271.22,58.19,Debit Card
2934,2023-03-22 13:00:00,2559,Mouse,1,1288.01,1197.0,91.01,PayPal
5676,2023-07-14 19:00:00,2232,Mouse,4,1634.2,6497.58,39.22,Cash
1893,2023-02-07 04:00:00,2711,Laptop,2,1206.82,2401.3799999999997,12.26,Credit Card
8288,2023-10-31 15:00:00,2639,Headphones,3,1641.39,4891.64,32.53,Credit Card
5877,2023-07-23 04:00:00,2452,Headphones,4,100.09,,2.01,Debit Card
8907,2023-11-26 10:00:00,2667,Tablet,2,1076.33,2083.5499999999997,69.11,PayPal
9195,2023-12-08 10:00:00,2983,Keyboard,3,489.21,1411.4899999999998,56.14,Cash
10851,2024-02-15 10:00:00,2261,Headphones,4,1926.06,7698.9,5.34,Cash
10042,2024-01-12 17:00:00,2870,Monitor,3,1250.6,3653.91,97.89,Debit Card
3467,2023-04-13 18:00:00,2812,Monitor,2,584.12,1139.39,28.85,Credit Card
8658,2023-11-16 01:00:00,2468,Laptop,2,428.09,819.67,36.51,Debit Card
2914,2023-03-21 17:00:00,2009,Monitor,2,861.28,1692.8899999999999,29.67,Debit Card
3737,2023-04-25 00:00:00,2010,Headphones,3,387.02,1109.6599999999999,51.4,PayPal
1727,2023-01-31 06:00:00,2170,Laptop,4,948.91,3758.75,36.89,Cash
8215,2023-10-28 14:00:00,2304,Headphones,3,918.51,2700.24,55.29,Credit Card
9246,2023-12-10 13:00:00,2750,Headphones,4,742.82,2872.1200000000003,99.16,Credit Card
2797,2023-03-16 20:00:00,2559,Headphones,2,1642.58,3202.67,82.49,Credit Card
4846,2023-06-10 05:00:00,2464,Tablet,2,475.6,858.0,93.2,Debit Card
7403,2023-09-24 18:00:00,2417,Laptop,3,1403.46,4161.84,48.54,PayPal
1937,2023-02-09 00:00:00,2253,Mouse,2,118.13,187.69,48.57,Cash
3266,2023-04-05 09:00:00,2526,Headphones,1,1294.13,1237.67,56.46,Cash
1825,2023-02-04 08:00:00,2907,Keyboard,3,1891.69,5671.23,3.84,Cash
8275,2023-10-31 02:00:00,2059,Laptop,3,802.88,2350.91,57.73,PayPal
2390,2023-02-27 21:00:00,2662,Laptop,3,1400.89,4163.06,39.61,PayPal
4565,2023-05-29 12:00:00,2901,Headphones,2,628.17,1229.52,26.82,Credit Card
10077,2024-01-14 04:00:00,2411,Keyboard,2,1324.73,2622.63,26.83,Credit Card
6430,2023-08-15 05:00:00,2058,Mouse,2,1343.4,2646.6800000000003,40.12,Cash
8828,2023-11-23 03:00:00,2310,Headphones,3,594.79,1784.12,0.25,Cash
6691,2023-08-26 02:00:00,2563,Keyboard,4,840.18,3360.39,0.33,Cash
8879,2023-11-25 06:00:00,2143,Keyboard,3,1922.86,5748.63,19.95,Debit Card
2869,2023-03-19 20:00:00,2789,Mouse,3,228.3,660.7200000000001,24.18,Cash
9203,2023-12-08 18:00:00,2444,Keyboard,2,312.32,533.1899999999999,91.45,PayPal
8487,2023-11-08 22:00:00,2086,Keyboard,1,,222.42999999999998,78.65,Credit Card
1807,2023-02-03 14:00:00,2696,Tablet,4,68.26,259.35,13.69,PayPal
5806,2023-07-20 05:00:00,2612,Keyboard,4,560.58,2189.28,53.04,Credit Card
10904,2024-02-17 15:00:00,2482,Laptop,4,1772.62,7083.33,7.15,Credit Card
10616,2024-02-05 15:00:00,2484,Keyboard,2,295.79,491.6,99.98,Credit Card
10156,2024-01-17 11:00:00,2195,Monitor,2,1248.16,2491.6000000000004,4.72,Cash
8512,2023-11-09 23:00:00,2200,Tablet,2,1553.36,3007.1499999999996,99.57,PayPal
9057,2023-12-02 16:00:00,2304,Monitor,3,995.6,2969.84,16.96,Cash
5495,2023-07-07 06:00:00,2255,Keyboard,4,165.84,596.82,66.54,nan
3633,2023-04-20 16:00:00,2947,Monitor,1,1405.79,1313.57,92.22,Debit Card
10352,2024-01-25 15:00:00,2596,Tablet,1,227.87,210.59,17.28,Credit Card
9897,2024-01-06 16:00:00,2925,Laptop,4,225.5,804.52,97.48,Credit Card
9624,2023-12-26 07:00:00,2024,Mouse,1,745.69,726.6300000000001,19.06,PayPal
8833,2023-11-23 08:00:00,2558,Tablet,4,1880.67,7464.9400000000005,57.74,Debit Card
5389,2023-07-02 20:00:00,2630,Laptop,4,1484.57,5872.3,65.98,Cash
1146,2023-01-07 01:00:00,2286,Laptop,3,1980.4,5923.070000000001,18.13,Debit Card
7468,2023-09-27 11:00:00,2870,Headphones,1,1981.02,1890.44,90.58,Debit Card
3034,2023-03-26 17:00:00,2269,Keyboard,3,1581.43,4715.16,29.13,Debit Card
10590,2024-02-04 13:00:00,2593,Monitor,4,765.9,2966.29,97.31,Credit Card
2166,2023-02-18 13:00:00,2685,Laptop,2,514.1,966.6600000000001,61.54,Cash
3051,2023-03-27 10:00:00,2059,Monitor,1,329.21,269.16999999999996,60.04,Credit Card
4761,2023-06-06 16:00:00,2328,Tablet,3,689.19,1971.3300000000002,96.24,Credit Card
5436,2023-07-04 19:00:00,2083,Tablet,3,1878.62,5539.839999999999,96.02,Debit Card
4431,2023-05-23 22:00:00,2873,Mouse,4,174.63,,36.94,PayPal
9191,2023-12-08 06:00:00,2701,Keyboard,3,28.73,29.879999999999995,56.31,Cash
10198,2024-01-19 05:00:00,2635,Monitor,1,1135.94,1122.3700000000001,13.57,Cash
8070,2023-10-22 13:00:00,2478,Laptop,4,293.65,1083.9299999999998,90.67,Credit Card
5362,2023-07-01 17:00:00,2754,Monitor,2,1664.05,3293.63,34.47,Cash
2772,2023-03-15 19:00:00,2743,Monitor,1,840.59,786.8100000000001,53.78,Cash
4512,2023-05-27 07:00:00,2102,Headphones,1,419.49,321.99,97.5,nan
1272,2023-01-12 07:00:00,2389,Laptop,4,1321.18,5279.25,5.47,Credit Card
9437,2023-12-18 12:00:00,2676,Laptop,4,978.13,3858.13,54.39,Debit Card
3033,2023-03-26 16:00:00,2930,Headphones,2,1726.15,3388.9900000000002,63.31,PayPal
10006,2024-01-11 05:00:00,2104,Keyboard,4,1054.13,4211.110000000001,5.41,Cash
7040,2023-09-09 15:00:00,2106,Laptop,4,708.77,2790.5099999999998,44.57,Cash
4811,2023-06-08 18:00:00,2170,Monitor,3,1631.26,4803.98,89.8,Credit Card
5347,2023-07-01 02:00:00,2499,Tablet,4,903.82,3533.5400000000004,81.74,Cash
1546,2023-01-23 17:00:00,2030,Monitor,2,1582.58,3120.52,44.64,Debit Card
4242,2023-05-16 01:00:00,2981,Keyboard,4,1304.72,5208.45,10.43,Debit Card
9931,2024-01-08 02:00:00,2762,Tablet,4,1823.57,7200.33,93.95,PayPal
9503,2023-12-21 06:00:00,2908,Mouse,1,23.81,-66.46,90.27,Credit Card
8204,2023-10-28 03:00:00,2715,Laptop,4,869.46,3411.61,66.23,Credit Card
8565,2023-11-12 04:00:00,2590,Headphones,1,1636.15,1625.1000000000001,11.05,PayPal
1921,2023-02-08 08:00:00,2459,Headphones,3,1596.61,4724.22,65.61,PayPal
10928,2024-02-18 15:00:00,2529,Keyboard,2,109.47,208.52,10.42,PayPal
7641,2023-10-04 16:00:00,2194,Keyboard,4,49.94,117.35,82.41,nan
8695,2023-11-17 14:00:00,2835,Laptop,1,1249.97,1248.84,1.13,Credit Card
9231,2023-12-09 22:00:00,2003,Laptop,1,824.63,756.41,68.22,Cash
8127,2023-10-24 22:00:00,2480,Monitor,1,1245.31,1200.53,44.78,Credit Card
5279,2023-06-28 06:00:00,2983,Keyboard,3,1832.88,5446.280000000001,52.36,Cash
3984,2023-05-05 07:00:00,2451,Monitor,4,1262.1,,50.25,Debit Card
1131,2023-01-06 10:00:00,2601,Mouse,3,764.4,2202.06,91.14,Credit Card
8981,2023-11-29 12:00:00,2340,Laptop,2,1632.58,3243.33,21.83,PayPal
3668,2023-04-22 03:00:00,2108,Headphones,1,1256.2,1214.94,41.26,Credit Card
8139,2023-10-25 10:00:00,2302,Mouse,2,792.62,1558.88,26.36,PayPal
4224,2023-05-15 07:00:00,2731,Mouse,1,1496.84,1401.33,95.51,Credit Card
8694,2023-11-17 13:00:00,2685,Keyboard,3,221.9,652.7700000000001,12.93,Credit Card
6393,2023-08-13 16:00:00,2139,Mouse,4,360.44,1429.96,11.8,PayPal
1615,2023-01-26 14:00:00,2817,Keyboard,2,957.21,1845.0800000000002,69.34,Cash
3046,2023-03-27 05:00:00,2532,Tablet,4,1761.71,7022.46,24.38,Cash
2467,2023-03-03 02:00:00,2800,Keyboard,2,983.26,1891.0,75.52,Debit Card
5498,2023-07-07 09:00:00,2901,Tablet,2,148.41,263.86,32.96,PayPal
4043,2023-05-07 18:00:00,2043,Laptop,2,1863.98,3692.2400000000002,35.72,Credit Card
10127,2024-01-16 06:00:00,2990,Tablet,4,1912.74,7615.62,35.34,Cash
3420,2023-04-11 19:00:00,2770,Keyboard,4,721.42,2848.5899999999997,37.09,Credit Card
6086,2023-07-31 21:00:00,2075,Headphones,3,863.2,2525.6400000000003,63.96,Cash
4295,2023-05-18 06:00:00,2916,Mouse,1,866.69,804.83,61.86,Credit Card
7738,2023-10-08 17:00:00,2696,Laptop,3,1979.59,5849.28,89.49,Credit Card
2501,2023-03-04 12:00:00,2088,Monitor,3,1887.7,5620.950000000001,42.15,Cash
10019,2024-01-11 18:00:00,2368,Laptop,4,1556.49,6212.46,13.5,Debit Card
2522,2023-03-05 09:00:00,2382,Headphones,2,745.34,1419.5500000000002,71.13,Debit Card
10580,2024-02-04 03:00:00,2018,Keyboard,2,890.64,1766.11,15.17,PayPal
5233,2023-06-26 08:00:00,2290,Mouse,4,1127.14,4505.490000000001,3.07,Credit Card
8687,2023-11-17 06:00:00,2467,Monitor,4,1784.67,7045.3,93.38,Debit Card
9821,2024-01-03 12:00:00,2396,Headphones,4,1235.69,4853.33,89.43,Credit Card
5431,2023-07-04 14:00:00,2620,Laptop,4,966.35,3783.56,81.84,Debit Card
1391,2023-01-17 06:00:00,2882,Keyboard,4,,6219.71,70.73,Credit Card
1389,2023-01-17 04:00:00,2101,Laptop,2,,3214.75,29.33,Cash
8125,2023-10-24 20:00:00,2797,Laptop,4,713.2,2819.34,33.46,PayPal
6914,2023-09-04 09:00:00,2794,Tablet,2,1590.8,3171.17,10.43,Cash
9593,2023-12-25 00:00:00,2396,Laptop,2,1671.04,3316.98,25.1,Cash
5807,2023-07-20 06:00:00,2183,Monitor,2,278.21,501.77,54.65,PayPal
10408,2024-01-27 23:00:00,2277,Monitor,1,46.57,30.66,15.91,Cash
9239,2023-12-10 06:00:00,2590,Tablet,1,247.27,180.58,66.69,Credit Card
9045,2023-12-02 04:00:00,2747,Keyboard,2,135.46,204.12,66.8,Cash
10276,2024-01-22 11:00:00,2421,Mouse,2,,2656.6000000000004,1.68,Cash
4994,2023-06-16 09:00:00,2113,Tablet,1,1409.25,1344.18,65.07,Cash
3679,2023-04-22 14:00:00,2370,Monitor,4,1776.81,7066.71,40.53,Credit Card
7610,2023-10-03 09:00:00,2377,Laptop,2,,1879.3000000000002,60.12,PayPal
6320,2023-08-10 15:00:00,2872,Mouse,2,297.81,567.51,28.11,Cash
9518,2023-12-21 21:00:00,2974,Headphones,3,1038.39,3030.9700000000003,84.2,Credit Card
8120,2023-10-24 15:00:00,2317,Headphones,4,1599.97,6328.09,71.79,Credit Card
3422,2023-04-11 21:00:00,2150,Monitor,2,829.75,1584.5,75.0,PayPal
6605,2023-08-22 12:00:00,2189,Keyboard,1,968.74,879.79,88.95,Debit Card
2751,2023-03-14 22:00:00,2317,Monitor,2,1331.55,2610.13,52.97,PayPal
10472,2024-01-30 15:00:00,2937,Keyboard,2,1686.24,3310.97,61.51,Credit Card
1488,2023-01-21 07:00:00,2605,Headphones,3,737.61,2149.66,63.17,Debit Card
1339,2023-01-15 02:00:00,2735,Laptop,3,85.59,254.67999999999998,2.09,Cash
9408,2023-12-17 07:00:00,2561,Headphones,1,402.93,341.69,61.24,PayPal
2342,2023-02-25 21:00:00,2071,Monitor,2,1011.51,1973.7,49.32,Debit Card
5948,2023-07-26 03:00:00,2319,Headphones,3,1662.02,4950.879999999999,35.18,Credit Card
8983,2023-11-29 14:00:00,2900,Tablet,4,1099.04,,18.18,Cash
4641,2023-06-01 16:00:00,2715,Keyboard,1,1346.27,1268.51,77.76,PayPal
1330,2023-01-14 17:00:00,2915,Headphones,1,1459.12,1423.59,35.53,Credit Card
10278,2024-01-22 13:00:00,2734,Laptop,1,1195.25,1194.03,1.22,PayPal
4005,2023-05-06 04:00:00,2607,Monitor,1,1154.7,1079.93,74.77,Credit Card
7961,2023-10-18 00:00:00,2015,Laptop,2,847.6,1643.01,52.19,PayPal
5091,2023-06-20 10:00:00,2157,Mouse,3,1658.8,4942.839999999999,33.56,Credit Card
3323,2023-04-07 18:00:00,2170,Tablet,3,875.34,2574.64,51.38,nan
7668,2023-10-05 19:00:00,2440,Headphones,3,1605.2,4762.410000000001,53.19,Credit Card
8010,2023-10-20 01:00:00,2145,Headphones,3,1898.15,5607.620000000001,86.83,Debit Card
5198,2023-06-24 21:00:00,2149,Headphones,1,1143.47,1061.47,82.0,Debit Card
4550,2023-05-28 21:00:00,2958,Headphones,4,1876.87,7455.009999999999,52.47,PayPal
9364,2023-12-15 11:00:00,2681,Mouse,1,650.58,600.0600000000001,50.52,Cash
5204,2023-06-25 03:00:00,2276,Tablet,2,1611.75,3211.25,12.25,Cash
10781,2024-02-12 12:00:00,2961,Tablet,4,1451.46,5730.96,74.88,Credit Card
10390,2024-01-27 05:00:00,2113,Tablet,2,246.26,464.41999999999996,28.1,Credit Card
7186,2023-09-15 17:00:00,2159,Laptop,3,166.83,412.98,87.51,Credit Card
2640,2023-03-10 07:00:00,2066,Mouse,1,1678.71,,87.69,Cash
10131,2024-01-16 10:00:00,2469,Headphones,1,1732.48,1718.29,14.19,Credit Card
1061,2023-01-03 12:00:00,2995,Keyboard,1,1650.93,1592.5600000000002,58.37,PayPal
2241,2023-02-21 16:00:00,2721,Keyboard,1,1373.65,1275.94,97.71,PayPal
6761,2023-08-29 00:00:00,2958,Tablet,1,1142.16,1134.44,7.72,PayPal
6137,2023-08-03 00:00:00,2540,Headphones,3,1921.23,5682.500000000001,81.19,Debit Card
3344,2023-04-08 15:00:00,2335,Headphones,4,378.26,1420.76,92.28,nan
3121,2023-03-30 08:00:00,2755,Tablet,1,1933.95,1849.89,84.06,PayPal
2525,2023-03-05 12:00:00,2203,Keyboard,2,600.77,1111.72,89.82,PayPal
8618,2023-11-14 09:00:00,2228,Tablet,2,1255.64,2453.78,57.5,Credit Card
1154,2023-01-07 09:00:00,2036,Laptop,4,604.41,2371.62,46.02,Debit Card
1482,2023-01-21 01:00:00,2067,Tablet,1,477.95,432.71999999999997,45.23,Cash
7123,2023-09-13 02:00:00,2708,Mouse,1,330.21,291.94,38.27,PayPal
8675,2023-11-16 18:00:00,2766,Laptop,1,1765.09,1678.4499999999998,86.64,PayPal
8102,2023-10-23 21:00:00,2795,Mouse,4,975.11,,95.82,nan
2763,2023-03-15 10:00:00,2042,Keyboard,4,1915.44,7562.88,98.88,Cash
9943,2024-01-08 14:00:00,2476,Headphones,3,1039.86,3045.95,73.63,PayPal
8716,2023-11-18 11:00:00,2502,Headphones,2,240.02,443.74,36.3,Debit Card
10540,2024-02-02 11:00:00,2931,Headphones,4,594.27,2312.12,64.96,Debit Card
8480,2023-11-08 15:00:00,2553,Monitor,3,1517.48,4505.960000000001,46.48,Debit Card
7213,2023-09-16 20:00:00,2727,Monitor,3,1883.84,5604.79,46.73,PayPal
5854,2023-07-22 05:00:00,2878,Keyboard,3,578.68,1729.18,6.86,PayPal
3712,2023-04-23 23:00:00,2701,Headphones,4,511.74,2022.8400000000001,24.12,Debit Card
7767,2023-10-09 22:00:00,2992,Headphones,4,191.09,756.7,7.66,PayPal
5151,2023-06-22 22:00:00,2994,Laptop,3,1766.17,5226.6,71.91,Debit Card
2334,2023-02-25 13:00:00,2303,Headphones,2,897.65,1760.45,34.85,Cash
9379,2023-12-16 02:00:00,2887,Mouse,4,263.56,1001.83,52.41,Credit Card
10861,2024-02-15 20:00:00,2504,Headphones,4,519.42,2066.3599999999997,11.32,Cash
9081,2023-12-03 16:00:00,2657,Laptop,1,303.13,290.69,12.44,PayPal
10584,2024-02-04 07:00:00,2702,Monitor,2,339.1,649.96,28.24,PayPal
4851,2023-06-10 10:00:00,2963,Monitor,4,241.72,897.25,69.63,PayPal
9341,2023-12-14 12:00:00,2214,Mouse,2,,1133.79,91.63,PayPal
5125,2023-06-21 20:00:00,2479,Tablet,3,1621.22,4853.3099999999995,10.35,Cash
10418,2024-01-28 09:00:00,2144,Mouse,2,268.15,517.0999999999999,19.2,Debit Card
5789,2023-07-19 12:00:00,2561,Mouse,1,609.55,562.38,47.17,Debit Card
3867,2023-04-30 10:00:00,2312,Tablet,1,505.06,442.34000000000003,62.72,Debit Card
2387,2023-02-27 18:00:00,2666,Headphones,1,1611.87,1530.1,81.77,Debit Card
6942,2023-09-05 13:00:00,2952,Mouse,4,555.76,2152.66,70.38,Debit Card
4068,2023-05-08 19:00:00,2595,Headphones,3,1106.46,3232.56,86.82,Debit Card
10516,2024-02-01 11:00:00,2845,Keyboard,4,941.15,3675.2999999999997,89.3,PayPal
4630,2023-06-01 05:00:00,2468,Mouse,4,,7362.0,63.12,Credit Card
10933,2024-02-18 20:00:00,2543,Laptop,3,154.59,402.19,61.58,PayPal
10403,2024-01-27 18:00:00,2208,Mouse,2,1417.43,,16.28,PayPal
4029,2023-05-07 04:00:00,2036,Monitor,4,1465.56,5768.5,93.74,PayPal
3970,2023-05-04 17:00:00,2346,Keyboard,3,354.2,991.1999999999999,71.4,Cash
9647,2023-12-27 06:00:00,2962,Mouse,3,1994.41,5964.93,18.3,Cash
7137,2023-09-13 16:00:00,2626,Laptop,2,295.44,518.29,72.59,Cash
9802,2024-01-02 17:00:00,2695,Mouse,1,1522.45,1436.03,86.42,PayPal
5264,2023-06-27 15:00:00,2657,Laptop,2,589.49,1160.52,18.46,PayPal
1646,2023-01-27 21:00:00,2787,Headphones,4,996.87,3974.19,13.29,PayPal
1120,2023-01-05 23:00:00,2238,Tablet,2,45.14,27.660000000000004,62.62,Cash
3075,2023-03-28 10:00:00,2663,Headphones,3,725.81,2149.31,28.12,PayPal
1342,2023-01-15 05:00:00,2352,Laptop,4,870.57,3452.44,29.84,PayPal
9042,2023-12-02 01:00:00,2066,Headphones,3,1624.0,4809.29,62.71,PayPal
2623,2023-03-09 14:00:00,2771,Keyboard,2,1734.14,3369.5,98.78,Cash
8142,2023-10-25 13:00:00,2697,Headphones,2,1028.84,2004.61,53.07,Credit Card
6797,2023-08-30 12:00:00,2750,Mouse,1,1341.9,1246.49,95.41,Credit Card
8185,2023-10-27 08:00:00,2345,Keyboard,1,,1357.16,72.86,Debit Card
9233,2023-12-10 00:00:00,2685,Keyboard,4,220.54,796.5,85.66,PayPal
6476,2023-08-17 03:00:00,2563,Headphones,3,1544.73,4602.2300000000005,31.96,Credit Card
3738,2023-04-25 01:00:00,2715,Headphones,1,1602.9,1571.39,31.51,PayPal
1075,2023-01-04 02:00:00,2655,Tablet,2,1861.17,3656.33,66.01,Debit Card
4596,2023-05-30 19:00:00,2859,Tablet,2,1648.38,3262.78,33.98,PayPal
9634,2023-12-26 17:00:00,2019,Keyboard,2,222.48,437.76,7.2,Cash
10697,2024-02-09 00:00:00,2241,Keyboard,3,786.94,2329.77,31.05,PayPal
3052,2023-03-27 11:00:00,2975,Mouse,2,307.86,,81.81,PayPal
3542,2023-04-16 21:00:00,2456,Laptop,4,1680.26,6679.29,41.75,Credit Card
2302,2023-02-24 05:00:00,2529,Monitor,4,1873.09,7412.58,79.78,PayPal
6878,2023-09-02 21:00:00,2150,Laptop,4,1913.83,7557.5,97.82,Credit Card
8369,2023-11-04 00:00:00,2184,Tablet,1,1240.09,1170.9699999999998,69.12,Cash
2305,2023-02-24 08:00:00,2567,Keyboard,2,751.78,1462.8799999999999,40.68,Credit Card
9429,2023-12-18 04:00:00,2159,Monitor,1,1311.98,1230.4,81.58,PayPal
10553,2024-02-03 00:00:00,2732,Monitor,1,1812.93,1774.8700000000001,38.06,PayPal
3600,2023-04-19 07:00:00,2403,Keyboard,3,327.55,900.8600000000001,81.79,PayPal
3574,2023-04-18 05:00:00,2604,Headphones,3,1807.93,5329.37,94.42,Cash
4187,2023-05-13 18:00:00,2833,Mouse,4,1500.13,5901.85,98.67,PayPal
3769,2023-04-26 08:00:00,2867,Keyboard,2,1801.13,3571.6600000000003,30.6,PayPal
5832,2023-07-21 07:00:00,2825,Mouse,4,643.68,2476.06,98.66,nan
5224,2023-06-25 23:00:00,2661,Tablet,3,65.3,,26.53,Credit Card
1097,2023-01-05 00:00:00,2563,Keyboard,2,829.47,1610.45,48.49,Debit Card
3107,2023-03-29 18:00:00,2340,Keyboard,2,686.26,1346.06,26.46,PayPal
3680,2023-04-22 15:00:00,2953,Laptop,2,242.77,439.39000000000004,46.15,PayPal
2388,2023-02-27 19:00:00,2986,Headphones,3,1667.25,4913.56,88.19,Cash
10385,2024-01-27 00:00:00,2462,Headphones,1,829.05,753.74,75.31,nan
6422,2023-08-14 21:00:00,2209,Monitor,1,1840.45,1755.66,84.79,Cash
8084,2023-10-23 03:00:00,2412,Laptop,2,162.16,281.76,42.56,Cash
2280,2023-02-23 07:00:00,2658,Tablet,2,1123.06,2147.6,98.52,PayPal
1805,2023-02-03 12:00:00,2369,Monitor,2,818.94,1596.13,41.75,PayPal
2556,2023-03-06 19:00:00,2924,Headphones,2,1925.02,3753.84,96.2,Debit Card
10964,2024-02-20 03:00:00,2105,Mouse,2,366.12,644.22,88.02,PayPal
5567,2023-07-10 06:00:00,2714,Headphones,1,1648.07,1574.48,73.59,Debit Card
6310,2023-08-10 05:00:00,2189,Headphones,3,867.33,2534.0200000000004,67.97,Cash
5842,2023-07-21 17:00:00,2686,Keyboard,2,1676.81,3279.17,74.45,Credit Card
4595,2023-05-30 18:00:00,2461,Laptop,4,1901.49,7525.66,80.3,Debit Card
7036,2023-09-09 11:00:00,2936,Tablet,4,1689.83,6717.67,41.65,Cash
7853,2023-10-13 12:00:00,2498,Monitor,1,345.82,250.82,95.0,Cash
9706,2023-12-29 17:00:00,2474,Mouse,3,395.56,,1.74,Debit Card
5178,2023-06-24 01:00:00,2110,Laptop,3,1373.58,4028.3199999999997,92.42,Credit Card
2309,2023-02-24 12:00:00,2922,Laptop,3,1065.6,3157.3599999999997,39.44,Debit Card
10107,2024-01-15 10:00:00,2356,Headphones,1,,967.73,75.53,Cash
4453,2023-05-24 20:00:00,2080,Tablet,2,240.17,444.65999999999997,35.68,Cash
4696,2023-06-03 23:00:00,2791,Keyboard,1,54.96,17.03,37.93,Debit Card
5243,2023-06-26 18:00:00,2056,Keyboard,2,1200.92,2360.76,41.08,Credit Card
3199,2023-04-02 14:00:00,2333,Tablet,4,237.58,945.0600000000001,5.26,Cash
9967,2024-01-09 14:00:00,2088,Keyboard,1,121.74,59.709999999999994,62.03,Cash
5426,2023-07-04 09:00:00,2120,Mouse,4,1290.29,5090.16,71.0,Cash
7151,2023-09-14 06:00:00,2959,Headphones,3,445.89,1321.88,15.79,Debit Card
1944,2023-02-09 07:00:00,2728,Headphones,1,786.32,703.24,83.08,Cash
1823,2023-02-04 06:00:00,2952,Headphones,4,260.24,1028.5,12.46,Cash
6006,2023-07-28 13:00:00,2281,Monitor,3,366.93,1035.87,64.92,Credit Card
7613,2023-10-03 12:00:00,2102,Laptop,2,1954.7,3894.87,14.53,Credit Card
9357,2023-12-15 04:00:00,2033,Tablet,3,1935.27,5731.7699999999995,74.04,Credit Card
6620,2023-08-23 03:00:00,2030,Keyboard,2,1133.01,2225.15,40.87,Debit Card
5548,2023-07-09 11:00:00,2064,Mouse,4,332.45,1286.78,43.02,Debit Card
3539,2023-04-16 18:00:00,2989,Headphones,1,496.84,425.57,71.27,Cash
6208,2023-08-05 23:00:00,2561,Laptop,4,1670.61,6619.32,63.12,Credit Card
10993,2024-02-21 08:00:00,2236,Mouse,1,1236.06,1136.07,99.99,Cash
10466,2024-01-30 09:00:00,2592,Keyboard,2,926.5,1774.8,78.2,Cash
4055,2023-05-08 06:00:00,2755,Headphones,4,1050.26,4129.13,71.91,PayPal
4676,2023-06-03 03:00:00,2235,Headphones,2,1584.94,3085.35,84.53,Credit Card
8777,2023-11-21 00:00:00,2885,Tablet,1,1432.9,1390.0900000000001,42.81,Cash
8219,2023-10-28 18:00:00,2301,Tablet,4,120.78,388.47,94.65,Credit Card
7723,2023-10-08 02:00:00,2864,Mouse,1,1981.76,1892.36,89.4,PayPal
4301,2023-05-18 12:00:00,2983,Monitor,2,1624.52,3196.32,52.72,PayPal
4311,2023-05-18 22:00:00,2794,Tablet,2,873.32,1678.4,68.24,Debit Card
8222,2023-10-28 21:00:00,2416,Keyboard,4,663.06,2554.2999999999997,97.94,Debit Card
9520,2023-12-21 23:00:00,2116,Mouse,4,944.94,3718.82,60.94,Credit Card
6955,2023-09-06 02:00:00,2140,Laptop,2,67.56,68.48,66.64,Credit Card
1833,2023-02-04 16:00:00,2875,Laptop,1,1494.82,1492.35,2.47,Debit Card
4463,2023-05-25 06:00:00,2727,Keyboard,2,1333.34,2586.89,79.79,PayPal
8644,2023-11-15 11:00:00,2120,Laptop,4,142.01,549.23,18.81,Credit Card
1055,2023-01-03 06:00:00,2024,Headphones,1,146.0,88.87,57.13,Credit Card
4452,2023-05-24 19:00:00,2792,Mouse,2,1920.22,3814.4700000000003,25.97,Cash
7306,2023-09-20 17:00:00,2211,Mouse,3,1819.99,5439.85,20.12,PayPal
2482,2023-03-03 17:00:00,2499,Mouse,1,359.31,335.83,23.48,Credit Card
5874,2023-07-23 01:00:00,2177,Keyboard,4,193.91,698.37,77.27,Credit Card
9039,2023-12-01 22:00:00,2069,Laptop,2,611.4,1193.68,29.12,Credit Card
4336,2023-05-19 23:00:00,2762,Mouse,2,540.18,1069.07,11.29,nan
7017,2023-09-08 16:00:00,2051,Mouse,1,1621.58,1596.74,24.84,PayPal
5927,2023-07-25 06:00:00,2012,Monitor,2,1255.55,,98.49,Cash
10139,2024-01-16 18:00:00,2661,Headphones,1,1391.99,1320.64,71.35,Debit Card
6798,2023-08-30 13:00:00,2434,Mouse,2,873.0,1680.38,65.62,Cash
9501,2023-12-21 04:00:00,2881,Mouse,1,1667.11,1600.4499999999998,66.66,PayPal
6084,2023-07-31 19:00:00,2207,Monitor,3,886.67,2567.43,92.58,nan
7646,2023-10-04 21:00:00,2711,Laptop,4,1504.74,5973.09,45.87,Debit Card
6491,2023-08-17 18:00:00,2107,Keyboard,3,261.14,710.13,73.29,PayPal
1769,2023-02-02 00:00:00,2930,Tablet,2,1584.1,3140.7,27.5,Debit Card
3066,2023-03-28 01:00:00,2021,Mouse,2,1109.76,2151.6,67.92,Credit Card
10978,2024-02-20 17:00:00,2087,Tablet,2,591.44,1140.67,42.21,Cash
8312,2023-11-01 15:00:00,2091,Mouse,3,394.71,1134.85,49.28,Credit Card
9478,2023-12-20 05:00:00,2894,Mouse,3,518.21,1483.8500000000001,70.78,PayPal
5525,2023-07-08 12:00:00,2992,Keyboard,4,1483.73,5841.89,93.03,PayPal
3718,2023-04-24 05:00:00,2732,Tablet,2,62.62,85.12,40.12,PayPal
3080,2023-03-28 15:00:00,2752,Monitor,1,530.82,443.34000000000003,87.48,Credit Card
9915,2024-01-07 10:00:00,2893,Headphones,2,913.79,1771.3999999999999,56.18,Credit Card
1952,2023-02-09 15:00:00,2979,Laptop,1,101.5,90.51,10.99,Debit Card
9059,2023-12-02 18:00:00,2957,Keyboard,4,,2894.97,42.19,Debit Card
3483,2023-04-14 10:00:00,2201,Monitor,3,165.79,463.49,33.88,Credit Card
10182,2024-01-18 13:00:00,2344,Tablet,3,1690.94,5001.219999999999,71.6,PayPal
2760,2023-03-15 07:00:00,2466,Mouse,2,1390.76,2704.7599999999998,76.76,Debit Card
5423,2023-07-04 06:00:00,2157,Monitor,1,1264.86,1194.4699999999998,70.39,Credit Card
7705,2023-10-07 08:00:00,2166,Laptop,1,1863.74,1836.08,27.66,Credit Card
6183,2023-08-04 22:00:00,2858,Keyboard,2,1451.7,2897.0,6.4,Debit Card
9534,2023-12-22 13:00:00,2737,Tablet,3,1518.55,4471.429999999999,84.22,Debit Card
4702,2023-06-04 05:00:00,2998,Keyboard,3,1053.39,3151.88,8.29,PayPal
5244,2023-06-26 19:00:00,2424,Keyboard,4,1725.16,6846.13,54.51,Cash
1689,2023-01-29 16:00:00,2986,Mouse,1,1058.22,1020.12,38.1,Credit Card
4433,2023-05-24 00:00:00,2719,Laptop,4,1746.67,6914.63,72.05,Debit Card
5945,2023-07-26 00:00:00,2163,Mouse,3,1179.92,3471.32,68.44,Credit Card
1967,2023-02-10 06:00:00,2137,Laptop,3,1005.05,2978.7599999999998,36.39,Debit Card
10962,2024-02-20 01:00:00,2742,Keyboard,2,1577.69,3127.06,28.32,Cash
3714,2023-04-24 01:00:00,2286,Mouse,4,1475.92,5876.04,27.64,nan
5758,2023-07-18 05:00:00,2374,Tablet,4,1193.48,4701.24,72.68,PayPal
10921,2024-02-18 08:00:00,2575,Laptop,4,534.69,2067.01,71.75,Credit Card
7321,2023-09-21 08:00:00,2884,Keyboard,4,1160.63,4554.01,88.51,Debit Card
6976,2023-09-06 23:00:00,2203,Monitor,1,1067.16,1057.2900000000002,9.87,PayPal
4573,2023-05-29 20:00:00,2748,Headphones,1,653.79,561.7099999999999,92.08,PayPal
6300,2023-08-09 19:00:00,2029,Laptop,2,293.22,561.7700000000001,24.67,Credit Card
2991,2023-03-24 22:00:00,2303,Monitor,1,1626.0,1567.85,58.15,Debit Card
2206,2023-02-20 05:00:00,2933,Mouse,4,428.06,1642.45,69.79,Credit Card
5972,2023-07-27 03:00:00,2122,Headphones,4,308.72,1223.7900000000002,11.09,Cash
10784,2024-02-12 15:00:00,2057,Headphones,1,1489.04,1442.03,47.01,Cash
7784,2023-10-10 15:00:00,2876,Laptop,1,408.46,326.55999999999995,81.9,PayPal
4601,2023-05-31 00:00:00,2005,Laptop,3,1249.37,3664.6299999999997,83.48,PayPal
7491,2023-09-28 10:00:00,2533,Monitor,3,818.42,2389.2599999999998,66.0,PayPal
9610,2023-12-25 17:00:00,2968,Monitor,2,1939.71,3794.25,85.17,PayPal
5930,2023-07-25 09:00:00,2450,Headphones,3,1758.46,5194.01,81.37,Cash
9071,2023-12-03 06:00:00,2598,Keyboard,2,1408.57,2743.5099999999998,73.63,PayPal
9578,2023-12-24 09:00:00,2552,Monitor,3,870.55,2573.47,38.18,Debit Card
8974,2023-11-29 05:00:00,2073,Keyboard,2,1209.73,2319.79,99.67,Credit Card
2626,2023-03-09 17:00:00,2223,Headphones,2,772.45,1525.6000000000001,19.3,Cash
1537,2023-01-23 08:00:00,2542,Laptop,3,1498.53,4427.22,68.37,Credit Card
9767,2024-01-01 06:00:00,2898,Keyboard,2,664.66,1268.45,60.87,PayPal
8971,2023-11-29 02:00:00,2585,Headphones,1,509.63,,80.98,PayPal
5213,2023-06-25 12:00:00,2804,Headphones,3,799.58,2327.3,71.44,Debit Card
7457,2023-09-27 00:00:00,2401,Headphones,2,,2386.35,95.39,Cash
4508,2023-05-27 03:00:00,2475,Keyboard,3,1156.44,3430.9100000000003,38.41,PayPal
9394,2023-12-16 17:00:00,2822,Tablet,4,848.27,3354.0099999999998,39.07,PayPal
8113,2023-10-24 08:00:00,2859,Keyboard,3,149.66,389.58000000000004,59.4,Credit Card
3709,2023-04-23 20:00:00,2161,Monitor,2,1004.48,1923.1000000000001,85.86,Debit Card
6032,2023-07-29 15:00:00,2563,Mouse,4,1540.2,6145.1,15.7,Credit Card
7515,2023-09-29 10:00:00,2656,Headphones,4,349.27,1297.1,99.98,Cash
5663,2023-07-14 06:00:00,2382,Headphones,4,1327.72,5256.4800000000005,54.4,Credit Card
5022,2023-06-17 13:00:00,2185,Monitor,2,261.26,450.41999999999996,72.1,nan
2855,2023-03-19 06:00:00,2412,Headphones,3,1768.66,5277.02,28.96,Credit Card
10899,2024-02-17 10:00:00,2507,Laptop,4,1368.24,5462.2300000000005,10.73,Debit Card
3873,2023-04-30 16:00:00,2528,Keyboard,1,168.1,119.81,48.29,Credit Card
4031,2023-05-07 06:00:00,2572,Tablet,4,362.53,1367.07,83.05,Cash
10398,2024-01-27 13:00:00,2347,Mouse,1,484.69,447.22,37.47,PayPal
2646,2023-03-10 13:00:00,2245,Headphones,2,1749.05,3476.9,21.2,Cash
4418,2023-05-23 09:00:00,2157,Laptop,3,1438.85,4245.219999999999,71.33,Debit Card
4477,2023-05-25 20:00:00,2535,Laptop,1,1883.78,1872.98,10.8,Cash
5626,2023-07-12 17:00:00,2068,Keyboard,4,1413.74,5559.6,95.36,Cash
2793,2023-03-16 16:00:00,2241,Tablet,3,389.45,1133.58,34.77,Credit Card
4798,2023-06-08 05:00:00,2081,Tablet,4,431.5,1714.92,11.08,PayPal
4369,2023-05-21 08:00:00,2511,Keyboard,2,583.37,1086.0,80.74,Debit Card
8197,2023-10-27 20:00:00,2445,Mouse,1,1682.2,1620.3,61.9,Cash
10150,2024-01-17 05:00:00,2918,Keyboard,1,677.33,651.0200000000001,26.31,PayPal
6110,2023-08-01 21:00:00,2369,Tablet,1,196.11,134.79000000000002,61.32,Debit Card
7025,2023-09-09 00:00:00,2881,Headphones,1,1122.22,1051.53,70.69,Credit Card
9796,2024-01-02 11:00:00,2409,Monitor,4,1736.94,6855.09,92.67,PayPal
10762,2024-02-11 17:00:00,2360,Headphones,2,804.05,,68.28,Debit Card
1127,2023-01-06 06:00:00,2425,Monitor,3,1600.34,4773.36,27.66,Credit Card
6960,2023-09-06 07:00:00,2405,Laptop,3,1863.5,5500.58,89.92,PayPal
4877,2023-06-11 12:00:00,2139,Monitor,2,,118.57,60.09,Debit Card
5452,2023-07-05 11:00:00,2267,Mouse,3,163.97,486.29999999999995,5.61,Debit Card
8148,2023-10-25 19:00:00,2142,Keyboard,2,1869.58,3732.47,6.69,Debit Card
4532,2023-05-28 03:00:00,2056,Tablet,4,1771.91,7085.8,1.84,Credit Card
1828,2023-02-04 11:00:00,2828,Laptop,2,913.55,1741.4699999999998,85.63,Cash
8791,2023-11-21 14:00:00,2473,Tablet,1,1702.55,1638.73,63.82,Debit Card
1985,2023-02-11 00:00:00,2136,Laptop,1,1878.89,1838.3600000000001,40.53,Credit Card
8784,2023-11-21 07:00:00,2141,Keyboard,1,1227.61,1155.03,72.58,Credit Card
3444,2023-04-12 19:00:00,2909,Monitor,1,384.85,333.26,51.59,Credit Card
9555,2023-12-23 10:00:00,2571,Keyboard,2,141.14,238.7,43.58,PayPal
1346,2023-01-15 09:00:00,2565,Tablet,4,144.62,518.8000000000001,59.68,PayPal
1815,2023-02-03 22:00:00,2927,Headphones,1,454.84,409.10999999999996,45.73,Credit Card
7167,2023-09-14 22:00:00,2961,Laptop,3,308.3,898.6000000000001,26.3,Credit Card
6780,2023-08-29 19:00:00,2041,Headphones,4,1922.69,7648.63,42.13,Credit Card
3117,2023-03-30 04:00:00,2075,Monitor,1,633.81,570.3499999999999,63.46,Credit Card
1794,2023-02-03 01:00:00,2613,Tablet,3,535.91,1603.99,3.74,Credit Card
7899,2023-10-15 10:00:00,2996,Headphones,2,863.66,1662.96,64.36,Debit Card
3675,2023-04-22 10:00:00,2222,Monitor,3,1737.8,5159.7699999999995,53.63,Credit Card
1095,2023-01-04 22:00:00,2300,Tablet,1,1551.92,1481.88,70.04,Credit Card
5226,2023-06-26 01:00:00,2457,Tablet,2,1903.22,3746.77,59.67,PayPal
4757,2023-06-06 12:00:00,2742,Tablet,2,1245.08,2411.31,78.85,Cash
3892,2023-05-01 11:00:00,2357,Monitor,2,854.01,1682.8899999999999,25.13,Credit Card
3372,2023-04-09 19:00:00,2727,Tablet,2,374.38,745.4399999999999,3.32,Credit Card
10860,2024-02-15 19:00:00,2731,Keyboard,4,,4653.09,58.67,PayPal
4229,2023-05-15 12:00:00,2147,Keyboard,2,,1380.75,16.43,PayPal
8864,2023-11-24 15:00:00,2667,Keyboard,4,184.74,718.99,19.97,PayPal
7360,2023-09-22 23:00:00,2841,Monitor,3,964.84,2838.64,55.88,Credit Card
9179,2023-12-07 18:00:00,2644,Monitor,2,548.92,1079.02,18.82,Debit Card
8327,2023-11-02 06:00:00,2932,Laptop,3,1279.13,,38.32,PayPal
7029,2023-09-09 04:00:00,2213,Laptop,4,456.51,1763.61,62.43,PayPal
2866,2023-03-19 17:00:00,2336,Headphones,3,931.61,2703.43,91.4,Credit Card
5613,2023-07-12 04:00:00,2925,Mouse,1,689.41,685.61,3.8,Credit Card
3646,2023-04-21 05:00:00,2810,Headphones,2,171.57,282.87,60.27,PayPal
3244,2023-04-04 11:00:00,2991,Tablet,4,536.57,2090.1200000000003,56.16,Cash
6374,2023-08-12 21:00:00,2732,Headphones,4,394.58,1555.1399999999999,23.18,PayPal
3337,2023-04-08 08:00:00,2798,Laptop,4,1706.58,6811.5599999999995,14.76,PayPal
1951,2023-02-09 14:00:00,2517,Monitor,2,172.3,311.88,32.72,Credit Card
2121,2023-02-16 16:00:00,2168,Laptop,4,,4078.12,20.24,Credit Card
3205,2023-04-02 20:00:00,2806,Keyboard,2,1695.66,3340.09,51.23,PayPal
1420,2023-01-18 11:00:00,2005,Laptop,1,1950.7,1909.7,41.0,Cash
1923,2023-02-08 10:00:00,2195,Tablet,2,,3660.13,54.87,Debit Card
10447,2024-01-29 14:00:00,2659,Monitor,1,596.42,577.36,19.06,Cash
9670,2023-12-28 05:00:00,2366,Laptop,1,941.26,919.81,21.45,Cash
6409,2023-08-14 08:00:00,2829,Keyboard,4,315.98,1242.3100000000002,21.61,Debit Card
6789,2023-08-30 04:00:00,2719,Mouse,1,454.74,364.17,90.57,Credit Card
6743,2023-08-28 06:00:00,2973,Monitor,1,1480.02,1475.25,4.77,Credit Card
8668,2023-11-16 11:00:00,2886,Mouse,2,671.3,1299.57,43.03,Credit Card
6568,2023-08-20 23:00:00,2171,Laptop,2,953.33,1902.92,3.74,Credit Card
9136,2023-12-05 23:00:00,2756,Headphones,2,35.9,-25.510000000000005,97.31,Debit Card
2203,2023-02-20 02:00:00,2978,Laptop,4,1102.66,4385.2300000000005,25.41,Debit Card
6766,2023-08-29 05:00:00,2386,Laptop,2,670.88,1325.01,16.75,Cash
9390,2023-12-16 13:00:00,2545,Mouse,4,232.01,833.02,95.02,Debit Card
2971,2023-03-24 02:00:00,2440,Mouse,3,1541.37,4585.5199999999995,38.59,Cash
5019,2023-06-17 10:00:00,2351,Monitor,3,1618.04,4754.29,99.83,Credit Card
4688,2023-06-03 15:00:00,2629,Keyboard,1,1954.57,1922.78,31.79,Cash
2998,2023-03-25 05:00:00,2137,Keyboard,3,1297.32,3841.1,50.86,Cash
5034,2023-06-18 01:00:00,2688,Tablet,4,516.07,2010.7600000000002,53.52,Credit Card
2249,2023-02-22 00:00:00,2614,Monitor,2,484.85,883.0300000000001,86.67,PayPal
3193,2023-04-02 08:00:00,2379,Keyboard,4,239.12,922.15,34.33,Debit Card
3713,2023-04-24 00:00:00,2964,Monitor,4,304.39,1150.5,67.06,Credit Card
10185,2024-01-18 16:00:00,2521,Keyboard,1,1644.82,1590.1599999999999,54.66,Debit Card
3191,2023-04-02 06:00:00,2544,Headphones,2,1164.39,2249.6600000000003,79.12,Debit Card
5671,2023-07-14 14:00:00,2615,Headphones,4,1761.2,7023.12,21.68,Debit Card
6143,2023-08-03 06:00:00,2821,Monitor,2,1793.4,3506.4900000000002,80.31,Cash
6985,2023-09-07 08:00:00,2450,Keyboard,4,1241.55,4931.46,34.74,Debit Card
7566,2023-10-01 13:00:00,2191,Keyboard,2,968.83,1893.22,44.44,Credit Card
8805,2023-11-22 04:00:00,2366,Tablet,2,690.8,1286.75,94.85,PayPal
7944,2023-10-17 07:00:00,2374,Monitor,1,1267.19,1257.39,9.8,Cash
10511,2024-02-01 06:00:00,2853,Mouse,3,1624.21,4842.04,30.59,PayPal
3137,2023-03-31 00:00:00,2228,Headphones,4,203.47,767.05,46.83,Debit Card
2066,2023-02-14 09:00:00,2088,Tablet,4,1779.83,7042.03,77.29,Cash
1601,2023-01-26 00:00:00,2139,Laptop,2,1357.09,2631.75,82.43,Cash
5228,2023-06-26 03:00:00,2980,Tablet,2,460.97,827.57,94.37,Debit Card
8578,2023-11-12 17:00:00,2382,Laptop,4,403.48,1531.53,82.39,PayPal
1078,2023-01-04 05:00:00,2491,Mouse,2,1436.81,2785.7999999999997,87.82,Credit Card
8547,2023-11-11 10:00:00,2368,Keyboard,1,1116.98,1097.98,19.0,Debit Card
3899,2023-05-01 18:00:00,2857,Monitor,1,1295.96,1204.1200000000001,91.84,Cash
5821,2023-07-20 20:00:00,2091,Headphones,3,40.79,93.85000000000001,28.52,Credit Card
10507,2024-02-01 02:00:00,2801,Headphones,2,1660.6,3296.79,24.41,Debit Card
10772,2024-02-12 03:00:00,2701,Tablet,2,299.25,516.95,81.55,PayPal
7414,2023-09-25 05:00:00,2212,Mouse,3,27.69,23.980000000000004,59.09,Debit Card
10445,2024-01-29 12:00:00,2452,Keyboard,4,1437.26,5749.01,0.03,Cash
10065,2024-01-13 16:00:00,2892,Keyboard,2,1084.33,2159.7999999999997,8.86,PayPal
9008,2023-11-30 15:00:00,2458,Monitor,4,1582.39,6253.660000000001,75.9,PayPal
6469,2023-08-16 20:00:00,2083,Monitor,2,772.88,1509.0,36.76,Cash
6952,2023-09-05 23:00:00,2805,Laptop,4,1800.87,7108.299999999999,95.18,Cash
4392,2023-05-22 07:00:00,2727,Tablet,4,1774.77,7093.36,5.72,Debit Card
6416,2023-08-14 15:00:00,2211,Headphones,1,905.02,839.11,65.91,Cash
3561,2023-04-17 16:00:00,2953,Monitor,3,1419.6,4193.549999999999,65.25,Cash
9163,2023-12-07 02:00:00,2271,Mouse,2,1410.58,2814.8799999999997,6.28,PayPal
3636,2023-04-20 19:00:00,2396,Keyboard,4,1486.81,5872.13,75.11,PayPal
6257,2023-08-08 00:00:00,2384,Monitor,3,1666.39,4998.96,0.21,Cash
4531,2023-05-28 02:00:00,2212,Keyboard,3,1496.31,4433.87,55.06,Credit Card
9568,2023-12-23 23:00:00,2839,Laptop,4,906.19,3594.9300000000003,29.83,Cash
2909,2023-03-21 12:00:00,2510,Headphones,1,939.51,903.36,36.15,Credit Card
1236,2023-01-10 19:00:00,2802,Keyboard,2,1889.45,3760.9100000000003,17.99,Cash
2605,2023-03-08 20:00:00,2108,Laptop,1,844.69,766.8100000000001,77.88,PayPal
8985,2023-11-29 16:00:00,2592,Mouse,3,,5487.740000000001,8.71,Cash
10311,2024-01-23 22:00:00,2640,Headphones,3,1667.23,4975.7300000000005,25.96,Debit Card
4491,2023-05-26 10:00:00,2491,Monitor,2,948.48,1818.22,78.74,Debit Card
2995,2023-03-25 02:00:00,2475,Laptop,1,1182.63,1121.7800000000002,60.85,Credit Card
3825,2023-04-28 16:00:00,2111,Monitor,2,1928.41,3831.4,25.42,Credit Card
10753,2024-02-11 08:00:00,2770,Mouse,1,279.8,194.3,85.5,PayPal
2343,2023-02-25 22:00:00,2090,Mouse,3,229.76,665.91,23.37,Debit Card
9513,2023-12-21 16:00:00,2530,Monitor,1,162.5,112.75999999999999,49.74,Cash
2620,2023-03-09 11:00:00,2738,Monitor,4,917.72,3643.03,27.85,Cash
6288,2023-08-09 07:00:00,2810,Laptop,1,1014.96,960.88,54.08,Credit Card
3061,2023-03-27 20:00:00,2825,Monitor,4,1535.45,6058.74,83.06,Debit Card
3923,2023-05-02 18:00:00,2792,Monitor,3,30.37,73.7,17.41,Credit Card
3220,2023-04-03 11:00:00,2010,Tablet,1,255.27,201.08,54.19,Cash
7039,2023-09-09 14:00:00,2265,Tablet,2,228.53,360.21000000000004,96.85,Credit Card
1261,2023-01-11 20:00:00,2222,Keyboard,2,1334.07,2593.14,75.0,Debit Card
10837,2024-02-14 20:00:00,2701,Laptop,2,1977.31,3879.46,75.16,Credit Card
10094,2024-01-14 21:00:00,2537,Headphones,1,744.23,,62.84,nan
4745,2023-06-06 00:00:00,2434,Keyboard,3,137.09,355.84,55.43,Credit Card
3027,2023-03-26 10:00:00,2563,Mouse,1,140.01,81.22999999999999,58.78,Cash
7989,2023-10-19 04:00:00,2974,Tablet,1,1143.68,1126.3300000000002,17.35,Credit Card
5235,2023-06-26 10:00:00,2784,Headphones,2,1418.82,2748.3399999999997,89.3,Credit Card
2918,2023-03-21 21:00:00,2219,Laptop,2,1419.4,2816.9900000000002,21.81,nan
2829,2023-03-18 04:00:00,2423,Tablet,1,476.37,465.22,11.15,Cash
7234,2023-09-17 17:00:00,2085,Keyboard,4,1510.41,6026.93,14.71,Debit Card
10804,2024-02-13 11:00:00,2302,Tablet,2,1689.68,3294.3700000000003,84.99,PayPal
7284,2023-09-19 19:00:00,2995,Monitor,2,1031.93,2031.8600000000001,32.0,PayPal
5209,2023-06-25 08:00:00,2163,Monitor,1,1878.1,1843.6699999999998,34.43,Credit Card
1225,2023-01-10 08:00:00,2423,Monitor,4,1434.22,5640.8,96.08,Cash
9916,2024-01-07 11:00:00,2421,Monitor,2,899.97,1760.6000000000001,39.34,Cash
10334,2024-01-24 21:00:00,2533,Laptop,1,1821.11,1816.06,5.05,PayPal
7470,2023-09-27 13:00:00,2021,Keyboard,4,1559.56,6220.21,18.03,Cash
10887,2024-02-16 22:00:00,2787,Keyboard,2,604.83,1164.6000000000001,45.06,Credit Card
1847,2023-02-05 06:00:00,2105,Tablet,1,906.89,897.84,9.05,PayPal
5290,2023-06-28 17:00:00,2477,Monitor,4,1105.23,4376.01,44.91,PayPal
6561,2023-08-20 16:00:00,2615,Mouse,2,981.37,1913.33,49.41,Credit Card
3552,2023-04-17 07:00:00,2410,Laptop,1,1179.36,1153.07,26.29,Credit Card
1118,2023-01-05 21:00:00,2882,Headphones,3,316.43,854.99,94.3,Debit Card
9838,2024-01-04 05:00:00,2636,Headphones,4,79.75,273.28,45.72,Credit Card
6967,2023-09-06 14:00:00,2039,Mouse,2,578.03,1078.78,77.28,PayPal
9196,2023-12-08 11:00:00,2310,Mouse,4,1760.33,7002.49,38.83,Cash
9660,2023-12-27 19:00:00,2678,Laptop,1,1098.55,1050.1599999999999,48.39,Debit Card
8490,2023-11-09 01:00:00,2902,Keyboard,4,1748.5,6916.41,77.59,Cash
1006,2023-01-01 05:00:00,2502,Laptop,1,835.33,831.2,4.13,Cash
6343,2023-08-11 14:00:00,2390,Laptop,1,949.57,923.32,26.25,PayPal
10112,2024-01-15 15:00:00,2318,Mouse,4,1213.97,4850.03,5.85,Debit Card
5325,2023-06-30 04:00:00,2435,Tablet,1,922.74,908.51,14.23,Credit Card
2064,2023-02-14 07:00:00,2392,Headphones,4,1338.84,5272.42,82.94,Debit Card
3591,2023-04-18 22:00:00,2491,Laptop,2,1845.56,3594.18,96.94,Credit Card
9435,2023-12-18 10:00:00,2212,Keyboard,3,1661.26,4899.099999999999,84.68,Debit Card
10353,2024-01-25 16:00:00,2293,Laptop,1,908.7,877.71,30.99,Credit Card
4736,2023-06-05 15:00:00,2750,Headphones,3,26.82,13.370000000000005,67.09,Credit Card
4518,2023-05-27 13:00:00,2680,Tablet,1,1327.27,1228.48,98.79,Cash
7987,2023-10-19 02:00:00,2395,Tablet,4,1094.18,4327.7,49.02,Debit Card
7768,2023-10-09 23:00:00,2874,Monitor,1,1645.77,1560.93,84.84,PayPal
6623,2023-08-23 06:00:00,2947,Tablet,4,1564.43,,54.9,PayPal
2606,2023-03-08 21:00:00,2193,Headphones,4,1582.62,6282.75,47.73,Debit Card
2734,2023-03-14 05:00:00,2408,Monitor,3,731.58,2097.17,97.57,PayPal
10813,2024-02-13 20:00:00,2097,Keyboard,2,1872.74,3707.88,37.6,PayPal
10505,2024-02-01 00:00:00,2963,Laptop,2,461.69,896.4,26.98,PayPal
4813,2023-06-08 20:00:00,2569,Tablet,1,1460.37,1453.9899999999998,6.38,Debit Card
6528,2023-08-19 07:00:00,2290,Tablet,2,744.49,1474.73,14.25,Debit Card
2762,2023-03-15 09:00:00,2759,Laptop,1,531.98,524.7,7.28,Debit Card
6402,2023-08-14 01:00:00,2475,Mouse,2,1590.92,3127.4500000000003,54.39,Credit Card
3740,2023-04-25 03:00:00,2276,Keyboard,3,389.69,1070.59,98.48,Debit Card
3473,2023-04-14 00:00:00,2413,Keyboard,3,1336.86,3978.5099999999998,32.07,Cash
7739,2023-10-08 18:00:00,2184,Monitor,2,1510.9,2940.1800000000003,81.62,Credit Card
7892,2023-10-15 03:00:00,2146,Monitor,1,1154.31,1119.86,34.45,Debit Card
8944,2023-11-27 23:00:00,2648,Keyboard,2,610.89,1123.77,98.01,Credit Card
5207,2023-06-25 06:00:00,2238,Mouse,1,287.61,212.90000000000003,74.71,Credit Card
7372,2023-09-23 11:00:00,2022,Monitor,2,1477.05,2862.41,91.69,nan
10362,2024-01-26 01:00:00,2689,Monitor,2,22.37,-25.949999999999996,70.69,Debit Card
1233,2023-01-10 16:00:00,2685,Tablet,4,663.53,2558.48,95.64,Debit Card
9259,2023-12-11 02:00:00,2522,Headphones,1,1716.93,1709.88,7.05,Debit Card
8562,2023-11-12 01:00:00,2728,Laptop,3,529.6,1563.2400000000002,25.56,PayPal
7169,2023-09-15 00:00:00,2638,Laptop,4,1603.07,6317.96,94.32,Cash
4597,2023-05-30 20:00:00,2925,Mouse,1,1536.39,1507.24,29.15,Credit Card
7289,2023-09-20 00:00:00,2580,Tablet,1,1675.59,1656.1699999999998,19.42,Cash
5633,2023-07-13 00:00:00,2261,Headphones,2,824.23,1604.3700000000001,44.09,Credit Card
1126,2023-01-06 05:00:00,2762,Keyboard,2,1909.47,3799.01,19.93,PayPal
8642,2023-11-15 09:00:00,2305,Headphones,4,1705.48,6726.25,95.67,Debit Card
7230,2023-09-17 13:00:00,2489,Laptop,1,1738.07,1663.26,74.81,PayPal
2297,2023-02-24 00:00:00,2048,Monitor,2,1536.68,2992.94,80.42,Credit Card
2977,2023-03-24 08:00:00,2915,Mouse,4,776.01,3062.16,41.88,Debit Card
10958,2024-02-19 21:00:00,2026,Monitor,2,1733.93,3371.17,96.69,Credit Card
10911,2024-02-17 22:00:00,2162,Laptop,1,301.03,265.12,35.91,Credit Card
6751,2023-08-28 14:00:00,2211,Mouse,2,1862.24,3634.05,90.43,Cash
9153,2023-12-06 16:00:00,2725,Monitor,1,1127.58,1123.9099999999999,3.67,Debit Card
4087,2023-05-09 14:00:00,2645,Laptop,4,1847.75,7319.05,71.95,Cash
10744,2024-02-10 23:00:00,2924,Tablet,4,930.68,3634.4399999999996,88.28,Cash
7883,2023-10-14 18:00:00,2569,Mouse,4,84.61,,0.01,Cash
10776,2024-02-12 07:00:00,2395,Laptop,1,1392.43,1390.74,1.69,Debit Card
8674,2023-11-16 17:00:00,2376,Keyboard,1,651.18,580.9799999999999,70.2,Credit Card
4346,2023-05-20 09:00:00,2831,Keyboard,4,993.74,3923.46,51.5,Credit Card
9173,2023-12-07 12:00:00,2549,Headphones,3,72.07,134.98999999999998,81.22,Credit Card
10895,2024-02-17 06:00:00,2897,Monitor,2,,2009.4399999999998,42.18,Credit Card
6871,2023-09-02 14:00:00,2481,Headphones,1,595.95,551.22,44.73,Credit Card
7507,2023-09-29 02:00:00,2385,Keyboard,4,159.15,635.95,0.65,Debit Card
3798,2023-04-27 13:00:00,2068,Monitor,2,1149.45,2249.7200000000003,49.18,PayPal
1919,2023-02-08 06:00:00,2479,Laptop,1,1717.69,1631.48,86.21,Cash
2647,2023-03-10 14:00:00,2389,Keyboard,2,102.28,162.95,41.61,PayPal
6123,2023-08-02 10:00:00,2308,Headphones,2,778.58,1508.6100000000001,48.55,PayPal
6127,2023-08-02 14:00:00,2360,Monitor,3,336.97,1009.1000000000001,1.81,PayPal
5622,2023-07-12 13:00:00,2517,Tablet,4,364.38,1448.26,9.26,PayPal
7810,2023-10-11 17:00:00,2440,Mouse,1,,1756.18,25.35,Credit Card
1365,2023-01-16 04:00:00,2097,Tablet,2,399.83,793.3399999999999,6.32,PayPal
3126,2023-03-30 13:00:00,2684,Monitor,2,1748.94,3489.62,8.26,Credit Card
9151,2023-12-06 14:00:00,2566,Monitor,1,154.12,70.63000000000001,83.49,Cash
9718,2023-12-30 05:00:00,2772,Mouse,4,556.59,2167.1600000000003,59.2,Credit Card
1056,2023-01-03 07:00:00,2336,Headphones,2,417.32,,33.63,Debit Card
1639,2023-01-27 14:00:00,2131,Headphones,4,423.52,1631.48,62.6,Cash
1303,2023-01-13 14:00:00,2516,Tablet,3,,3585.06,78.87,Credit Card
6812,2023-08-31 03:00:00,2908,Monitor,4,906.52,3569.47,56.61,Credit Card
2277,2023-02-23 04:00:00,2653,Keyboard,2,401.08,744.23,57.93,Credit Card
5433,2023-07-04 16:00:00,2545,Laptop,4,443.4,1690.06,83.54,Cash
4645,2023-06-01 20:00:00,2118,Laptop,2,811.81,1542.9699999999998,80.65,Credit Card
5144,2023-06-22 15:00:00,2503,Tablet,3,1268.69,3723.96,82.11,Credit Card
3879,2023-04-30 22:00:00,2539,Keyboard,3,907.98,2650.66,73.28,Debit Card
7494,2023-09-28 13:00:00,2704,Mouse,2,1686.17,3312.06,60.28,Credit Card
6241,2023-08-07 08:00:00,2433,Laptop,1,493.48,436.83000000000004,56.65,PayPal
10881,2024-02-16 16:00:00,2299,Headphones,1,1475.24,1472.43,2.81,Debit Card
7938,2023-10-17 01:00:00,2869,Mouse,2,1958.37,3880.06,36.68,PayPal
8241,2023-10-29 16:00:00,2286,Laptop,3,723.02,2113.54,55.52,PayPal
3594,2023-04-19 01:00:00,2354,Mouse,1,332.58,241.94,90.64,Debit Card
3394,2023-04-10 17:00:00,2951,Headphones,2,,1832.8400000000001,58.84,Debit Card
1524,2023-01-22 19:00:00,2064,Mouse,4,1198.44,4741.52,52.24,Cash
7377,2023-09-23 16:00:00,2467,Mouse,4,,7901.78,83.42,Debit Card
7982,2023-10-18 21:00:00,2940,Keyboard,4,,6339.339999999999,77.06,Cash
7678,2023-10-06 05:00:00,2279,Keyboard,4,807.13,3159.52,69.0,Credit Card
4901,2023-06-12 12:00:00,2395,Laptop,2,1196.14,2347.15,45.13,Debit Card
8217,2023-10-28 16:00:00,2685,Laptop,2,1976.52,3895.5,57.54,PayPal
6586,2023-08-21 17:00:00,2081,Mouse,3,,760.45,89.99,Cash
10832,2024-02-14 15:00:00,2932,Laptop,4,158.96,538.77,97.07,Cash
8957,2023-11-28 12:00:00,2645,Laptop,3,1924.52,5716.11,57.45,Debit Card
8571,2023-11-12 10:00:00,2783,Mouse,2,720.08,1380.9,59.26,PayPal
7778,2023-10-10 09:00:00,2671,Mouse,1,95.38,64.21,31.17,Credit Card
1672,2023-01-28 23:00:00,2059,Keyboard,4,1843.61,7331.169999999999,43.27,Cash
5189,2023-06-24 12:00:00,2095,Monitor,1,1147.88,1135.16,12.72,Debit Card
1667,2023-01-28 18:00:00,2358,Laptop,3,1134.6,3402.85,0.95,Credit Card
4267,2023-05-17 02:00:00,2071,Laptop,3,118.4,294.84000000000003,60.36,Debit Card
2888,2023-03-20 15:00:00,2291,Laptop,4,1346.38,5316.040000000001,69.48,Debit Card
9473,2023-12-20 00:00:00,2353,Keyboard,2,1454.08,2886.72,21.44,Debit Card
10092,2024-01-14 19:00:00,2331,Laptop,4,423.13,1633.6299999999999,58.89,Debit Card
8688,2023-11-17 07:00:00,2441,Keyboard,3,1809.53,5335.16,93.43,Debit Card
7032,2023-09-09 07:00:00,2040,Headphones,3,1534.01,4531.179999999999,70.85,Credit Card
7091,2023-09-11 18:00:00,2077,Headphones,1,1904.46,1842.39,62.07,PayPal
7239,2023-09-17 22:00:00,2507,Tablet,1,,569.3100000000001,32.05,nan
8351,2023-11-03 06:00:00,2253,Monitor,2,156.66,284.12,29.2,PayPal
8831,2023-11-23 06:00:00,2067,Monitor,2,1304.73,2522.42,87.04,Debit Card
1761,2023-02-01 16:00:00,2795,Keyboard,2,436.11,835.47,36.75,Credit Card
7255,2023-09-18 14:00:00,2422,Tablet,3,664.22,1904.8400000000001,87.82,PayPal
2907,2023-03-21 10:00:00,2898,Headphones,2,1143.24,2259.53,26.95,Debit Card
4819,2023-06-09 02:00:00,2385,Monitor,2,1864.56,3725.2799999999997,3.84,Credit Card
7270,2023-09-19 05:00:00,2221,Headphones,4,821.86,3275.66,11.78,Debit Card
5301,2023-06-29 04:00:00,2330,Mouse,2,558.69,1027.95,89.43,Cash
6570,2023-08-21 01:00:00,2334,Monitor,2,249.89,,58.38,Credit Card
8942,2023-11-27 21:00:00,2739,Monitor,4,239.11,901.35,55.09,Debit Card
5165,2023-06-23 12:00:00,2201,Keyboard,1,654.78,626.8399999999999,27.94,PayPal
6972,2023-09-06 19:00:00,2246,Laptop,1,1136.68,1112.8100000000002,23.87,Debit Card
4580,2023-05-30 03:00:00,2341,Monitor,3,624.76,1819.47,54.81,PayPal
3833,2023-04-29 00:00:00,2108,Tablet,4,1165.26,4599.95,61.09,PayPal
6450,2023-08-16 01:00:00,2902,Laptop,2,947.62,1816.68,78.56,PayPal
4473,2023-05-25 16:00:00,2937,Headphones,1,542.16,515.74,26.42,PayPal
7328,2023-09-21 15:00:00,2374,Keyboard,3,803.43,2407.69,2.6,Credit Card
1138,2023-01-06 17:00:00,2269,Keyboard,1,312.26,220.38,91.88,Cash
8044,2023-10-21 11:00:00,2688,Keyboard,3,1521.91,,91.94,Credit Card
5893,2023-07-23 20:00:00,2360,Headphones,1,1383.14,1373.8500000000001,9.29,Cash
3181,2023-04-01 20:00:00,2328,Laptop,1,477.9,434.16999999999996,43.73,PayPal
8731,2023-11-19 02:00:00,2149,Monitor,2,57.84,86.13000000000001,29.55,nan
4178,2023-05-13 09:00:00,2934,Monitor,2,1370.24,2646.51,93.97,Credit Card
5855,2023-07-22 06:00:00,2424,Mouse,1,1711.52,1690.26,21.26,Credit Card
5638,2023-07-13 05:00:00,2056,Laptop,2,1465.53,2855.63,75.43,PayPal
6116,2023-08-02 03:00:00,2200,Headphones,2,804.91,1576.6299999999999,33.19,Cash
10771,2024-02-12 02:00:00,2432,Mouse,4,1292.47,5074.58,95.3,PayPal
8649,2023-11-15 16:00:00,2723,Tablet,4,977.41,3840.27,69.37,Credit Card
5262,2023-06-27 13:00:00,2912,Tablet,1,1810.4,1788.98,21.42,Cash
2332,2023-02-25 11:00:00,2671,Monitor,2,1243.85,2441.35,46.35,Debit Card
8003,2023-10-19 18:00:00,2680,Monitor,1,653.51,559.56,93.95,Cash
10551,2024-02-02 22:00:00,2743,Tablet,2,140.96,257.52000000000004,24.4,Cash
7942,2023-10-17 05:00:00,2487,Laptop,4,1762.79,6968.38,82.78,PayPal
9018,2023-12-01 01:00:00,2299,Tablet,1,285.07,213.51999999999998,71.55,Debit Card
7242,2023-09-18 01:00:00,2260,Headphones,4,1984.47,7850.400000000001,87.48,Cash
10522,2024-02-01 17:00:00,2265,Monitor,4,88.89,285.07,70.49,Cash
1625,2023-01-27 00:00:00,2547,Laptop,3,892.52,2666.79,10.77,PayPal
7882,2023-10-14 17:00:00,2568,Keyboard,2,,1829.08,35.88,Debit Card
5531,2023-07-08 18:00:00,2194,Tablet,3,1054.78,3147.84,16.5,PayPal
5674,2023-07-14 17:00:00,2356,Laptop,2,1754.85,3476.54,33.16,Debit Card
7997,2023-10-19 12:00:00,2115,Laptop,3,1266.93,3727.5299999999997,73.26,Credit Card
2253,2023-02-22 04:00:00,2391,Mouse,4,891.38,3562.5,3.02,Cash
4375,2023-05-21 14:00:00,2387,Headphones,3,1245.95,3681.9000000000005,55.95,PayPal
3815,2023-04-28 06:00:00,2639,Keyboard,2,421.09,747.66,94.52,PayPal
5720,2023-07-16 15:00:00,2626,Laptop,4,99.73,315.53000000000003,83.39,Debit Card
7545,2023-09-30 16:00:00,2388,Monitor,3,570.96,1684.9,27.98,Credit Card
5859,2023-07-22 10:00:00,2679,Tablet,2,751.14,1450.77,51.51,Credit Card
8902,2023-11-26 05:00:00,2315,Monitor,3,1984.92,5900.110000000001,54.65,nan
9581,2023-12-24 12:00:00,2974,Mouse,1,1871.65,1867.25,4.4,Debit Card
9428,2023-12-18 03:00:00,2187,Monitor,2,97.53,101.62,93.44,Cash
2078,2023-02-14 21:00:00,2999,Monitor,1,751.39,701.34,50.05,Debit Card
5364,2023-07-01 19:00:00,2398,Headphones,1,654.77,570.49,84.28,PayPal
1771,2023-02-02 02:00:00,2852,Mouse,3,1647.87,4902.24,41.37,PayPal
9866,2024-01-05 09:00:00,2779,Tablet,2,1395.88,2749.32,42.44,Debit Card
1250,2023-01-11 09:00:00,2639,Keyboard,4,625.37,2412.27,89.21,PayPal
10767,2024-02-11 22:00:00,2537,Monitor,4,1055.77,4152.07,71.01,PayPal
8240,2023-10-29 15:00:00,2053,Monitor,2,1662.76,3254.89,70.63,Cash
4420,2023-05-23 11:00:00,2112,Tablet,3,1783.93,5315.12,36.67,Credit Card
5977,2023-07-27 08:00:00,2794,Monitor,3,1477.46,4369.92,62.46,Credit Card
5545,2023-07-09 08:00:00,2459,Keyboard,1,1592.87,1553.6399999999999,39.23,Credit Card
6566,2023-08-20 21:00:00,2545,Tablet,3,1478.91,4377.360000000001,59.37,Debit Card
8940,2023-11-27 19:00:00,2359,Headphones,3,,4805.32,4.52,PayPal
1717,2023-01-30 20:00:00,2052,Keyboard,4,645.0,2576.91,3.09,Credit Card
9792,2024-01-02 07:00:00,2314,Laptop,2,1140.52,2193.73,87.31,Credit Card
3049,2023-03-27 08:00:00,2431,Mouse,4,153.05,516.62,95.58,Credit Card
6998,2023-09-07 21:00:00,2503,Mouse,4,1021.28,4078.1099999999997,7.01,PayPal
7601,2023-10-03 00:00:00,2133,Tablet,4,1836.13,7341.200000000001,3.32,Debit Card
8246,2023-10-29 21:00:00,2806,Tablet,1,1288.56,1281.82,6.74,Credit Card
5179,2023-06-24 02:00:00,2908,Mouse,4,1855.13,7412.570000000001,7.95,Credit Card
5810,2023-07-20 09:00:00,2216,Keyboard,4,777.37,3087.72,21.76,PayPal
10960,2024-02-19 23:00:00,2141,Tablet,4,1813.73,7165.59,89.33,Credit Card
8141,2023-10-25 12:00:00,2756,Monitor,4,84.52,263.01,75.07,Debit Card
8191,2023-10-27 14:00:00,2744,Laptop,4,211.9,845.73,1.87,Debit Card
2461,2023-03-02 20:00:00,2991,Monitor,2,1764.58,3446.31,82.85,Debit Card
6990,2023-09-07 13:00:00,2092,Mouse,1,,1253.08,18.7,PayPal
3001,2023-03-25 08:00:00,2703,Laptop,1,1118.62,1022.3799999999999,96.24,Cash
9176,2023-12-07 15:00:00,2635,Laptop,2,234.49,438.46000000000004,30.52,Credit Card
1405,2023-01-17 20:00:00,2574,Keyboard,3,819.9,2385.7,74.0,PayPal
1385,2023-01-17 00:00:00,2861,Monitor,4,1267.45,5055.14,14.66,Debit Card
10924,2024-02-18 11:00:00,2204,Headphones,3,535.36,1579.01,27.07,Debit Card
10965,2024-02-20 04:00:00,2856,Keyboard,1,694.88,609.02,85.86,PayPal
2634,2023-03-10 01:00:00,2149,Monitor,4,1180.0,4704.47,15.53,PayPal
4338,2023-05-20 01:00:00,2720,Mouse,1,1422.4,1374.94,47.46,Debit Card
5785,2023-07-19 08:00:00,2745,Tablet,3,911.21,2703.86,29.77,Credit Card
10934,2024-02-18 21:00:00,2483,Keyboard,3,172.15,493.04,23.41,Credit Card
7971,2023-10-18 10:00:00,2175,Headphones,1,,1739.8899999999999,53.17,Debit Card
4926,2023-06-13 13:00:00,2828,Keyboard,3,307.2,836.9799999999999,84.62,Cash
5159,2023-06-23 06:00:00,2783,Headphones,3,668.27,1919.96,84.85,Credit Card
8450,2023-11-07 09:00:00,2751,Tablet,2,1792.84,3494.06,91.62,Cash
9416,2023-12-17 15:00:00,2712,Headphones,3,451.72,1317.75,37.41,Cash
3194,2023-04-02 09:00:00,2634,Mouse,4,541.93,2074.79,92.93,Cash
2016,2023-02-12 07:00:00,2832,Monitor,3,328.38,,21.22,Cash
6125,2023-08-02 12:00:00,2331,Monitor,1,404.49,390.06,14.43,Credit Card
8419,2023-11-06 02:00:00,2135,Headphones,3,,3271.9200000000005,24.18,Cash
8410,2023-11-05 17:00:00,2840,Monitor,3,1388.15,4075.7200000000007,88.73,Cash
9990,2024-01-10 13:00:00,2725,Headphones,4,556.37,2168.96,56.52,Cash
3872,2023-04-30 15:00:00,2683,Keyboard,2,853.02,1617.01,89.03,Credit Card
1010,2023-01-01 09:00:00,2568,Tablet,1,1145.14,1125.8100000000002,19.33,Debit Card
2839,2023-03-18 14:00:00,2457,Monitor,1,966.45,935.26,31.19,Debit Card
5805,2023-07-20 04:00:00,2558,Mouse,3,1542.95,4613.820000000001,15.03,PayPal
1256,2023-01-11 15:00:00,2776,Laptop,1,1772.31,1728.03,44.28,PayPal
8027,2023-10-20 18:00:00,2448,Monitor,3,1697.89,5055.87,37.8,Cash
6714,2023-08-27 01:00:00,2924,Headphones,4,441.81,,12.96,Credit Card
4325,2023-05-19 12:00:00,2583,Tablet,3,794.81,2371.16,13.27,Cash
8715,2023-11-18 10:00:00,2523,Keyboard,4,972.7,3869.6000000000004,21.2,Debit Card
2582,2023-03-07 21:00:00,2988,Mouse,2,698.22,1396.23,0.21,Debit Card
1925,2023-02-08 12:00:00,2020,Monitor,4,430.54,1690.38,31.78,Credit Card
3780,2023-04-26 19:00:00,2128,Tablet,2,1521.37,2943.7599999999998,98.98,Cash
8892,2023-11-25 19:00:00,2036,Keyboard,3,941.84,2823.67,1.85,Debit Card
7133,2023-09-13 12:00:00,2332,Tablet,2,104.33,127.84,80.82,Debit Card
6321,2023-08-10 16:00:00,2088,Mouse,4,541.68,2110.37,56.35,PayPal
8313,2023-11-01 16:00:00,2870,Keyboard,4,1733.33,6861.33,71.99,Credit Card
8103,2023-10-23 22:00:00,2501,Keyboard,3,1724.75,5131.16,43.09,PayPal
7043,2023-09-09 18:00:00,2404,Monitor,2,746.14,1447.83,44.45,PayPal
4776,2023-06-07 07:00:00,2601,Keyboard,2,1526.39,3002.8300000000004,49.95,PayPal
5836,2023-07-21 11:00:00,2557,Monitor,2,1942.13,3802.4700000000003,81.79,Cash
5965,2023-07-26 20:00:00,2749,Keyboard,1,1469.02,1371.53,97.49,Credit Card
1540,2023-01-23 11:00:00,2966,Headphones,4,1067.82,4235.75,35.53,Credit Card
8484,2023-11-08 19:00:00,2917,Laptop,3,1433.24,4262.070000000001,37.65,PayPal
3746,2023-04-25 09:00:00,2076,Keyboard,3,1309.77,3859.85,69.46,PayPal
4720,2023-06-04 23:00:00,2786,Headphones,1,1815.79,1769.71,46.08,Cash
7820,2023-10-12 03:00:00,2076,Laptop,3,,5547.280000000001,63.65,Cash
10338,2024-01-25 01:00:00,2553,Tablet,4,211.19,812.21,32.55,Debit Card
5469,2023-07-06 04:00:00,2435,Laptop,3,1191.04,3512.93,60.19,Cash
1668,2023-01-28 19:00:00,2495,Laptop,4,336.42,1260.69,84.99,Debit Card
8576,2023-11-12 15:00:00,2342,Monitor,4,1362.49,,95.17,PayPal
9550,2023-12-23 05:00:00,2452,Tablet,3,847.38,2480.81,61.33,PayPal
6064,2023-07-30 23:00:00,2726,Laptop,2,,820.5799999999999,55.46,PayPal
2354,2023-02-26 09:00:00,2357,Laptop,4,1529.76,6066.11,52.93,Credit Card
8115,2023-10-24 10:00:00,2615,Keyboard,4,563.24,2200.56,52.4,PayPal
3361,2023-04-09 08:00:00,2414,Headphones,1,914.36,906.26,8.1,Credit Card
9663,2023-12-27 22:00:00,2675,Laptop,3,1560.15,4591.39,89.06,Credit Card
3704,2023-04-23 15:00:00,2068,Mouse,4,1304.39,5124.700000000001,92.86,Debit Card
4331,2023-05-19 18:00:00,2579,Laptop,1,,1362.65,52.52,Debit Card
9054,2023-12-02 13:00:00,2787,Tablet,2,825.79,1567.32,84.26,Credit Card
10589,2024-02-04 12:00:00,2765,Mouse,1,202.52,137.66000000000003,64.86,Cash
4585,2023-05-30 08:00:00,2569,Headphones,2,1065.15,2070.0800000000004,60.22,Cash
10917,2024-02-18 04:00:00,2983,Laptop,3,833.45,2495.6700000000005,4.68,Cash
6646,2023-08-24 05:00:00,2940,Laptop,2,103.55,151.76999999999998,55.33,Cash
4377,2023-05-21 16:00:00,2859,Tablet,4,1986.14,7890.47,54.09,Credit Card
2257,2023-02-22 08:00:00,2204,Tablet,3,1679.19,5008.62,28.95,Debit Card
7191,2023-09-15 22:00:00,2062,Monitor,1,,210.09000000000003,55.51,Credit Card
10443,2024-01-29 10:00:00,2613,Keyboard,2,729.58,1391.4,67.76,Credit Card
6349,2023-08-11 20:00:00,2728,Headphones,4,950.05,3728.8399999999997,71.36,Cash
5176,2023-06-23 23:00:00,2954,Mouse,3,125.69,363.4,13.67,Credit Card
5911,2023-07-24 14:00:00,2401,Keyboard,1,1560.17,1500.77,59.4,PayPal
2853,2023-03-19 04:00:00,2255,Laptop,1,564.36,475.84000000000003,88.52,Debit Card
7317,2023-09-21 04:00:00,2129,Mouse,2,1511.81,2971.25,52.37,Cash
7952,2023-10-17 15:00:00,2623,Headphones,2,1912.35,3764.31,60.39,Cash
3106,2023-03-29 17:00:00,2523,Monitor,1,564.79,482.86999999999995,81.92,Cash
1134,2023-01-06 13:00:00,2036,Monitor,2,1872.19,3658.13,86.25,Debit Card
6030,2023-07-29 13:00:00,2258,Mouse,1,183.48,91.63999999999999,91.84,PayPal
1929,2023-02-08 16:00:00,2448,Laptop,1,1159.45,1073.71,85.74,Debit Card
1824,2023-02-04 07:00:00,2110,Monitor,1,1076.95,992.36,84.59,PayPal
8577,2023-11-12 16:00:00,2033,Keyboard,3,1347.47,3952.48,89.93,Credit Card
2532,2023-03-05 19:00:00,2205,Keyboard,1,525.85,460.45000000000005,65.4,Credit Card
2215,2023-02-20 14:00:00,2613,Mouse,2,806.76,1558.58,54.94,Cash
1505,2023-01-22 00:00:00,2902,Tablet,1,1237.98,1178.14,59.84,Credit Card
7531,2023-09-30 02:00:00,2340,Tablet,1,1177.85,1163.7199999999998,14.13,Cash
4073,2023-05-09 00:00:00,2578,Keyboard,1,602.5,517.97,84.53,Debit Card
10577,2024-02-04 00:00:00,2576,Mouse,1,652.6,565.39,87.21,PayPal
10087,2024-01-14 14:00:00,2449,Tablet,4,524.87,2090.71,8.77,Cash
9648,2023-12-27 07:00:00,2270,Tablet,2,1755.08,3488.42,21.74,Cash
7620,2023-10-03 19:00:00,2560,Monitor,4,455.99,1768.21,55.75,Credit Card
10274,2024-01-22 09:00:00,2195,Tablet,3,1704.6,5020.32,93.48,Cash
4710,2023-06-04 13:00:00,2557,Keyboard,3,1214.4,3561.3900000000003,81.81,Cash
9188,2023-12-08 03:00:00,2355,Laptop,2,1396.2,2746.23,46.17,Cash
5850,2023-07-22 01:00:00,2886,Mouse,1,1008.42,996.0,12.42,Debit Card
5749,2023-07-17 20:00:00,2230,Keyboard,1,1802.52,1746.51,56.01,PayPal
5269,2023-06-27 20:00:00,2363,Mouse,3,,3849.6,4.53,Debit Card
2122,2023-02-16 17:00:00,2495,Tablet,1,1943.48,1847.89,95.59,Debit Card
9906,2024-01-07 01:00:00,2868,Monitor,1,1014.98,962.19,52.79,Cash
5187,2023-06-24 10:00:00,2317,Mouse,2,1789.03,3554.81,23.25,PayPal
6302,2023-08-09 21:00:00,2463,Laptop,4,1001.06,3989.41,14.83,Cash
3924,2023-05-02 19:00:00,2046,Mouse,3,1816.58,5425.17,24.57,Debit Card
7589,2023-10-02 12:00:00,2960,Keyboard,2,1710.97,3370.35,51.59,Cash
2811,2023-03-17 10:00:00,2507,Tablet,1,664.22,651.65,12.57,PayPal
4487,2023-05-26 06:00:00,2053,Monitor,2,167.24,241.05,93.43,PayPal
8420,2023-11-06 03:00:00,2552,Headphones,3,37.84,98.89000000000001,14.63,Debit Card
4142,2023-05-11 21:00:00,2134,Headphones,3,1519.19,4513.96,43.61,Credit Card
10348,2024-01-25 11:00:00,2280,Tablet,1,1821.54,1800.27,21.27,Debit Card
2325,2023-02-25 04:00:00,2888,Monitor,1,1930.15,1831.2800000000002,98.87,PayPal
5313,2023-06-29 16:00:00,2749,Headphones,1,1116.15,1104.45,11.7,Credit Card
8495,2023-11-09 06:00:00,2957,Headphones,2,,1326.38,24.12,Cash
9703,2023-12-29 14:00:00,2119,Mouse,3,435.18,1243.6599999999999,61.88,PayPal
10873,2024-02-16 08:00:00,2755,Laptop,1,30.72,-27.9,58.62,Debit Card
9692,2023-12-29 03:00:00,2146,Laptop,1,1175.29,1159.0,16.29,PayPal
10981,2024-02-20 20:00:00,2449,Tablet,2,1816.9,3615.6600000000003,18.14,Cash
10581,2024-02-04 04:00:00,2259,Keyboard,4,1923.57,7626.44,67.84,Cash
6542,2023-08-19 21:00:00,2003,Tablet,3,1405.99,4193.070000000001,24.9,Debit Card
7173,2023-09-15 04:00:00,2824,Mouse,4,1190.97,4756.78,7.1,Debit Card
2541,2023-03-06 04:00:00,2088,Mouse,2,278.96,529.4799999999999,28.44,Credit Card
10410,2024-01-28 01:00:00,2705,Monitor,3,1732.88,5165.200000000001,33.44,Credit Card
3682,2023-04-22 17:00:00,2121,Monitor,4,,637.8299999999999,45.33,Cash
4483,2023-05-26 02:00:00,2531,Keyboard,2,1827.65,3568.01,87.29,Debit Card
7314,2023-09-21 01:00:00,2942,Headphones,4,1929.05,7705.86,10.34,Credit Card
2192,2023-02-19 15:00:00,2170,Keyboard,3,815.48,2414.16,32.28,Credit Card
6294,2023-08-09 13:00:00,2346,Mouse,4,81.76,322.49,4.55,Debit Card
2543,2023-03-06 06:00:00,2009,Tablet,2,,630.64,20.66,PayPal
8057,2023-10-22 00:00:00,2855,Headphones,2,1740.02,3391.05,88.99,PayPal
3540,2023-04-16 19:00:00,2401,Tablet,4,651.19,2505.5400000000004,99.22,Cash
1954,2023-02-09 17:00:00,2679,Tablet,1,801.18,790.2399999999999,10.94,Cash
8242,2023-10-29 17:00:00,2883,Mouse,3,925.49,2768.7400000000002,7.73,PayPal
7732,2023-10-08 11:00:00,2016,Laptop,1,1556.68,1508.51,48.17,Cash
5847,2023-07-21 22:00:00,2810,Monitor,3,728.43,2184.08,1.21,Credit Card
7802,2023-10-11 09:00:00,2646,Monitor,2,330.7,645.47,15.93,Cash
9011,2023-11-30 18:00:00,2742,Monitor,3,147.22,406.53,35.13,Debit Card
5331,2023-06-30 10:00:00,2257,Laptop,4,652.41,2514.64,95.0,Credit Card
9925,2024-01-07 20:00:00,2287,Monitor,4,1422.92,5613.12,78.56,PayPal
6335,2023-08-11 06:00:00,2331,Keyboard,1,1828.06,1822.84,5.22,Credit Card
8331,2023-11-02 10:00:00,2911,Headphones,4,379.49,1438.82,79.14,Cash
10349,2024-01-25 12:00:00,2172,Headphones,3,49.22,67.25999999999999,80.4,Debit Card
5730,2023-07-17 01:00:00,2725,Headphones,1,1092.68,1089.8400000000001,2.84,nan
7542,2023-09-30 13:00:00,2950,Monitor,1,1168.03,1141.49,26.54,nan
6306,2023-08-10 01:00:00,2766,Mouse,2,642.63,1202.46,82.8,PayPal
6162,2023-08-04 01:00:00,2600,Keyboard,1,1143.79,1123.67,20.12,Debit Card
8861,2023-11-24 12:00:00,2336,Laptop,1,441.0,409.35,31.65,Debit Card
3157,2023-03-31 20:00:00,2853,Laptop,4,1234.19,4931.13,5.63,Cash
2063,2023-02-14 06:00:00,2175,Laptop,4,502.89,2006.3799999999999,5.18,PayPal
2168,2023-02-18 15:00:00,2633,Mouse,1,913.61,868.82,44.79,Cash
4637,2023-06-01 12:00:00,2471,Mouse,1,647.11,615.47,31.64,Credit Card
8652,2023-11-15 19:00:00,2439,Monitor,4,761.75,2961.64,85.36,Credit Card
6589,2023-08-21 20:00:00,2923,Mouse,2,,2422.0299999999997,56.57,PayPal
8193,2023-10-27 16:00:00,2576,Mouse,1,851.03,824.14,26.89,PayPal
5492,2023-07-07 03:00:00,2116,Tablet,2,1182.69,2273.03,92.35,PayPal
8267,2023-10-30 18:00:00,2195,Headphones,4,1365.91,5405.81,57.83,Debit Card
5981,2023-07-27 12:00:00,2846,Mouse,2,142.04,243.86999999999998,40.21,Cash
9336,2023-12-14 07:00:00,2408,Mouse,3,1778.69,5276.53,59.54,Credit Card
4527,2023-05-27 22:00:00,2294,Monitor,2,1327.83,2556.97,98.69,Credit Card
5947,2023-07-26 02:00:00,2195,Monitor,3,1762.62,5201.49,86.37,Cash
3783,2023-04-26 22:00:00,2035,Headphones,4,663.46,2580.4900000000002,73.35,Debit Card
1718,2023-01-30 21:00:00,2660,Tablet,3,1296.95,3796.84,94.01,Cash
3503,2023-04-15 06:00:00,2510,Tablet,1,786.65,768.41,18.24,Debit Card
5361,2023-07-01 16:00:00,2271,Tablet,3,724.31,2126.29,46.64,PayPal
5172,2023-06-23 19:00:00,2188,Headphones,3,1551.11,4615.4,37.93,Debit Card
9083,2023-12-03 18:00:00,2344,Laptop,4,526.75,2007.91,99.09,PayPal
5823,2023-07-20 22:00:00,2315,Keyboard,2,1454.97,2830.85,79.09,Credit Card
1396,2023-01-17 11:00:00,2523,Mouse,3,1559.41,4607.02,71.21,Credit Card
8187,2023-10-27 10:00:00,2077,Tablet,4,,3433.3999999999996,51.32,Cash
1624,2023-01-26 23:00:00,2186,Mouse,2,1327.79,2603.64,51.94,Cash
5493,2023-07-07 04:00:00,2405,Headphones,4,1492.2,5895.54,73.26,PayPal
2366,2023-02-26 21:00:00,2232,Monitor,1,1766.3,1733.25,33.05,PayPal
5522,2023-07-08 09:00:00,2328,Monitor,1,1720.03,1648.15,71.88,Debit Card
9788,2024-01-02 03:00:00,2617,Tablet,3,1403.64,4131.96,78.96,Cash
6918,2023-09-04 13:00:00,2599,Mouse,3,785.09,2297.1,58.17,Credit Card
5969,2023-07-27 00:00:00,2963,Keyboard,2,216.6,432.09,1.11,Debit Card
3915,2023-05-02 10:00:00,2250,Keyboard,4,300.43,1133.17,68.55,Cash
6645,2023-08-24 04:00:00,2823,Laptop,2,167.61,285.78000000000003,49.44,Cash
4767,2023-06-06 22:00:00,2950,Laptop,3,1172.21,3423.8,92.83,Cash
4441,2023-05-24 08:00:00,2054,Headphones,4,988.79,3863.08,92.08,Credit Card
8358,2023-11-03 13:00:00,2830,Headphones,3,512.01,1472.1299999999999,63.9,Debit Card
7807,2023-10-11 14:00:00,2240,Monitor,4,224.93,877.4200000000001,22.3,Credit Card
10880,2024-02-16 15:00:00,2197,Headphones,4,655.31,2549.4199999999996,71.82,Credit Card
3144,2023-03-31 07:00:00,2887,Keyboard,3,1307.68,3840.8,82.24,PayPal
6105,2023-08-01 16:00:00,2357,Mouse,3,643.43,1873.3999999999999,56.89,Debit Card
6074,2023-07-31 09:00:00,2927,Laptop,2,379.5,667.96,91.04,Debit Card
2572,2023-03-07 11:00:00,2406,Keyboard,1,962.62,942.58,20.04,Cash
5080,2023-06-19 23:00:00,2667,Tablet,1,1064.78,1029.16,35.62,PayPal
2123,2023-02-16 18:00:00,2412,Laptop,4,1769.16,7070.04,6.6,Debit Card
3787,2023-04-27 02:00:00,2741,Mouse,1,58.08,-19.510000000000005,77.59,PayPal
3968,2023-05-04 15:00:00,2194,Mouse,4,838.71,,74.66,Cash
3505,2023-04-15 08:00:00,2695,Tablet,4,517.98,2058.89,13.03,Cash
6989,2023-09-07 12:00:00,2998,Laptop,1,1668.28,1599.61,68.67,Debit Card
9868,2024-01-05 11:00:00,2072,Keyboard,3,805.57,2331.77,84.94,PayPal
8165,2023-10-26 12:00:00,2933,Monitor,4,1836.39,7247.06,98.5,PayPal
1729,2023-01-31 08:00:00,2760,Monitor,1,1390.38,1328.8400000000001,61.54,PayPal
8588,2023-11-13 03:00:00,2046,Monitor,4,1375.74,5413.54,89.42,PayPal
8544,2023-11-11 07:00:00,2970,Laptop,2,815.14,1626.31,3.97,Cash
1413,2023-01-18 04:00:00,2901,Headphones,2,208.25,319.59000000000003,96.91,Debit Card
10709,2024-02-09 12:00:00,2687,Monitor,1,617.7,611.12,6.58,Cash
6746,2023-08-28 09:00:00,2054,Mouse,4,1717.1,6857.54,10.86,PayPal
8669,2023-11-16 12:00:00,2860,Headphones,1,1243.3,1219.56,23.74,PayPal
1826,2023-02-04 09:00:00,2432,Monitor,3,840.5,2468.31,53.19,Credit Card
4268,2023-05-17 03:00:00,2144,Monitor,1,1289.35,1245.28,44.07,nan
4975,2023-06-15 14:00:00,2041,Tablet,2,1702.54,3342.87,62.21,Credit Card
9809,2024-01-03 00:00:00,2503,Tablet,2,430.83,783.92,77.74,Credit Card
9307,2023-12-13 02:00:00,2094,Laptop,3,1617.1,4757.409999999999,93.89,Credit Card
1418,2023-01-18 09:00:00,2871,Tablet,4,856.48,3396.08,29.84,Debit Card
10818,2024-02-14 01:00:00,2855,Laptop,4,907.2,3544.1200000000003,84.68,Debit Card
7749,2023-10-09 04:00:00,2784,Monitor,1,622.39,587.42,34.97,Credit Card
9968,2024-01-09 15:00:00,2427,Keyboard,4,729.25,2902.15,14.85,PayPal
3083,2023-03-28 18:00:00,2609,Headphones,2,419.62,762.65,76.59,Credit Card
9946,2024-01-08 17:00:00,2604,Tablet,2,618.76,1150.23,87.29,Cash
4374,2023-05-21 13:00:00,2713,Tablet,2,1422.13,2838.73,5.53,Cash
6727,2023-08-27 14:00:00,2413,Monitor,2,879.93,1717.62,42.24,PayPal
5108,2023-06-21 03:00:00,2002,Tablet,3,709.17,2028.2999999999997,99.21,Cash
5381,2023-07-02 12:00:00,2830,Mouse,2,1594.36,3101.08,87.64,Credit Card
8724,2023-11-18 19:00:00,2753,Headphones,3,1502.19,,76.83,Cash
2067,2023-02-14 10:00:00,2630,Tablet,3,237.66,645.53,67.45,Cash
4914,2023-06-13 01:00:00,2988,Tablet,3,1831.64,5481.45,13.47,Credit Card
6537,2023-08-19 16:00:00,2363,Mouse,1,1770.51,1694.78,75.73,PayPal
9003,2023-11-30 10:00:00,2793,Monitor,2,584.12,1089.84,78.4,Cash
6388,2023-08-13 11:00:00,2656,Monitor,4,1564.56,6252.0599999999995,6.18,Debit Card
6733,2023-08-27 20:00:00,2654,Mouse,2,794.21,1579.0,9.42,Credit Card
3739,2023-04-25 02:00:00,2359,Mouse,1,715.86,636.39,79.47,Cash
6053,2023-07-30 12:00:00,2602,Mouse,4,1836.15,7278.85,65.75,PayPal
5001,2023-06-16 16:00:00,2899,Laptop,4,706.77,2794.19,32.89,Cash
10761,2024-02-11 16:00:00,2573,Mouse,2,1600.18,3147.85,52.51,Cash
3428,2023-04-12 03:00:00,2574,Tablet,3,231.46,607.71,86.67,Credit Card
7834,2023-10-12 17:00:00,2299,Laptop,2,1614.89,3216.53,13.25,PayPal
2688,2023-03-12 07:00:00,2011,Headphones,3,926.83,2696.36,84.13,Debit Card
1852,2023-02-05 11:00:00,2787,Laptop,2,1706.81,3398.52,15.1,Cash
7304,2023-09-20 15:00:00,2963,Laptop,3,27.5,54.85,27.65,Cash
10088,2024-01-14 15:00:00,2507,Keyboard,1,1923.91,1870.7900000000002,53.12,Cash
6879,2023-09-02 22:00:00,2736,Laptop,2,1073.25,2067.76,78.74,Cash
9528,2023-12-22 07:00:00,2683,Keyboard,2,673.21,1292.88,53.54,Debit Card
3840,2023-04-29 07:00:00,2946,Mouse,2,1001.54,1979.1299999999999,23.95,Credit Card
5612,2023-07-12 03:00:00,2948,Laptop,4,1492.39,5944.27,25.29,Debit Card
10541,2024-02-02 12:00:00,2323,Headphones,4,849.49,3382.77,15.19,PayPal
10208,2024-01-19 15:00:00,2095,Laptop,1,1409.92,,90.75,Cash
10824,2024-02-14 07:00:00,2915,Tablet,3,934.61,2748.02,55.81,PayPal
3490,2023-04-14 17:00:00,2189,Headphones,3,1095.51,,2.44,PayPal
7906,2023-10-15 17:00:00,2789,Laptop,1,1419.53,1366.1399999999999,53.39,PayPal
8391,2023-11-04 22:00:00,2586,Tablet,2,,3054.1800000000003,66.6,PayPal
3850,2023-04-29 17:00:00,2340,Tablet,4,752.14,2947.11,61.45,PayPal
7666,2023-10-05 17:00:00,2782,Headphones,4,1535.4,6070.05,71.55,PayPal
6882,2023-09-03 01:00:00,2151,Monitor,3,73.43,,61.72,Cash
5453,2023-07-05 12:00:00,2440,Headphones,2,62.45,113.34,11.56,Cash
10950,2024-02-19 13:00:00,2308,Mouse,3,,5379.36,61.14,PayPal
8422,2023-11-06 05:00:00,2376,Laptop,1,603.95,579.95,24.0,PayPal
10828,2024-02-14 11:00:00,2391,Laptop,2,1365.22,2657.7000000000003,72.74,Debit Card
7485,2023-09-28 04:00:00,2408,Headphones,4,1262.37,4962.009999999999,87.47,Debit Card
3480,2023-04-14 07:00:00,2419,Laptop,1,1834.4,1752.14,82.26,Debit Card
7618,2023-10-03 17:00:00,2997,Mouse,3,885.17,2573.29,82.22,Debit Card
3142,2023-03-31 05:00:00,2615,Keyboard,1,1506.58,1459.46,47.12,Debit Card
6189,2023-08-05 04:00:00,2572,Headphones,4,1284.3,5088.21,48.99,Cash
3856,2023-04-29 23:00:00,2791,Tablet,3,1611.19,4768.65,64.92,PayPal
3745,2023-04-25 08:00:00,2278,Monitor,3,1271.65,3726.6800000000003,88.27,Credit Card
8254,2023-10-30 05:00:00,2597,Monitor,3,954.78,2823.15,41.19,Credit Card
4507,2023-05-27 02:00:00,2590,Tablet,1,857.24,839.22,18.02,Debit Card
2680,2023-03-11 23:00:00,2869,Laptop,3,808.53,2370.1400000000003,55.45,PayPal
5250,2023-06-27 01:00:00,2362,Tablet,1,1573.68,1530.5700000000002,43.11,Debit Card
4148,2023-05-12 03:00:00,2665,Laptop,2,1882.9,3756.8300000000004,8.97,Credit Card
9131,2023-12-05 18:00:00,2328,Tablet,4,1134.1,4531.259999999999,5.14,Debit Card
8005,2023-10-19 20:00:00,2962,Tablet,4,594.82,2350.2400000000002,29.04,Cash
1581,2023-01-25 04:00:00,2353,Laptop,2,638.17,1203.74,72.6,Cash
10663,2024-02-07 14:00:00,2734,Headphones,2,1053.45,2023.69,83.21,PayPal
5071,2023-06-19 14:00:00,2028,Mouse,3,1714.85,5126.179999999999,18.37,Debit Card
4344,2023-05-20 07:00:00,2352,Mouse,4,124.26,485.71000000000004,11.33,Cash
8405,2023-11-05 12:00:00,2883,Laptop,3,1951.87,5804.13,51.48,Credit Card
4673,2023-06-03 00:00:00,2521,Mouse,4,321.61,1238.75,47.69,Debit Card
1560,2023-01-24 07:00:00,2981,Laptop,4,79.89,238.94,80.62,Credit Card
6238,2023-08-07 05:00:00,2651,Laptop,4,730.9,2869.5499999999997,54.05,Debit Card
8806,2023-11-22 05:00:00,2205,Mouse,1,1790.45,1762.52,27.93,Debit Card
1513,2023-01-22 08:00:00,2070,Laptop,4,138.28,476.6,76.52,Cash
2082,2023-02-15 01:00:00,2563,Tablet,2,603.15,1160.22,46.08,PayPal
2665,2023-03-11 08:00:00,2379,Tablet,1,1164.72,,33.27,Debit Card
10205,2024-01-19 12:00:00,2900,Mouse,1,406.47,384.14000000000004,22.33,Credit Card
2932,2023-03-22 11:00:00,2159,Keyboard,3,72.2,145.55,71.05,Credit Card
9447,2023-12-18 22:00:00,2101,Tablet,1,1645.61,1637.32,8.29,Debit Card
2151,2023-02-17 22:00:00,2936,Mouse,4,987.78,3871.58,79.54,Cash
3839,2023-04-29 06:00:00,2948,Headphones,3,578.72,1700.0900000000001,36.07,Debit Card
6950,2023-09-05 21:00:00,2445,Laptop,2,1468.41,2890.01,46.81,Credit Card
9309,2023-12-13 04:00:00,2839,Keyboard,1,1010.64,929.01,81.63,PayPal
9933,2024-01-08 04:00:00,2286,Keyboard,1,166.69,129.17,37.52,PayPal
8418,2023-11-06 01:00:00,2029,Keyboard,4,326.06,1296.45,7.79,Credit Card
6178,2023-08-04 17:00:00,2383,Headphones,4,1225.21,4806.41,94.43,PayPal
1831,2023-02-04 14:00:00,2134,Tablet,4,856.52,3336.5099999999998,89.57,Credit Card
9312,2023-12-13 07:00:00,2685,Tablet,2,663.66,1233.02,94.3,nan
5753,2023-07-18 00:00:00,2927,Keyboard,4,121.17,471.89,12.79,Debit Card
4071,2023-05-08 22:00:00,2639,Keyboard,4,,5650.54,1.18,Cash
9343,2023-12-14 14:00:00,2052,Tablet,3,920.64,2739.92,22.0,nan
1636,2023-01-27 11:00:00,2163,Monitor,2,1531.24,3008.34,54.14,PayPal
5466,2023-07-06 01:00:00,2316,Headphones,2,715.88,1393.49,38.27,Credit Card
7800,2023-10-11 07:00:00,2819,Mouse,2,1197.06,2294.6,99.52,PayPal
8988,2023-11-29 19:00:00,2961,Laptop,3,1617.28,4770.38,81.46,Cash
8080,2023-10-22 23:00:00,2787,Tablet,3,1426.51,4272.969999999999,6.56,Cash
7967,2023-10-18 06:00:00,2037,Keyboard,4,1517.63,6054.570000000001,15.95,Debit Card
5143,2023-06-22 14:00:00,2964,Keyboard,4,439.62,1708.5,49.98,PayPal
8028,2023-10-20 19:00:00,2645,Monitor,2,1533.79,3031.35,36.23,Cash
10184,2024-01-18 15:00:00,2645,Laptop,3,711.07,2060.94,72.27,PayPal
1877,2023-02-06 12:00:00,2607,Keyboard,3,,5077.36,83.6,Debit Card
5870,2023-07-22 21:00:00,2758,Laptop,1,1141.23,1056.28,84.95,Credit Card
6316,2023-08-10 11:00:00,2326,Headphones,3,126.4,293.83000000000004,85.37,Debit Card
6223,2023-08-06 14:00:00,2189,Laptop,1,1468.09,1401.11,66.98,Debit Card
1005,2023-01-01 04:00:00,2977,Mouse,4,1688.35,6674.79,78.61,Debit Card
4052,2023-05-08 03:00:00,2259,Laptop,4,919.31,3619.77,57.47,PayPal
6692,2023-08-26 03:00:00,2915,Tablet,4,318.07,1272.26,0.02,Cash
4125,2023-05-11 04:00:00,2711,Keyboard,2,1765.42,3497.9700000000003,32.87,Credit Card
3492,2023-04-14 19:00:00,2156,Keyboard,3,1699.45,5044.05,54.3,Credit Card
4855,2023-06-10 14:00:00,2222,Monitor,1,659.57,601.51,58.06,Cash
5778,2023-07-19 01:00:00,2406,Headphones,2,1465.12,2928.33,1.91,PayPal
10908,2024-02-17 19:00:00,2437,Keyboard,2,1101.07,2149.66,52.48,nan
8510,2023-11-09 21:00:00,2311,Headphones,1,1669.17,1617.0900000000001,52.08,PayPal
7458,2023-09-27 01:00:00,2300,Keyboard,3,1146.57,3343.83,95.88,Cash
7294,2023-09-20 05:00:00,2313,Mouse,1,901.81,832.1099999999999,69.7,Debit Card
2149,2023-02-17 20:00:00,2422,Mouse,3,,3743.4200000000005,75.31,Credit Card
1575,2023-01-24 22:00:00,2179,Headphones,2,1373.6,2735.16,12.04,Cash
4770,2023-06-07 01:00:00,2644,Monitor,4,1654.36,6593.5199999999995,23.92,PayPal
5147,2023-06-22 18:00:00,2156,Keyboard,1,214.46,187.68,26.78,PayPal
1854,2023-02-05 13:00:00,2219,Headphones,1,590.3,548.9699999999999,41.33,Credit Card
6920,2023-09-04 15:00:00,2462,Mouse,2,1134.71,2259.39,10.03,PayPal
10359,2024-01-25 22:00:00,2990,Monitor,2,1459.05,2876.77,41.33,PayPal
7615,2023-10-03 14:00:00,2825,Keyboard,4,47.36,146.39,43.05,Debit Card
7003,2023-09-08 02:00:00,2347,Mouse,4,,1272.5900000000001,41.81,Debit Card
10164,2024-01-17 19:00:00,2389,Laptop,3,1888.84,5626.23,40.29,Credit Card
5496,2023-07-07 07:00:00,2297,Mouse,1,313.08,213.57,99.51,PayPal
9174,2023-12-07 13:00:00,2442,Tablet,3,1089.14,3212.42,55.0,Cash
7656,2023-10-05 07:00:00,2354,Headphones,1,1431.11,1356.34,74.77,Cash
3369,2023-04-09 16:00:00,2662,Mouse,1,705.38,655.61,49.77,PayPal
5781,2023-07-19 04:00:00,2675,Keyboard,4,1836.81,7296.04,51.2,Debit Card
8993,2023-11-30 00:00:00,2096,Monitor,4,590.07,2314.69,45.59,Credit Card
3951,2023-05-03 22:00:00,2497,Mouse,1,1217.47,1124.8,92.67,PayPal
6626,2023-08-23 09:00:00,2797,Headphones,4,405.64,1555.12,67.44,Debit Card
7972,2023-10-18 11:00:00,2436,Mouse,1,1397.98,1339.06,58.92,Debit Card
9717,2023-12-30 04:00:00,2279,Mouse,2,149.25,296.96,1.54,Cash
2842,2023-03-18 17:00:00,2645,Tablet,4,,1187.5700000000002,86.63,Credit Card
6987,2023-09-07 10:00:00,2228,Headphones,4,43.15,114.1,58.5,Cash
1538,2023-01-23 09:00:00,2351,Monitor,4,1914.09,7634.91,21.45,Credit Card
3807,2023-04-27 22:00:00,2185,Keyboard,1,577.02,478.08,98.94,Cash
6802,2023-08-30 17:00:00,2219,Tablet,3,89.28,205.72000000000003,62.12,PayPal
6597,2023-08-22 04:00:00,2730,Mouse,4,46.7,91.09000000000002,95.71,nan
8207,2023-10-28 06:00:00,2124,Monitor,4,673.06,2687.7,4.54,PayPal
8344,2023-11-02 23:00:00,2184,Mouse,2,503.06,937.94,68.18,Debit Card
8561,2023-11-12 00:00:00,2173,Keyboard,1,1371.19,1293.16,78.03,Debit Card
9097,2023-12-04 08:00:00,2301,Tablet,2,710.56,1357.56,63.56,Credit Card
1785,2023-02-02 16:00:00,2652,Tablet,1,874.03,806.96,67.07,Credit Card
2410,2023-02-28 17:00:00,2686,Laptop,2,1272.64,2449.19,96.09,Credit Card
1155,2023-01-07 10:00:00,2488,Keyboard,4,1698.95,6767.41,28.39,Credit Card
8807,2023-11-22 06:00:00,2899,Keyboard,1,1600.13,1598.91,1.22,PayPal
4010,2023-05-06 09:00:00,2479,Keyboard,2,506.64,975.16,38.12,Debit Card
2687,2023-03-12 06:00:00,2646,Tablet,1,972.36,923.23,49.13,Debit Card
5015,2023-06-17 06:00:00,2061,Mouse,1,1764.38,1726.89,37.49,Debit Card
8456,2023-11-07 15:00:00,2433,Headphones,2,1996.87,3973.25,20.49,Credit Card
4864,2023-06-10 23:00:00,2424,Laptop,2,1081.34,2123.8599999999997,38.82,Cash
3734,2023-04-24 21:00:00,2030,Headphones,2,1767.28,3532.46,2.1,PayPal
2896,2023-03-20 23:00:00,2285,Tablet,1,1254.6,1222.26,32.34,Cash
6443,2023-08-15 18:00:00,2124,Keyboard,1,885.1,870.4200000000001,14.68,Debit Card
1570,2023-01-24 17:00:00,2104,Keyboard,2,1064.92,2075.55,54.29,Debit Card
7710,2023-10-07 13:00:00,2364,Laptop,2,1174.37,2346.47,2.27,Debit Card
6855,2023-09-01 22:00:00,2164,Mouse,1,189.37,130.99,58.38,PayPal
2817,2023-03-17 16:00:00,2750,Keyboard,2,1825.58,3588.12,63.04,Credit Card
9320,2023-12-13 15:00:00,2174,Headphones,2,1584.25,3132.41,36.09,Credit Card
4395,2023-05-22 10:00:00,2503,Laptop,3,1504.54,4465.84,47.78,Cash
4328,2023-05-19 15:00:00,2595,Monitor,4,220.45,794.26,87.54,Debit Card
3214,2023-04-03 05:00:00,2773,Mouse,4,332.45,1238.3999999999999,91.4,Credit Card
7103,2023-09-12 06:00:00,2588,Laptop,2,911.28,1794.1799999999998,28.38,PayPal
3976,2023-05-04 23:00:00,2645,Tablet,2,1633.91,3170.46,97.36,Cash
1981,2023-02-10 20:00:00,2774,Laptop,1,1247.31,1234.81,12.5,Debit Card
1191,2023-01-08 22:00:00,2429,Monitor,3,1177.75,3484.48,48.77,Debit Card
10332,2024-01-24 19:00:00,2413,Mouse,4,1546.21,6123.41,61.43,Cash
6089,2023-08-01 00:00:00,2328,Tablet,3,,5626.049999999999,43.47,Cash
1700,2023-01-30 03:00:00,2028,Headphones,1,,1360.37,47.64,Credit Card
8822,2023-11-22 21:00:00,2293,Mouse,1,1134.95,1109.41,25.54,Debit Card
1607,2023-01-26 06:00:00,2105,Keyboard,4,83.69,272.33,62.43,Credit Card
1302,2023-01-13 13:00:00,2691,Tablet,4,1077.02,4239.64,68.44,PayPal
4421,2023-05-23 12:00:00,2987,Headphones,2,546.86,1000.78,92.94,PayPal
7551,2023-09-30 22:00:00,2914,Keyboard,4,427.23,1644.5800000000002,64.34,Debit Card
2061,2023-02-14 04:00:00,2738,Keyboard,2,1996.93,3918.7200000000003,75.14,Debit Card
4445,2023-05-24 12:00:00,2209,Tablet,2,260.9,430.06999999999994,91.73,Cash
2070,2023-02-14 13:00:00,2625,Monitor,2,1682.52,3363.56,1.48,Cash
3206,2023-04-02 21:00:00,2186,Monitor,2,1957.58,3843.1299999999997,72.03,Cash
10436,2024-01-29 03:00:00,2591,Mouse,1,200.9,113.47,87.43,Credit Card
8340,2023-11-02 19:00:00,2728,Keyboard,3,1970.51,5876.03,35.5,Debit Card
9209,2023-12-09 00:00:00,2330,Mouse,2,303.63,578.54,28.72,PayPal
8680,2023-11-16 23:00:00,2628,Laptop,1,1763.08,1691.87,71.21,Cash
5643,2023-07-13 10:00:00,2762,Headphones,2,795.55,1546.55,44.55,PayPal
8684,2023-11-17 03:00:00,2226,Laptop,2,1638.34,3191.69,84.99,Debit Card
10008,2024-01-11 07:00:00,2364,Keyboard,3,223.52,623.84,46.72,PayPal
8997,2023-11-30 04:00:00,2442,Mouse,3,477.63,1365.33,67.56,Credit Card
6601,2023-08-22 08:00:00,2738,Tablet,1,1701.09,1609.34,91.75,Cash
10152,2024-01-17 07:00:00,2659,Mouse,1,1291.21,1249.04,42.17,Credit Card
8023,2023-10-20 14:00:00,2675,Keyboard,4,417.86,1626.04,45.4,Debit Card
5894,2023-07-23 21:00:00,2646,Headphones,2,406.67,767.0600000000001,46.28,Debit Card
1226,2023-01-10 09:00:00,2419,Headphones,4,1436.31,5668.4,76.84,Debit Card
4355,2023-05-20 18:00:00,2369,Laptop,1,1324.5,1312.03,12.47,Credit Card
6896,2023-09-03 15:00:00,2140,Headphones,2,678.62,1318.11,39.13,Cash
9755,2023-12-31 18:00:00,2906,Keyboard,2,1362.84,2686.06,39.62,Cash
4437,2023-05-24 04:00:00,2515,Headphones,2,1070.52,2056.19,84.85,PayPal
2694,2023-03-12 13:00:00,2447,Tablet,2,1628.92,3252.9500000000003,4.89,PayPal
7894,2023-10-15 05:00:00,2183,Mouse,1,,956.19,57.94,PayPal
2046,2023-02-13 13:00:00,2068,Mouse,4,990.34,3876.81,84.55,PayPal
4447,2023-05-24 14:00:00,2730,Monitor,1,1593.07,1584.1699999999998,8.9,Cash
9051,2023-12-02 10:00:00,2678,Laptop,4,307.91,1140.77,90.87,Credit Card
10147,2024-01-17 02:00:00,2640,Tablet,3,695.78,1989.9700000000003,97.37,Debit Card
1004,2023-01-01 03:00:00,2272,Mouse,1,1416.4,1343.94,72.46,Cash
5736,2023-07-17 07:00:00,2680,Monitor,4,1939.73,7731.41,27.51,PayPal
5497,2023-07-07 08:00:00,2525,Mouse,2,1588.94,3131.1800000000003,46.7,nan
2219,2023-02-20 18:00:00,2507,Laptop,2,1523.2,2958.38,88.02,PayPal
7016,2023-09-08 15:00:00,2263,Mouse,4,407.39,1555.82,73.74,Cash
10720,2024-02-09 23:00:00,2270,Monitor,1,1700.67,1664.2,36.47,PayPal
4988,2023-06-16 03:00:00,2643,Monitor,1,680.69,648.25,32.44,Credit Card
5912,2023-07-24 15:00:00,2727,Monitor,3,1050.7,3097.9400000000005,54.16,Credit Card
10493,2024-01-31 12:00:00,2099,Monitor,3,1686.42,5020.71,38.55,Debit Card
5494,2023-07-07 05:00:00,2998,Monitor,3,229.19,594.15,93.42,Cash
7945,2023-10-17 08:00:00,2892,Headphones,4,925.29,3698.91,2.25,Credit Card
6700,2023-08-26 11:00:00,2319,Laptop,3,371.06,1032.81,80.37,Debit Card
9353,2023-12-15 00:00:00,2613,Headphones,2,498.64,940.2099999999999,57.07,Cash
1957,2023-02-09 20:00:00,2519,Keyboard,3,188.76,513.22,53.06,Cash
3870,2023-04-30 13:00:00,2774,Keyboard,4,208.39,766.1999999999999,67.36,Cash
5434,2023-07-04 17:00:00,2120,Tablet,1,1851.56,1835.79,15.77,Credit Card
5974,2023-07-27 05:00:00,2004,Keyboard,4,1708.14,6819.46,13.1,Credit Card
3962,2023-05-04 09:00:00,2130,Keyboard,1,274.44,256.5,17.94,Cash
3201,2023-04-02 16:00:00,2783,Laptop,2,1327.78,2616.84,38.72,Credit Card
1099,2023-01-05 02:00:00,2819,Monitor,1,1004.78,1001.9399999999999,2.84,Cash
9261,2023-12-11 04:00:00,2177,Tablet,3,1453.44,4335.65,24.67,Debit Card
3558,2023-04-17 13:00:00,2650,Mouse,2,1283.18,2536.05,30.31,PayPal
9446,2023-12-18 21:00:00,2890,Monitor,1,878.85,,94.83,Credit Card
5200,2023-06-24 23:00:00,2676,Keyboard,3,1674.67,4949.72,74.29,Debit Card
10638,2024-02-06 13:00:00,2963,Mouse,3,1908.94,5643.44,83.38,Debit Card
6540,2023-08-19 19:00:00,2675,Tablet,3,426.48,1193.9,85.54,Cash
2649,2023-03-10 16:00:00,2048,Laptop,2,1703.76,3373.7,33.82,Debit Card
10889,2024-02-17 00:00:00,2236,Tablet,3,,5424.549999999999,20.81,Cash
7198,2023-09-16 05:00:00,2124,Laptop,3,1275.28,3773.09,52.75,Debit Card
7296,2023-09-20 07:00:00,2902,Monitor,1,815.27,757.71,57.56,Debit Card
5500,2023-07-07 11:00:00,2558,Headphones,3,524.46,1538.3500000000001,35.03,PayPal
2155,2023-02-18 02:00:00,2305,Laptop,2,894.56,1772.4799999999998,16.64,Cash
3256,2023-04-04 23:00:00,2625,Laptop,1,1464.01,1415.97,48.04,PayPal
10875,2024-02-16 10:00:00,2010,Headphones,2,1890.45,3743.11,37.79,Debit Card
4171,2023-05-13 02:00:00,2331,Monitor,4,,1344.5,34.26,Debit Card
8401,2023-11-05 08:00:00,2871,Monitor,3,505.38,1466.62,49.52,Debit Card
4016,2023-05-06 15:00:00,2796,Mouse,2,1703.09,3385.46,20.72,Credit Card
8159,2023-10-26 06:00:00,2952,Mouse,3,65.52,192.15,4.41,Debit Card
4109,2023-05-10 12:00:00,2653,Mouse,3,1901.27,5655.24,48.57,Cash
5549,2023-07-09 12:00:00,2977,Mouse,1,1427.96,1414.75,13.21,Debit Card
6424,2023-08-14 23:00:00,2637,Monitor,4,1335.88,5326.870000000001,16.65,Cash
3050,2023-03-27 09:00:00,2358,Tablet,4,589.46,2308.82,49.02,Credit Card
10209,2024-01-19 16:00:00,2162,Tablet,4,1492.99,5907.02,64.94,PayPal
9816,2024-01-03 07:00:00,2602,Laptop,3,1819.91,5445.820000000001,13.91,Credit Card
3803,2023-04-27 18:00:00,2856,Mouse,3,578.6,1725.5100000000002,10.29,Cash
1263,2023-01-11 22:00:00,2636,Tablet,4,990.06,3872.27,87.97,Cash
5062,2023-06-19 05:00:00,2731,Laptop,4,1268.72,5029.99,44.89,Cash
6535,2023-08-19 14:00:00,2160,Keyboard,4,150.71,572.8000000000001,30.04,Cash
7617,2023-10-03 16:00:00,2314,Headphones,1,273.48,193.43,80.05,Credit Card
9121,2023-12-05 08:00:00,2897,Headphones,1,801.44,761.36,40.08,Debit Card
9156,2023-12-06 19:00:00,2370,Laptop,1,807.14,740.96,66.18,Debit Card
2803,2023-03-17 02:00:00,2869,Laptop,3,447.01,1243.3899999999999,97.64,Cash
5737,2023-07-17 08:00:00,2572,Laptop,1,198.7,181.33999999999997,17.36,Cash
3386,2023-04-10 09:00:00,2438,Keyboard,1,154.66,,65.6,Debit Card
7695,2023-10-06 22:00:00,2144,Laptop,3,393.8,1167.8400000000001,13.56,Cash
6760,2023-08-28 23:00:00,2462,Laptop,3,,1212.99,15.84,nan
2960,2023-03-23 15:00:00,2386,Tablet,4,,1474.1699999999998,90.19,Cash
3977,2023-05-05 00:00:00,2164,Headphones,1,249.8,163.77,86.03,Cash
9681,2023-12-28 16:00:00,2815,Tablet,2,36.77,38.510000000000005,35.03,Cash
2844,2023-03-18 19:00:00,2414,Tablet,4,1412.5,5603.15,46.85,PayPal
2735,2023-03-14 06:00:00,2185,Headphones,4,454.58,1816.58,1.74,nan
3912,2023-05-02 07:00:00,2767,Tablet,3,1845.97,5441.139999999999,96.77,Debit Card
9339,2023-12-14 10:00:00,2553,Headphones,2,254.88,433.41999999999996,76.34,Debit Card
2987,2023-03-24 18:00:00,2023,Laptop,1,1393.54,1331.99,61.55,Cash
10562,2024-02-03 09:00:00,2896,Mouse,2,1611.95,3182.52,41.38,Credit Card
7547,2023-09-30 18:00:00,2802,Mouse,3,482.95,1414.4499999999998,34.4,PayPal
8099,2023-10-23 18:00:00,2440,Mouse,4,1581.06,6289.7,34.54,PayPal
3812,2023-04-28 03:00:00,2081,Headphones,3,1717.57,5095.34,57.37,Debit Card
1660,2023-01-28 11:00:00,2347,Keyboard,4,152.84,610.9,0.46,Credit Card
10987,2024-02-21 02:00:00,2782,Keyboard,2,153.93,248.65,59.21,Debit Card
3512,2023-04-15 15:00:00,2505,Mouse,1,953.56,945.9699999999999,7.59,Cash
5283,2023-06-28 10:00:00,2472,Keyboard,3,228.13,681.39,3.0,Cash
10340,2024-01-25 03:00:00,2418,Headphones,1,467.03,444.9,22.13,Cash
9801,2024-01-02 16:00:00,2379,Laptop,1,64.1,45.00999999999999,19.09,PayPal
7288,2023-09-19 23:00:00,2599,Monitor,1,204.0,128.37,75.63,Debit Card
2931,2023-03-22 10:00:00,2855,Headphones,4,1694.27,6731.69,45.39,Cash
8126,2023-10-24 21:00:00,2814,Laptop,4,1900.97,7550.16,53.72,Debit Card
1198,2023-01-09 05:00:00,2059,Monitor,1,1385.05,1352.95,32.1,Debit Card
8778,2023-11-21 01:00:00,2776,Laptop,2,1098.48,2097.88,99.08,Credit Card
3932,2023-05-03 03:00:00,2746,Tablet,3,517.18,1479.19,72.35,Debit Card
9005,2023-11-30 12:00:00,2472,Monitor,3,1387.88,4154.96,8.68,Debit Card
3328,2023-04-07 23:00:00,2306,Mouse,2,570.69,1062.8600000000001,78.52,Debit Card
5390,2023-07-02 21:00:00,2257,Mouse,1,455.67,453.87,1.8,PayPal
9959,2024-01-09 06:00:00,2212,Tablet,2,1480.45,2861.73,99.17,Cash
5219,2023-06-25 18:00:00,2519,Keyboard,3,1541.45,4613.1,11.25,PayPal
1203,2023-01-09 10:00:00,2600,Headphones,3,1059.51,3138.79,39.74,Debit Card
4511,2023-05-27 06:00:00,2893,Headphones,4,161.82,620.2099999999999,27.07,Credit Card
5932,2023-07-25 11:00:00,2701,Monitor,4,1345.81,5357.96,25.28,PayPal
6536,2023-08-19 15:00:00,2454,Monitor,3,600.17,1785.3199999999997,15.19,Cash
10926,2024-02-18 13:00:00,2572,Mouse,4,741.84,2965.59,1.77,Cash
6792,2023-08-30 07:00:00,2776,Tablet,4,438.07,1750.21,2.07,PayPal
2708,2023-03-13 03:00:00,2602,Laptop,1,1669.45,1635.31,34.14,Credit Card
6173,2023-08-04 12:00:00,2290,Keyboard,2,,1176.85,65.23,Cash
6250,2023-08-07 17:00:00,2760,Tablet,1,1536.84,1462.4099999999999,74.43,PayPal
7529,2023-09-30 00:00:00,2011,Laptop,2,1546.47,3072.42,20.52,Cash
6027,2023-07-29 10:00:00,2337,Mouse,4,1952.28,7742.11,67.01,PayPal
6856,2023-09-01 23:00:00,2617,Keyboard,1,1121.34,1056.33,65.01,Credit Card
9165,2023-12-07 04:00:00,2132,Mouse,1,1598.43,1577.41,21.02,Credit Card
1855,2023-02-05 14:00:00,2984,Headphones,4,1925.11,7632.48,67.96,Credit Card
5738,2023-07-17 09:00:00,2085,Laptop,2,1497.78,2921.77,73.79,PayPal
1699,2023-01-30 02:00:00,2452,Headphones,2,1097.3,2189.68,4.92,Credit Card
4697,2023-06-04 00:00:00,2289,Laptop,4,1437.79,5693.07,58.09,Debit Card
2637,2023-03-10 04:00:00,2267,Laptop,2,1744.28,3408.71,79.85,Debit Card
8281,2023-10-31 08:00:00,2942,Keyboard,4,1632.28,6439.44,89.68,Debit Card
8555,2023-11-11 18:00:00,2476,Monitor,2,894.78,1760.9099999999999,28.65,Debit Card
4582,2023-05-30 05:00:00,2614,Laptop,4,1721.53,6837.15,48.97,Credit Card
2292,2023-02-23 19:00:00,2659,Mouse,1,1654.53,1602.1499999999999,52.38,Cash
7586,2023-10-02 09:00:00,2759,Tablet,2,583.5,1158.87,8.13,Cash
2854,2023-03-19 05:00:00,2070,Mouse,1,415.21,356.16999999999996,59.04,nan
6233,2023-08-07 00:00:00,2616,Headphones,1,1713.57,1639.94,73.63,Credit Card
4764,2023-06-06 19:00:00,2526,Keyboard,4,1511.78,6019.0199999999995,28.1,PayPal
4305,2023-05-18 16:00:00,2548,Laptop,1,643.26,545.65,97.61,Debit Card
2496,2023-03-04 07:00:00,2334,Mouse,2,1955.98,3828.23,83.73,Credit Card
8995,2023-11-30 02:00:00,2369,Tablet,3,92.14,239.35000000000002,37.07,Debit Card
2999,2023-03-25 06:00:00,2151,Monitor,4,1683.91,6705.29,30.35,Debit Card
1664,2023-01-28 15:00:00,2647,Keyboard,4,894.13,3529.61,46.91,Debit Card
4749,2023-06-06 04:00:00,2129,Monitor,4,199.47,725.93,71.95,PayPal
5414,2023-07-03 21:00:00,2508,Tablet,4,327.32,1211.6,97.68,Cash
6531,2023-08-19 10:00:00,2182,Headphones,4,142.8,494.28000000000003,76.92,Credit Card
6576,2023-08-21 07:00:00,2875,Tablet,1,,1135.1499999999999,65.72,PayPal
9902,2024-01-06 21:00:00,2718,Keyboard,3,1632.51,4801.2699999999995,96.26,Credit Card
8527,2023-11-10 14:00:00,2955,Monitor,1,1651.83,1603.02,48.81,Debit Card
10475,2024-01-30 18:00:00,2216,Monitor,1,1290.83,1268.8899999999999,21.94,Cash
6865,2023-09-02 08:00:00,2790,Tablet,2,434.83,827.6899999999999,41.97,Cash
7777,2023-10-10 08:00:00,2459,Headphones,1,199.18,194.46,4.72,Cash
2307,2023-02-24 10:00:00,2077,Headphones,4,1638.19,6473.18,79.58,Credit Card
8393,2023-11-05 00:00:00,2151,Monitor,3,1134.95,3315.6000000000004,89.25,Cash
6593,2023-08-22 00:00:00,2680,Headphones,1,1560.22,1481.53,78.69,Credit Card
1959,2023-02-09 22:00:00,2010,Tablet,4,1716.47,6808.93,56.95,Credit Card
10722,2024-02-10 01:00:00,2145,Keyboard,2,1597.83,3099.3399999999997,96.32,Credit Card
2664,2023-03-11 07:00:00,2166,Keyboard,3,266.77,728.39,71.92,Debit Card
6451,2023-08-16 02:00:00,2829,Tablet,3,1894.95,5679.4400000000005,5.41,Debit Card
4096,2023-05-09 23:00:00,2046,Headphones,1,626.94,587.6400000000001,39.3,PayPal
10188,2024-01-18 19:00:00,2545,Monitor,2,288.35,521.23,55.47,PayPal
4628,2023-06-01 03:00:00,2030,Laptop,1,1561.24,1498.53,62.71,Debit Card
3694,2023-04-23 05:00:00,2632,Monitor,1,263.02,172.64999999999998,90.37,Credit Card
10790,2024-02-12 21:00:00,2468,Monitor,2,419.6,785.2900000000001,53.91,Cash
6916,2023-09-04 11:00:00,2700,Headphones,3,508.47,,86.27,Debit Card
4158,2023-05-12 13:00:00,2764,Monitor,3,1474.54,4395.61,28.01,Debit Card
10915,2024-02-18 02:00:00,2804,Mouse,4,1073.07,4263.65,28.63,Cash
7669,2023-10-05 20:00:00,2997,Laptop,3,628.86,1856.1699999999998,30.41,Credit Card
2060,2023-02-14 03:00:00,2379,Mouse,1,543.7,531.69,12.01,Debit Card
5637,2023-07-13 04:00:00,2677,Mouse,2,1897.7,,37.66,PayPal
4243,2023-05-16 02:00:00,2744,Keyboard,1,1307.4,1229.38,78.02,Cash
2679,2023-03-11 22:00:00,2113,Monitor,2,1819.41,3625.8,13.02,Cash
7893,2023-10-15 04:00:00,2526,Monitor,3,200.39,564.27,36.9,Debit Card
7375,2023-09-23 14:00:00,2688,Monitor,3,1782.82,5289.39,59.07,Debit Card
8575,2023-11-12 14:00:00,2208,Laptop,3,1691.97,5005.41,70.5,Cash
2758,2023-03-15 05:00:00,2477,Monitor,2,1859.03,3685.97,32.09,PayPal
7020,2023-09-08 19:00:00,2843,Laptop,1,1747.97,1709.17,38.8,PayPal
6117,2023-08-02 04:00:00,2445,Tablet,3,191.42,,62.76,Credit Card
9756,2023-12-31 19:00:00,2543,Tablet,3,1207.2,3531.2000000000003,90.4,Debit Card
8409,2023-11-05 16:00:00,2122,Laptop,2,1738.84,3455.71,21.97,Debit Card
3791,2023-04-27 06:00:00,2979,Tablet,1,373.74,351.8,21.94,PayPal
1864,2023-02-05 23:00:00,2924,Laptop,1,1401.53,1308.47,93.06,PayPal
8859,2023-11-24 10:00:00,2365,Monitor,1,,1578.8799999999999,35.44,PayPal
2485,2023-03-03 20:00:00,2026,Monitor,2,1947.94,3890.57,5.31,Cash
8036,2023-10-21 03:00:00,2324,Monitor,1,242.54,173.07,69.47,Cash
8722,2023-11-18 17:00:00,2945,Headphones,3,1109.62,3285.24,43.62,Credit Card
6978,2023-09-07 01:00:00,2864,Laptop,3,1538.52,4529.49,86.07,PayPal
6135,2023-08-02 22:00:00,2200,Laptop,3,1336.75,3959.72,50.53,PayPal
1207,2023-01-09 14:00:00,2319,Monitor,2,1825.29,3591.5299999999997,59.05,PayPal
5489,2023-07-07 00:00:00,2280,Tablet,3,,2353.41,6.75,Debit Card
7939,2023-10-17 02:00:00,2362,Mouse,3,1947.06,5798.92,42.26,PayPal
10063,2024-01-13 14:00:00,2902,Keyboard,4,910.25,3617.85,23.15,nan
7911,2023-10-15 22:00:00,2169,Keyboard,3,532.7,1528.2800000000002,69.82,Cash
1503,2023-01-21 22:00:00,2376,Keyboard,3,1882.27,5628.379999999999,18.43,Credit Card
8386,2023-11-04 17:00:00,2460,Keyboard,2,620.88,1223.94,17.82,PayPal
2029,2023-02-12 20:00:00,2713,Monitor,4,393.2,1542.0,30.8,Cash
4841,2023-06-10 00:00:00,2088,Mouse,1,1642.64,1579.98,62.66,Credit Card
9111,2023-12-04 22:00:00,2241,Keyboard,1,1583.94,,80.08,Credit Card
6057,2023-07-30 16:00:00,2891,Headphones,3,1392.7,4162.070000000001,16.03,Cash
10763,2024-02-11 18:00:00,2168,Tablet,4,1478.04,5894.93,17.23,Debit Card
9155,2023-12-06 18:00:00,2503,Laptop,1,1250.89,1187.64,63.25,Debit Card
3732,2023-04-24 19:00:00,2256,Monitor,3,1242.24,3709.4300000000003,17.29,Cash
9997,2024-01-10 20:00:00,2531,Laptop,4,610.41,2405.7999999999997,35.84,Credit Card
3455,2023-04-13 06:00:00,2615,Laptop,3,1128.43,3303.95,81.34,Debit Card
8216,2023-10-28 15:00:00,2319,Headphones,4,385.26,1469.87,71.17,nan
4105,2023-05-10 08:00:00,2165,Keyboard,1,1533.87,1523.01,10.86,PayPal
9393,2023-12-16 16:00:00,2067,Mouse,4,1485.19,,4.75,PayPal
7279,2023-09-19 14:00:00,2134,Headphones,2,420.18,822.41,17.95,Credit Card
4100,2023-05-10 03:00:00,2929,Headphones,1,1816.37,1737.6599999999999,78.71,Credit Card
7185,2023-09-15 16:00:00,2619,Mouse,3,212.22,614.25,22.41,Debit Card
4562,2023-05-29 09:00:00,2122,Mouse,3,1194.0,3564.05,17.95,PayPal
6893,2023-09-03 12:00:00,2698,Keyboard,4,1495.73,5917.17,65.75,Debit Card
1392,2023-01-17 07:00:00,2148,Tablet,3,744.09,2178.79,53.48,Cash
7737,2023-10-08 16:00:00,2876,Mouse,1,1073.59,1007.8399999999999,65.75,PayPal
6619,2023-08-23 02:00:00,2139,Monitor,1,356.78,276.9,79.88,Cash
6259,2023-08-08 02:00:00,2229,Keyboard,1,464.61,368.99,95.62,Credit Card
10688,2024-02-08 15:00:00,2330,Laptop,1,310.68,276.98,33.7,Debit Card
3696,2023-04-23 07:00:00,2124,Tablet,1,1510.49,1478.88,31.61,Debit Card
3028,2023-03-26 11:00:00,2475,Laptop,1,1372.68,1300.3500000000001,72.33,Debit Card
6464,2023-08-16 15:00:00,2473,Keyboard,2,50.45,6.280000000000001,94.62,Cash
3569,2023-04-18 00:00:00,2775,Mouse,2,1728.35,3406.1099999999997,50.59,Credit Card
9007,2023-11-30 14:00:00,2923,Laptop,2,1263.15,2460.7200000000003,65.58,PayPal
1065,2023-01-03 16:00:00,2118,Mouse,3,411.08,1211.76,21.48,PayPal
3063,2023-03-27 22:00:00,2614,Headphones,4,1173.91,4643.84,51.8,Credit Card
6277,2023-08-08 20:00:00,2448,Keyboard,3,480.88,1389.1399999999999,53.5,Debit Card
8209,2023-10-28 08:00:00,2615,Tablet,2,144.54,222.34999999999997,66.73,Debit Card
9685,2023-12-28 20:00:00,2466,Tablet,2,827.53,1590.1499999999999,64.91,Cash
9572,2023-12-24 03:00:00,2736,Headphones,4,1357.83,5362.75,68.57,PayPal
7332,2023-09-21 19:00:00,2389,Tablet,1,849.49,819.89,29.6,Credit Card
5860,2023-07-22 11:00:00,2637,Mouse,3,315.21,846.1599999999999,99.47,nan
5888,2023-07-23 15:00:00,2624,Mouse,3,551.15,1580.62,72.83,Credit Card
10269,2024-01-22 04:00:00,2602,Keyboard,1,,37.23,59.4,PayPal
1879,2023-02-06 14:00:00,2294,Headphones,1,436.37,351.76,84.61,Cash
9530,2023-12-22 09:00:00,2440,Headphones,4,1551.63,6159.700000000001,46.82,Debit Card
8917,2023-11-26 20:00:00,2335,Monitor,3,,4992.69,26.64,Debit Card
7864,2023-10-13 23:00:00,2233,Headphones,4,1900.0,7506.6,93.4,Credit Card
8893,2023-11-25 20:00:00,2546,Headphones,1,589.59,511.93000000000006,77.66,Cash
7440,2023-09-26 07:00:00,2474,Laptop,1,1490.23,1464.73,25.5,Credit Card
8870,2023-11-24 21:00:00,2336,Headphones,3,1657.5,4893.51,78.99,Credit Card
2017,2023-02-12 08:00:00,2690,Laptop,2,1454.62,2895.7599999999998,13.48,PayPal
10468,2024-01-30 11:00:00,2974,Laptop,3,1859.49,5574.71,3.76,Cash
8630,2023-11-14 21:00:00,2484,Tablet,2,1429.0,2832.59,25.41,Debit Card
1996,2023-02-11 11:00:00,2508,Laptop,1,1727.94,1656.15,71.79,Debit Card
7790,2023-10-10 21:00:00,2394,Monitor,3,826.56,2458.33,21.35,Cash
5298,2023-06-29 01:00:00,2545,Keyboard,4,608.31,2409.6899999999996,23.55,Credit Card
1162,2023-01-07 17:00:00,2762,Laptop,1,1142.52,1107.82,34.7,Debit Card
6676,2023-08-25 11:00:00,2103,Monitor,1,499.59,475.4,24.19,Credit Card
7874,2023-10-14 09:00:00,2223,Tablet,3,,318.75000000000006,71.7,PayPal
10693,2024-02-08 20:00:00,2001,Monitor,3,38.99,97.05,19.92,Cash
8990,2023-11-29 21:00:00,2984,Headphones,2,,462.46000000000004,80.5,PayPal
4844,2023-06-10 03:00:00,2735,Mouse,4,997.68,3919.77,70.95,Debit Card
2022,2023-02-12 13:00:00,2594,Monitor,2,1822.75,3580.05,65.45,PayPal
4074,2023-05-09 01:00:00,2259,Mouse,2,1763.11,3500.9199999999996,25.3,Cash
8556,2023-11-11 19:00:00,2304,Headphones,2,1461.88,2824.34,99.42,Debit Card
4944,2023-06-14 07:00:00,2255,Mouse,4,79.67,235.72000000000003,82.96,Debit Card
2586,2023-03-08 01:00:00,2983,Laptop,1,1163.19,1147.9,15.29,Credit Card
2069,2023-02-14 12:00:00,2653,Tablet,4,1751.79,6937.29,69.87,Cash
4153,2023-05-12 08:00:00,2102,Monitor,3,1556.46,4588.59,80.79,Debit Card
9227,2023-12-09 18:00:00,2413,Keyboard,2,,1612.68,56.1,Debit Card
1776,2023-02-02 07:00:00,2700,Mouse,3,,2126.8700000000003,16.93,Credit Card
10671,2024-02-07 22:00:00,2733,Tablet,3,,653.39,56.77,Credit Card
8100,2023-10-23 19:00:00,2035,Keyboard,1,1780.8,1680.83,99.97,PayPal
6487,2023-08-17 14:00:00,2470,Tablet,1,1356.65,1270.68,85.97,Credit Card
7236,2023-09-17 19:00:00,2404,Monitor,2,1935.96,3825.77,46.15,Cash
10556,2024-02-03 03:00:00,2826,Tablet,1,1761.08,1724.08,37.0,Credit Card
8042,2023-10-21 09:00:00,2645,Headphones,1,293.95,276.19,17.76,Debit Card
3613,2023-04-19 20:00:00,2422,Keyboard,2,1329.78,2620.47,39.09,Cash
8514,2023-11-10 01:00:00,2941,Monitor,3,976.33,2901.1600000000003,27.83,Credit Card
7728,2023-10-08 07:00:00,2711,Headphones,2,1191.84,2342.9199999999996,40.76,PayPal
9434,2023-12-18 09:00:00,2431,Tablet,3,1936.75,5767.0,43.25,Cash
7600,2023-10-02 23:00:00,2006,Tablet,3,1132.37,3388.74,8.37,PayPal
9793,2024-01-02 08:00:00,2104,Monitor,3,1103.51,3303.1,7.43,Cash
6394,2023-08-13 17:00:00,2047,Keyboard,2,1621.23,3206.11,36.35,Debit Card
9839,2024-01-04 06:00:00,2071,Headphones,3,224.48,585.39,88.05,Debit Card
4891,2023-06-12 02:00:00,2511,Laptop,2,158.39,269.01,47.77,Credit Card
4557,2023-05-29 04:00:00,2255,Monitor,4,134.61,467.21000000000004,71.23,Cash
2529,2023-03-05 16:00:00,2800,Headphones,2,191.3,343.13,39.47,Credit Card
2268,2023-02-22 19:00:00,2828,Keyboard,1,365.14,290.71,74.43,Cash
8735,2023-11-19 06:00:00,2893,Tablet,1,669.79,,13.53,Credit Card
2900,2023-03-21 03:00:00,2474,Keyboard,1,1071.91,1023.6800000000001,48.23,Debit Card
5659,2023-07-14 02:00:00,2705,Tablet,4,1629.31,6418.25,98.99,PayPal
4006,2023-05-06 05:00:00,2530,Tablet,4,510.23,2008.76,32.16,Cash
3735,2023-04-24 22:00:00,2457,Monitor,4,261.42,1044.98,0.7,Credit Card
1190,2023-01-08 21:00:00,2614,Tablet,2,356.85,667.57,46.13,Debit Card
10999,2024-02-21 14:00:00,2586,Tablet,2,,393.52,35.76,Cash
10168,2024-01-17 23:00:00,2152,Monitor,2,688.21,1285.73,90.69,PayPal
3748,2023-04-25 11:00:00,2618,Headphones,2,566.0,1115.87,16.13,Cash
3048,2023-03-27 07:00:00,2609,Keyboard,1,1813.35,1743.56,69.79,nan
8850,2023-11-24 01:00:00,2163,Laptop,3,1496.29,4487.5,1.37,PayPal
3559,2023-04-17 14:00:00,2554,Keyboard,2,1458.29,2851.23,65.35,Cash
10275,2024-01-22 10:00:00,2713,Headphones,4,386.77,1497.9299999999998,49.15,Credit Card
9667,2023-12-28 02:00:00,2532,Mouse,2,773.93,1508.8899999999999,38.97,Cash
7397,2023-09-24 12:00:00,2408,Keyboard,2,1642.12,3231.06,53.18,Cash
4386,2023-05-22 01:00:00,2227,Mouse,2,1595.35,3188.6299999999997,2.07,PayPal
5556,2023-07-09 19:00:00,2045,Headphones,3,468.75,1310.62,95.63,Credit Card
2185,2023-02-19 08:00:00,2842,Laptop,1,284.02,193.71999999999997,90.3,Debit Card
7421,2023-09-25 12:00:00,2545,Mouse,2,1633.92,3174.84,93.0,Cash
6052,2023-07-30 11:00:00,2185,Headphones,4,470.69,1815.81,66.95,PayPal
6312,2023-08-10 07:00:00,2459,Laptop,3,836.88,2441.43,69.21,PayPal
3434,2023-04-12 09:00:00,2847,Headphones,4,402.78,1571.1799999999998,39.94,PayPal
7950,2023-10-17 13:00:00,2392,Tablet,2,401.08,795.85,6.31,Debit Card
1770,2023-02-02 01:00:00,2708,Laptop,2,1440.39,2871.6200000000003,9.16,Cash
2686,2023-03-12 05:00:00,2089,Laptop,4,510.69,1998.19,44.57,Debit Card
9323,2023-12-13 18:00:00,2970,Headphones,1,1411.27,1399.81,11.46,Debit Card
6579,2023-08-21 10:00:00,2335,Mouse,3,449.98,1319.27,30.67,Debit Card
5427,2023-07-04 10:00:00,2012,Laptop,2,1469.02,2855.63,82.41,Debit Card
1467,2023-01-20 10:00:00,2880,Laptop,2,1971.69,3915.12,28.26,Credit Card
7266,2023-09-19 01:00:00,2228,Laptop,4,1739.88,6930.89,28.63,Debit Card
6735,2023-08-27 22:00:00,2911,Headphones,3,153.11,379.82000000000005,79.51,Debit Card
6192,2023-08-05 07:00:00,2488,Headphones,2,931.29,1814.37,48.21,PayPal
6391,2023-08-13 14:00:00,2141,Tablet,1,152.3,64.80000000000001,87.5,Credit Card
1861,2023-02-05 20:00:00,2471,Monitor,1,529.13,437.19,91.94,Cash
8271,2023-10-30 22:00:00,2990,Laptop,4,1371.55,5434.86,51.34,Credit Card
